anio,tipo_servicio,fecha_ingreso,fecha_entrega,dias_resolucion,razon_social,tipo_cliente,distrito,contacto,telefono,correo,direccion,categoria_equipo,marca,modelo,n_serie,accesorio_afectado,descripcion_falla,trabajo_realizado,mantenimiento_preventivo_adicional,observaciones,tecnico_encargado,n_cotizacion,n_informe_tecnico,moneda,monto_servicio
2022,Visita,2022-01-02,2022-01-06,4,Clínica Los Álamos SAC,Clínica,Magdalena,Coordinación,995899313,clínicalosál17@outlook.com,"Av. Las Flores 549, Magdalena",Magnetoterapia,Storz Medikal,Magnetolith,STO-5336,Teclado membrana,Falla en teclado membrana,Cambio de teclado membrana,No,Se coordinó con el cliente por retraso de repuesto importado,Coordinador Técnico,COT-2022-0122,INF-2022-0122,PEN,311.25
2022,Recepción,2022-01-08,2022-01-12,4,Mefyre - Cuerpo de Emergencias,Institución,La Molina,Recepción,928728463,mefyrecuerpo1@outlook.com,"Av. Los Próceres 1485, La Molina",Electroterapia,Biomedikal,Quadstar II,BIO-8461,N/A,Falla en placa de control por caída (equipo portátil),Reparación de placa de control + Mantenimiento preventivo anual,Sí,Sin observaciones adicionales,Coordinador Técnico,COT-2022-0026,INF-2022-0026,PEN,641.86
2022,Recepción,2022-01-09,2022-01-11,2,Federación Peruana de Voleibol,Institución (VIP),San Miguel,Administración,935808537,federaciónpe11@outlook.com,"Av. Los Próceres 193, San Miguel",Electroterapia,Emme,Therapic 9200,EMM-6567,Electrodos,Electrodos desgastados,Cambio de electrodos,No,"Equipo antiguo, se recomienda mantenimiento anual",Coordinador Técnico,COT-2022-0083,INF-2022-0083,PEN,469.51
2022,Recepción,2022-01-10,2022-01-20,10,Clínica Primavera SAC,Clínica,Miraflores,Administración,989089901,clínicaprima5@hotmail.com,"Av. Los Próceres 1654, Miraflores",Electroterapia,Biomedikal,Impulse 3000T,BIO-6016,Electrodos,Electrodos desgastados,Cambio de electrodos,No,Se coordinó con el cliente por retraso de repuesto importado,Coordinador Técnico,COT-2022-0042,INF-2022-0042,PEN,75.51
2022,Recepción,2022-01-11,2022-01-18,7,Patricia Gómez Vásquez EIRL,Consultorio independiente,Cercado de Lima,Administración,924942603,patriciagóme0@gmail.com,"Av. La Marina 663, Cercado de Lima",Electroterapia,Biomedikal,Quadstar II,BIO-4510,N/A,Falla en placa de control por caída (equipo portátil),Reparación de placa de control + Mantenimiento preventivo anual,Sí,"Cliente rechazó cambio de placa, se optó por reparación",Coordinador Técnico,COT-2022-0006,INF-2022-0006,PEN,276.43
2022,Recepción,2022-01-14,2022-01-16,2,Policlínico San Judas,Clínica,Chosica,Coordinación,988461803,policlínicos22@hotmail.com,"Av. Las Flores 917, Chosica",Ultrasonido,Carsi,Sonomed IV,CAR-7887,N/A,Falla en placa de potencia (reparable),Reparación de placa de potencia + Mantenimiento preventivo anual,Sí,"Equipo antiguo, se recomienda mantenimiento anual",Coordinador Técnico,COT-2022-0149,INF-2022-0149,PEN,365.15
2022,Recepción,2022-01-15,2022-01-18,3,Patricia Gómez Vásquez EIRL,Consultorio independiente,Cercado de Lima,Administración,924942603,patriciagóme0@gmail.com,"Av. La Marina 663, Cercado de Lima",Magnetoterapia,Storz Medikal,Magnetolith,STO-5720,Cable de aplicador,Falso contacto en cable de aplicador (bobina),Cambio de cable de aplicador + Mantenimiento preventivo anual,Sí,Se coordinó con el cliente por retraso de repuesto importado,Coordinador Técnico,COT-2022-0048,INF-2022-0048,PEN,216.74
2022,Recepción,2022-01-17,2022-01-18,1,Trauma Médika EIRL,Clínica (VIP),Comas,Recepción,948840994,traumamédika12@gmail.com,"Av. Las Torres 1874, Comas",Laser baja potencia,Carsi,Lasermed 60mW,CAR-8916,Fusible,Fusible quemado,Cambio de fusibles + Mantenimiento preventivo anual,Sí,Se coordinó con el cliente por retraso de repuesto importado,Coordinador Técnico,COT-2022-0163,INF-2022-0163,USD,477.5
2022,Recepción,2022-01-26,2022-01-31,5,Maribel Salud SAC,Clínica,San Miguel,Administración,966629388,maribelsalud2@gmail.com,"Av. Los Próceres 291, San Miguel",Electroterapia,Biomedikal,Quadstar II,BIO-2210,Electrodos,Electrodos desgastados,Cambio de electrodos + Mantenimiento preventivo anual,Sí,Sin observaciones adicionales,Coordinador Técnico,COT-2022-0064,INF-2022-0064,PEN,152.84
2022,Recepción,2022-01-27,2022-02-05,9,Instituto Peruano del Deporte - Sede Sur,Institución,La Molina,Encargado de compras,997971488,institutoper20@hotmail.com,"Av. Central 1911, La Molina",Dermatoscopios,Dermlitex,DL5,DER-9054,Botonera,Botones dañados,Cambio de botones,No,,Coordinador Técnico,COT-2022-0244,INF-2022-0244,PEN,293.68
2022,Visita,2022-01-28,2022-02-07,10,Instituto Peruano del Deporte - Sede Sur,Institución,La Molina,Encargado de compras,997971488,institutoper20@hotmail.com,"Av. Central 1911, La Molina",Electroterapia,Biomedikal,Quadstar II,BIO-3858,Cable de electrodos,Falso contacto en cable de electrodos,Cambio de cable de electrodos + Mantenimiento preventivo anual,Sí,Equipo con uso intensivo diario,Coordinador Técnico,COT-2022-0075,INF-2022-0075,PEN,655.19
2022,Visita,2022-02-01,2022-02-09,8,Fisiosalud Andina SAC,Clínica,La Molina,Recepción,928566572,fisiosaludan23@outlook.com,"Av. Central 286, La Molina",Ultrasonido,Carsi,Sonomed V,CAR-3496,Cable de aplicador US,Falso contacto en cable de aplicador,Cambio de cable de aplicador + Mantenimiento preventivo anual,Sí,Cliente solicitó revisión urgente,Coordinador Técnico,COT-2022-0035,INF-2022-0035,PEN,257.32
2022,Recepción,2022-02-02,2022-02-03,1,Maribel Salud SAC,Clínica,San Miguel,Administración,966629388,maribelsalud2@gmail.com,"Av. Los Próceres 291, San Miguel",Magnetoterapia,Emme,Magnetomed 7200,EMM-9209,Cable de aplicador,Falso contacto en cable de aplicador (bobina),Cambio de cable de aplicador + Mantenimiento preventivo anual,Sí,,Coordinador Técnico,COT-2022-0204,INF-2022-0204,PEN,267.95
2022,Visita,2022-02-09,2022-02-18,9,Clínica Primavera SAC,Clínica,Miraflores,Administración,989089901,clínicaprima5@hotmail.com,"Av. Los Próceres 1654, Miraflores",Ultrasonido,Emme,Ultrasonic 1500,EMM-3174,Cable de aplicador US,Falso contacto en cable de aplicador,Cambio de cable de aplicador,No,Cliente solicitó revisión urgente,Coordinador Técnico,COT-2022-0192,INF-2022-0192,PEN,204.05
2022,Recepción,2022-02-09,2022-02-10,1,Parroquia Nuestra Señora de Chaclacayo,Institución,San Borja,Recepción,956164955,parroquianue8@outlook.com,"Av. El Sol 1752, San Borja",Ultrasonido,Emme,Ultrasonic 1300,EMM-7581,Cable de aplicador US,Falso contacto en cable de aplicador,Cambio de cable de aplicador + Mantenimiento preventivo anual,Sí,Equipo con uso intensivo diario,Coordinador Técnico,COT-2022-0243,INF-2022-0243,PEN,220.91
2022,Recepción,2022-02-14,2022-02-19,5,Clínica Primavera SAC,Clínica,Miraflores,Administración,989089901,clínicaprima5@hotmail.com,"Av. Los Próceres 1654, Miraflores",Magnetoterapia,Meditek,Magnetherp 330 NG,MED-4978,Teclado membrana,Falla en teclado membrana,Cambio de teclado membrana + Mantenimiento preventivo anual,Sí,"Equipo antiguo, se recomienda mantenimiento anual",Coordinador Técnico,COT-2022-0156,INF-2022-0156,PEN,407.96
2022,Recepción,2022-02-14,2022-02-18,4,Maribel Salud SAC,Clínica,San Miguel,Administración,966629388,maribelsalud2@gmail.com,"Av. Los Próceres 291, San Miguel",Magnetoterapia,Meditek,Magnetherp 440,MED-9189,Cable de aplicador,Falso contacto en cable de aplicador (bobina),Cambio de cable de aplicador + Mantenimiento preventivo anual,Sí,"Cliente rechazó cambio de placa, se optó por reparación",Coordinador Técnico,COT-2022-0105,INF-2022-0105,PEN,246.64
2022,Recepción,2022-02-15,2022-02-24,9,Trauma Médika EIRL,Clínica (VIP),Comas,Recepción,948840994,traumamédika12@gmail.com,"Av. Las Torres 1874, Comas",Magnetoterapia,Storz Medikal,Magnetolith,STO-7783,Cable de aplicador,Falso contacto en cable de aplicador (bobina),Cambio de cable de aplicador,No,Sin observaciones adicionales,Practicante,COT-2022-0232,INF-2022-0232,USD,657.69
2022,Recepción,2022-02-18,2022-02-20,2,Mefyre - Cuerpo de Emergencias,Institución,La Molina,Recepción,928728463,mefyrecuerpo1@outlook.com,"Av. Los Próceres 1485, La Molina",Magnetoterapia,Emme,Magnetomed 7200,EMM-7929,N/A,Descalibración,Calibración de equipo + Mantenimiento preventivo anual,Sí,,Coordinador Técnico,COT-2022-0081,INF-2022-0081,PEN,256.37
2022,Recepción,2022-02-19,2022-02-22,3,Alfa y Omega Rehabilitación,Clínica,La Molina,Administración,977827638,alfayomegare3@outlook.com,"Av. Los Próceres 1249, La Molina",Electroterapia,Biomedikal,Biostim NMS,BIO-8962,N/A,Descalibración,Calibración de equipo,No,,Coordinador Técnico,COT-2022-0003,INF-2022-0003,PEN,175.23
2022,Recepción,2022-03-02,2022-03-03,1,Alfa y Omega Rehabilitación,Clínica,La Molina,Administración,977827638,alfayomegare3@outlook.com,"Av. Los Próceres 1249, La Molina",Magnetoterapia,Meditek,Magnetherp 330 NG,MED-2041,Teclado membrana,Falla en teclado membrana,Cambio de teclado membrana + Mantenimiento preventivo anual,Sí,Sin observaciones adicionales,Coordinador Técnico,COT-2022-0076,INF-2022-0076,PEN,231.13
2022,Visita,2022-03-02,2022-03-16,14,Mefyre - Cuerpo de Emergencias,Institución,La Molina,Recepción,928728463,mefyrecuerpo1@outlook.com,"Av. Los Próceres 1485, La Molina",Electroterapia,Emme,Therapic 9400,EMM-3758,Cable de electrodos,Falso contacto en cable de electrodos,Cambio de cable de electrodos + Mantenimiento preventivo anual,Sí,"Equipo antiguo, se recomienda mantenimiento anual",Coordinador Técnico,COT-2022-0191,INF-2022-0191,PEN,233.24
2022,Recepción,2022-03-02,2022-03-10,8,Clínica Primavera SAC,Clínica,Miraflores,Administración,989089901,clínicaprima5@hotmail.com,"Av. Los Próceres 1654, Miraflores",Electroterapia,Biomedikal,Biostim NMS,BIO-5067,Cable de electrodos,Falso contacto en cable de electrodos,Cambio de cable de electrodos + Mantenimiento preventivo anual,Sí,,Coordinador Técnico,COT-2022-0125,INF-2022-0125,PEN,199.17
2022,Recepción,2022-03-03,2022-03-07,4,Mefyre - Cuerpo de Emergencias,Institución,La Molina,Recepción,928728463,mefyrecuerpo1@outlook.com,"Av. Los Próceres 1485, La Molina",Laser baja potencia,Carsi,Lasermed 100mW,CAR-8292,Teclado membrana,Falla en teclado membrana,Cambio de teclado membrana,No,Equipo con uso intensivo diario,Practicante,COT-2022-0116,INF-2022-0116,PEN,226.85
2022,Recepción,2022-03-04,2022-03-07,3,Maribel Salud SAC,Clínica,San Miguel,Administración,966629388,maribelsalud2@gmail.com,"Av. Los Próceres 291, San Miguel",Electroterapia,Biomedikal,Impulse 3000T,BIO-3725,N/A,Falla en placa de control por caída (equipo portátil),Reparación de placa de control + Mantenimiento preventivo anual,Sí,Se coordinó con el cliente por retraso de repuesto importado,Coordinador Técnico,COT-2022-0062,INF-2022-0062,PEN,522.31
2022,Recepción,2022-03-04,2022-03-08,4,Lic. Mónica Torres Fisioterapia,Consultorio independiente,Los Olivos,Coordinación,942857966,licmónicator16@gmail.com,"Av. Central 877, Los Olivos",Magnetoterapia,Storz Medikal,Magnetolith,STO-4621,N/A,Falla en placa de potencia (reparable),Reparación de placa de potencia + Mantenimiento preventivo anual,Sí,Sin observaciones adicionales,Coordinador Técnico,COT-2022-0180,INF-2022-0180,PEN,317.41
2022,Recepción,2022-03-05,2022-03-06,1,Patricia Gómez Vásquez EIRL,Consultorio independiente,Cercado de Lima,Administración,924942603,patriciagóme0@gmail.com,"Av. La Marina 663, Cercado de Lima",Compreseros Calientes,Nacional Perú,Compresero 6 unid.,NAC-4694,N/A,Descalibración de temperatura,Calibración de temperatura,No,"Equipo antiguo, se recomienda mantenimiento anual",Coordinador Técnico,COT-2022-0120,INF-2022-0120,PEN,81.03
2022,Recepción,2022-03-05,2022-03-09,4,Universidad Nacional del Centro,Institución,San Isidro,Coordinación,947308985,universidadn13@hotmail.com,"Av. La Marina 1808, San Isidro",Magnetoterapia,Emme,Magnetomed 7200,EMM-9221,Cable de aplicador,Falso contacto en cable de aplicador (bobina),Cambio de cable de aplicador + Mantenimiento preventivo anual,Sí,"Equipo antiguo, se recomienda mantenimiento anual",Coordinador Técnico,COT-2022-0068,INF-2022-0068,PEN,613.94
2022,Recepción,2022-03-05,2022-03-13,8,Instituto Peruano del Deporte - Sede Sur,Institución,La Molina,Encargado de compras,997971488,institutoper20@hotmail.com,"Av. Central 1911, La Molina",Magnetoterapia,Meditek,Magnetherp 330 NG,MED-2052,Cable de aplicador,Falso contacto en cable de aplicador (bobina),Cambio de cable de aplicador + Mantenimiento preventivo anual,Sí,Sin observaciones adicionales,Coordinador Técnico,COT-2022-0030,INF-2022-0030,PEN,504.65
2022,Recepción,2022-03-05,2022-03-09,4,IAFAS Fuerza Aeroespacial del Perú,Institución (VIP),Ate,Coordinación,984093639,iafasfuerzaa10@hotmail.com,"Av. La Marina 1366, Ate",Electroterapia,Emme,Therapic 9400,EMM-7284,Electrodos,Electrodos desgastados,Cambio de electrodos + Mantenimiento preventivo anual,Sí,Cliente solicitó revisión urgente,Coordinador Técnico,COT-2022-0143,INF-2022-0143,PEN,943.07
2022,Recepción,2022-03-06,2022-03-11,5,Patricia Gómez Vásquez EIRL,Consultorio independiente,Cercado de Lima,Administración,924942603,patriciagóme0@gmail.com,"Av. La Marina 663, Cercado de Lima",Electroterapia,Emme,Therapic 9200,EMM-8167,N/A,Falla en placa de control por caída (equipo portátil),Reparación de placa de control + Mantenimiento preventivo anual,Sí,Equipo con uso intensivo diario,Coordinador Técnico,COT-2022-0102,INF-2022-0102,PEN,356.92
2022,Recepción,2022-03-09,2022-03-12,3,Lic. Rosa Ibarra Terapia Física,Consultorio independiente,Jesús María,Encargado de compras,924716857,licrosaibarr24@gmail.com,"Av. La Marina 427, Jesús María",Ultrasonido,Carsi,Sonomed IV,CAR-9515,N/A,Descalibración,Calibración de equipo,No,Sin observaciones adicionales,Practicante,COT-2022-0214,INF-2022-0214,PEN,76.51
2022,Recepción,2022-03-09,2022-03-11,2,Corporación de Servicios Médicos del Sur,Clínica,Chosica,Administración,966722344,corporaciónd6@hotmail.com,"Av. El Sol 418, Chosica",Electroterapia,Biomedikal,Quadstar II,BIO-4203,Cable de electrodos,Falso contacto en cable de electrodos,Cambio de cable de electrodos + Mantenimiento preventivo anual,Sí,Sin observaciones adicionales,Coordinador Técnico,COT-2022-0174,INF-2022-0174,PEN,278.23
2022,Recepción,2022-03-10,2022-03-12,2,Universidad Nacional del Centro,Institución,San Isidro,Coordinación,947308985,universidadn13@hotmail.com,"Av. La Marina 1808, San Isidro",Electroterapia,Biomedikal,Quadstar II,BIO-4335,Cable de electrodos,Falso contacto en cable de electrodos,Cambio de cable de electrodos,No,Se coordinó con el cliente por retraso de repuesto importado,Coordinador Técnico,COT-2022-0015,INF-2022-0015,PEN,288.87
2022,Recepción,2022-03-10,2022-03-14,4,Corporación de Servicios Médicos del Sur,Clínica,Chosica,Administración,966722344,corporaciónd6@hotmail.com,"Av. El Sol 418, Chosica",Compreseros Calientes,Nacional Perú,Compresero 24 unid.,NAC-9589,Termostato,Termostato dañado,Cambio de termostato,No,"Cliente rechazó cambio de placa, se optó por reparación",Coordinador Técnico,COT-2022-0246,INF-2022-0246,PEN,170.96
2022,Visita,2022-03-10,2022-03-12,2,NoPain Centro de Rehabilitación,Clínica,Comas,Recepción,955176955,nopaincentro7@gmail.com,"Av. Los Próceres 878, Comas",Electroterapia,Emme,Therapic 9200,EMM-3762,Cable de electrodos,Falso contacto en cable de electrodos,Cambio de cable de electrodos,No,"Cliente rechazó cambio de placa, se optó por reparación",Coordinador Técnico,COT-2022-0121,INF-2022-0121,PEN,130.77
2022,Visita,2022-03-11,2022-03-16,5,Clínica Los Álamos SAC,Clínica,Magdalena,Coordinación,995899313,clínicalosál17@outlook.com,"Av. Las Flores 549, Magdalena",Magnetoterapia,Emme,Magnetomed 8400,EMM-9476,Carcasa de bobina,Rotura de carcasa de bobina plana (orejas de correa),Cambio de carcasa de accesorio,No,"Equipo antiguo, se recomienda mantenimiento anual",Coordinador Técnico,COT-2022-0119,INF-2022-0119,PEN,147.81
2022,Recepción,2022-03-12,2022-03-21,9,Maribel Salud SAC,Clínica,San Miguel,Administración,966629388,maribelsalud2@gmail.com,"Av. Los Próceres 291, San Miguel",Laser baja potencia,Carsi,Lasermed 60mW,CAR-3258,Teclado membrana,Falla en teclado membrana,Cambio de teclado membrana + Mantenimiento preventivo anual,Sí,"Cliente rechazó cambio de placa, se optó por reparación",Coordinador Técnico,COT-2022-0186,INF-2022-0186,PEN,322.68
2022,Recepción,2022-03-12,2022-03-17,5,Clínica Primavera SAC,Clínica,Miraflores,Administración,989089901,clínicaprima5@hotmail.com,"Av. Los Próceres 1654, Miraflores",Magnetoterapia,Emme,Magnetomed 7200,EMM-1845,N/A,Descalibración,Calibración de equipo + Mantenimiento preventivo anual,Sí,Cliente solicitó revisión urgente,Coordinador Técnico,COT-2022-0054,INF-2022-0054,PEN,252.17
2022,Recepción,2022-03-14,2022-03-19,5,Seguro Social de Salud,Institución (VIP),Chosica,Encargado de compras,971662963,segurosocial9@outlook.com,"Av. Los Próceres 1988, Chosica",Magnetoterapia,Storz Medikal,Magnetolith,STO-4559,Cable de aplicador,Falso contacto en cable de aplicador (bobina),Cambio de cable de aplicador,No,Equipo con uso intensivo diario,Coordinador Técnico,COT-2022-0200,INF-2022-0200,PEN,1043.57
2022,Recepción,2022-03-14,2022-03-16,2,Mefyre - Cuerpo de Emergencias,Institución,La Molina,Recepción,928728463,mefyrecuerpo1@outlook.com,"Av. Los Próceres 1485, La Molina",Camilla de Tracción,Everyway,ET-800,EVE-1887,N/A,Falla mecánica del sistema interno por mal uso,Reparación de sistema interno,No,Se coordinó con el cliente por retraso de repuesto importado,Coordinador Técnico,COT-2022-0007,INF-2022-0007,PEN,338.57
2022,Recepción,2022-03-15,2022-03-22,7,Patricia Gómez Vásquez EIRL,Consultorio independiente,Cercado de Lima,Administración,924942603,patriciagóme0@gmail.com,"Av. La Marina 663, Cercado de Lima",Ultrasonido,Carsi,Sonomed IV,CAR-8242,Cable de aplicador US,Falso contacto en cable de aplicador,Cambio de cable de aplicador,No,Sin observaciones adicionales,Coordinador Técnico,COT-2022-0085,INF-2022-0085,PEN,143.55
2022,Visita,2022-03-18,2022-03-22,4,Lic. Mónica Torres Fisioterapia,Consultorio independiente,Los Olivos,Coordinación,942857966,licmónicator16@gmail.com,"Av. Central 877, Los Olivos",Ultrasonido,Carsi,Sonomed V,CAR-5525,Cable de aplicador US,Falso contacto en cable de aplicador,Cambio de cable de aplicador,No,"Cliente rechazó cambio de placa, se optó por reparación",Coordinador Técnico,COT-2022-0241,INF-2022-0241,PEN,103.38
2022,Recepción,2022-03-18,2022-03-24,6,Patricia Gómez Vásquez EIRL,Consultorio independiente,Cercado de Lima,Administración,924942603,patriciagóme0@gmail.com,"Av. La Marina 663, Cercado de Lima",Laser baja potencia,Carsi,Lasermed 100mW,CAR-5563,Teclado membrana,Falla en teclado membrana,Cambio de teclado membrana,No,Sin observaciones adicionales,Coordinador Técnico,COT-2022-0008,INF-2022-0008,PEN,181.01
2022,Recepción,2022-03-19,2022-03-21,2,Clínica Bienestar Total EIRL,Clínica,San Juan de Lurigancho,Coordinación,945551614,clínicabiene21@gmail.com,"Av. Las Torres 1625, San Juan de Lurigancho",Magnetoterapia,Meditek,Magnetherp 330,MED-2494,Carcasa de bobina,Rotura de carcasa de bobina plana (orejas de correa),Cambio de carcasa de accesorio,No,Sin observaciones adicionales,Coordinador Técnico,COT-2022-0052,INF-2022-0052,PEN,129.23
2022,Recepción,2022-03-21,2022-03-24,3,Fisiosalud Andina SAC,Clínica,La Molina,Recepción,928566572,fisiosaludan23@outlook.com,"Av. Central 286, La Molina",Dermatoscopios,Dermlitex,Lumio,DER-3621,Lente,Mantenimiento por limpieza de lente,Limpieza y mantenimiento de lente,No,Equipo con uso intensivo diario,Coordinador Técnico,COT-2022-0113,INF-2022-0113,PEN,75.94
2022,Recepción,2022-03-23,2022-03-26,3,Mefyre - Cuerpo de Emergencias,Institución,La Molina,Recepción,928728463,mefyrecuerpo1@outlook.com,"Av. Los Próceres 1485, La Molina",Camilla de Tracción,Everyway,ET-800,EVE-5612,N/A,Descalibración de fuerza de tracción,Calibración de fuerza de tracción + Mantenimiento preventivo anual,Sí,"Equipo antiguo, se recomienda mantenimiento anual",Coordinador Técnico,COT-2022-0235,INF-2022-0235,PEN,270.95
2022,Recepción,2022-03-23,2022-03-27,4,NoPain Centro de Rehabilitación,Clínica,Comas,Recepción,955176955,nopaincentro7@gmail.com,"Av. Los Próceres 878, Comas",Magnetoterapia,Emme,Magnetomed 8400,EMM-6632,Cable de aplicador,Falso contacto en cable de aplicador (bobina),Cambio de cable de aplicador,No,,Coordinador Técnico,COT-2022-0238,INF-2022-0238,PEN,162.09
2022,Visita,2022-03-24,2022-03-27,3,IAFAS Fuerza Aeroespacial del Perú,Institución (VIP),Ate,Coordinación,984093639,iafasfuerzaa10@hotmail.com,"Av. La Marina 1366, Ate",Magnetoterapia,Meditek,Magnetherp 330 NG,MED-1201,N/A,Descalibración,Calibración de equipo,No,Cliente solicitó revisión urgente,Coordinador Técnico,COT-2022-0209,INF-2022-0209,PEN,678.97
2022,Recepción,2022-03-24,2022-03-29,5,Maribel Salud SAC,Clínica,San Miguel,Administración,966629388,maribelsalud2@gmail.com,"Av. Los Próceres 291, San Miguel",Magnetoterapia,Meditek,Magnetherp 330 NG,MED-2929,Cable de aplicador,Falso contacto en cable de aplicador (bobina),Cambio de cable de aplicador,No,"Equipo antiguo, se recomienda mantenimiento anual",Coordinador Técnico,COT-2022-0115,INF-2022-0115,PEN,110.09
2022,Recepción,2022-03-25,2022-03-30,5,Patricia Gómez Vásquez EIRL,Consultorio independiente,Cercado de Lima,Administración,924942603,patriciagóme0@gmail.com,"Av. La Marina 663, Cercado de Lima",Ultrasonido,Emme,Ultrasonic 1300,EMM-8365,Cable de aplicador US,Falso contacto en cable de aplicador,Cambio de cable de aplicador + Mantenimiento preventivo anual,Sí,Sin observaciones adicionales,Coordinador Técnico,COT-2022-0216,INF-2022-0216,PEN,207.16
2022,Recepción,2022-03-25,2022-03-28,3,Parroquia Nuestra Señora de Chaclacayo,Institución,San Borja,Recepción,956164955,parroquianue8@outlook.com,"Av. El Sol 1752, San Borja",Electroterapia,Biomedikal,Impulse 3000T,BIO-9689,Cable de electrodos,Falso contacto en cable de electrodos,Cambio de cable de electrodos,No,Equipo con uso intensivo diario,Practicante,COT-2022-0002,INF-2022-0002,PEN,94.09
2022,Recepción,2022-03-25,2022-04-01,7,Federación Peruana de Voleibol,Institución (VIP),San Miguel,Administración,935808537,federaciónpe11@outlook.com,"Av. Los Próceres 193, San Miguel",Electroterapia,Biomedikal,Biostim NMS,BIO-9796,Electrodos,Electrodos desgastados,Cambio de electrodos + Mantenimiento preventivo anual,Sí,Cliente solicitó revisión urgente,Coordinador Técnico,COT-2022-0184,INF-2022-0184,PEN,933.2
2022,Recepción,2022-03-26,2022-03-30,4,Centro de Rehabilitación Vitalis,Clínica,Jesús María,Coordinación,917507864,centrodereha18@gmail.com,"Av. Los Próceres 1748, Jesús María",Magnetoterapia,Emme,Magnetomed 7200,EMM-1660,Carcasa de bobina,Rotura de carcasa de bobina plana (orejas de correa),Cambio de carcasa de accesorio + Mantenimiento preventivo anual,Sí,Cliente solicitó revisión urgente,Coordinador Técnico,COT-2022-0217,INF-2022-0217,PEN,235.2
2022,Recepción,2022-03-26,2022-03-27,1,Corporación de Servicios Médicos del Sur,Clínica,Chosica,Administración,966722344,corporaciónd6@hotmail.com,"Av. El Sol 418, Chosica",Laser baja potencia,Carsi,Lasermed 60mW,CAR-2083,Cánula láser,Falso contacto en cable de cánula láser,Cambio de cable de cánula láser + Mantenimiento preventivo anual,Sí,"Equipo antiguo, se recomienda mantenimiento anual",Coordinador Técnico,COT-2022-0205,INF-2022-0205,PEN,206.7
2022,Recepción,2022-03-26,2022-03-31,5,NoPain Centro de Rehabilitación,Clínica,Comas,Recepción,955176955,nopaincentro7@gmail.com,"Av. Los Próceres 878, Comas",Ultrasonido,Carsi,Sonomed V,CAR-6063,N/A,Falla en placa de control (reparable),Reparación de placa de control,No,Cliente solicitó revisión urgente,Coordinador Técnico,COT-2022-0226,INF-2022-0226,PEN,463.04
2022,Recepción,2022-03-27,2022-03-30,3,Carlos Alberto Santos,Paciente / equipo propio,Chosica,Administración,997226012,carlosalbert4@outlook.com,"Av. Las Flores 959, Chosica",Electroterapia,Biomedikal,Biostim NMS,BIO-9666,N/A,Descalibración,Calibración de equipo,No,Equipo con uso intensivo diario,Coordinador Técnico,COT-2022-0014,INF-2022-0014,PEN,92.59
2022,Recepción,2022-03-28,2022-04-02,5,Patricia Gómez Vásquez EIRL,Consultorio independiente,Cercado de Lima,Administración,924942603,patriciagóme0@gmail.com,"Av. La Marina 663, Cercado de Lima",Electroterapia,Biomedikal,Biostim NMS,BIO-8692,Cable de electrodos,Falso contacto en cable de electrodos,Cambio de cable de electrodos,No,,Coordinador Técnico,COT-2022-0060,INF-2022-0060,PEN,119.14
2022,Visita,2022-03-28,2022-03-29,1,Centro de Rehabilitación Vitalis,Clínica,Jesús María,Coordinación,917507864,centrodereha18@gmail.com,"Av. Los Próceres 1748, Jesús María",Ultrasonido,Emme,Ultrasonic 1300,EMM-9802,Cable de aplicador US,Falso contacto en cable de aplicador,Cambio de cable de aplicador,No,Sin observaciones adicionales,Coordinador Técnico,COT-2022-0150,INF-2022-0150,PEN,127.56
2022,Recepción,2022-03-30,2022-04-03,4,Lic. Jorge Injante Terapia Física,Consultorio independiente,San Isidro,Coordinación,945935572,licjorgeinja19@gmail.com,"Av. Las Torres 1970, San Isidro",Laser baja potencia,Carsi,Lasermed 60mW,CAR-4052,N/A,Falla en placa de potencia (reparable),Reparación de placa de potencia + Mantenimiento preventivo anual,Sí,Se coordinó con el cliente por retraso de repuesto importado,Coordinador Técnico,COT-2022-0140,INF-2022-0140,PEN,281.26
2022,Recepción,2022-03-30,2022-04-07,8,Instituto Peruano del Deporte - Sede Sur,Institución,La Molina,Encargado de compras,997971488,institutoper20@hotmail.com,"Av. Central 1911, La Molina",Magnetoterapia,Emme,Magnetomed 8400,EMM-5902,Carcasa de bobina,Rotura de carcasa de bobina plana (orejas de correa),Cambio de carcasa de accesorio + Mantenimiento preventivo anual,Sí,"Cliente rechazó cambio de placa, se optó por reparación",Practicante,COT-2022-0130,INF-2022-0130,PEN,472.84
2022,Recepción,2022-03-31,2022-04-10,10,Mefyre - Cuerpo de Emergencias,Institución,La Molina,Recepción,928728463,mefyrecuerpo1@outlook.com,"Av. Los Próceres 1485, La Molina",Magnetoterapia,Meditek,Magnetherp 200,MED-8909,Cable de aplicador,Falso contacto en cable de aplicador (bobina),Cambio de cable de aplicador,No,Se coordinó con el cliente por retraso de repuesto importado,Coordinador Técnico,COT-2022-0234,INF-2022-0234,PEN,207.77
2022,Visita,2022-04-01,2022-04-03,2,IAFAS Fuerza Aeroespacial del Perú,Institución (VIP),Ate,Coordinación,984093639,iafasfuerzaa10@hotmail.com,"Av. La Marina 1366, Ate",Ultrasonido,Emme,Ultrasonic 1300,EMM-4570,N/A,Descalibración,Calibración de equipo,No,"Cliente rechazó cambio de placa, se optó por reparación",Coordinador Técnico,COT-2022-0148,INF-2022-0148,PEN,628.18
2022,Recepción,2022-04-01,2022-04-08,7,Federación Peruana de Voleibol,Institución (VIP),San Miguel,Administración,935808537,federaciónpe11@outlook.com,"Av. Los Próceres 193, San Miguel",Electroterapia,Emme,Therapic 9400,EMM-4954,Cable de electrodos,Falso contacto en cable de electrodos,Cambio de cable de electrodos,No,Se coordinó con el cliente por retraso de repuesto importado,Coordinador Técnico,COT-2022-0041,INF-2022-0041,PEN,586.93
2022,Recepción,2022-04-04,2022-04-10,6,Patricia Gómez Vásquez EIRL,Consultorio independiente,Cercado de Lima,Administración,924942603,patriciagóme0@gmail.com,"Av. La Marina 663, Cercado de Lima",Compreseros Calientes,Nacional Perú,Compresero 24 unid.,NAC-1436,Resistencia,Resistencia dañada,Cambio de resistencia + Mantenimiento preventivo anual,Sí,"Cliente rechazó cambio de placa, se optó por reparación",Coordinador Técnico,COT-2022-0131,INF-2022-0131,PEN,218.57
2022,Recepción,2022-04-04,2022-04-06,2,Maribel Salud SAC,Clínica,San Miguel,Administración,966629388,maribelsalud2@gmail.com,"Av. Los Próceres 291, San Miguel",Laser baja potencia,Carsi,Lasermed 60mW,CAR-2647,Cánula láser,Falso contacto en cable de cánula láser,Cambio de cable de cánula láser,No,Se coordinó con el cliente por retraso de repuesto importado,Coordinador Técnico,COT-2022-0138,INF-2022-0138,PEN,139.92
2022,Recepción,2022-04-04,2022-04-06,2,Centro de Rehabilitación Vitalis,Clínica,Jesús María,Coordinación,917507864,centrodereha18@gmail.com,"Av. Los Próceres 1748, Jesús María",Laser baja potencia,Carsi,Lasermed 100mW,CAR-7553,N/A,Descalibración,Calibración de equipo,No,Se coordinó con el cliente por retraso de repuesto importado,Coordinador Técnico,COT-2022-0110,INF-2022-0110,PEN,161.94
2022,Recepción,2022-04-05,2022-04-08,3,Carlos Alberto Santos,Paciente / equipo propio,Chosica,Administración,997226012,carlosalbert4@outlook.com,"Av. Las Flores 959, Chosica",Electroterapia,Emme,Therapic 9200,EMM-7121,Electrodos,Electrodos desgastados,Cambio de electrodos,No,Sin observaciones adicionales,Coordinador Técnico,COT-2022-0145,INF-2022-0145,PEN,56.08
2022,Recepción,2022-04-05,2022-04-07,2,Maribel Salud SAC,Clínica,San Miguel,Administración,966629388,maribelsalud2@gmail.com,"Av. Los Próceres 291, San Miguel",Laser baja potencia,Carsi,Lasermed 100mW,CAR-8851,Teclado membrana,Falla en teclado membrana,Cambio de teclado membrana + Mantenimiento preventivo anual,Sí,"Cliente rechazó cambio de placa, se optó por reparación",Coordinador Técnico,COT-2022-0178,INF-2022-0178,PEN,341.04
2022,Recepción,2022-04-05,2022-04-20,15,Patricia Gómez Vásquez EIRL,Consultorio independiente,Cercado de Lima,Administración,924942603,patriciagóme0@gmail.com,"Av. La Marina 663, Cercado de Lima",Magnetoterapia,Emme,Magnetomed 8400,EMM-9614,Cable de aplicador,Falso contacto en cable de aplicador (bobina),Cambio de cable de aplicador,No,Cliente solicitó revisión urgente,Coordinador Técnico,COT-2022-0222,INF-2022-0222,PEN,120.25
2022,Visita,2022-04-06,2022-04-08,2,Maribel Salud SAC,Clínica,San Miguel,Administración,966629388,maribelsalud2@gmail.com,"Av. Los Próceres 291, San Miguel",Masoterapia,Genérico,Equipo de masoterapia,GEN-6922,N/A,Caso particular / falla no recurrente,Reparación según diagnóstico particular + Mantenimiento preventivo anual,Sí,"Cliente rechazó cambio de placa, se optó por reparación",Coordinador Técnico,COT-2022-0117,INF-2022-0117,PEN,463.3
2022,Recepción,2022-04-08,2022-04-12,4,Seguro Social de Salud,Institución (VIP),Chosica,Encargado de compras,971662963,segurosocial9@outlook.com,"Av. Los Próceres 1988, Chosica",Electroterapia,Biomedikal,Biostim NMS,BIO-2195,N/A,Descalibración,Calibración de equipo + Mantenimiento preventivo anual,Sí,Se coordinó con el cliente por retraso de repuesto importado,Coordinador Técnico,COT-2022-0123,INF-2022-0123,PEN,1689.41
2022,Visita,2022-04-08,2022-04-11,3,Corporación de Servicios Médicos del Sur,Clínica,Chosica,Administración,966722344,corporaciónd6@hotmail.com,"Av. El Sol 418, Chosica",Electroterapia,Emme,Therapic 9400,EMM-9540,N/A,Descalibración,Calibración de equipo,No,Sin observaciones adicionales,Coordinador Técnico,COT-2022-0029,INF-2022-0029,PEN,183.99
2022,Recepción,2022-04-08,2022-04-15,7,Fisioterapia San Rafael,Consultorio independiente,Chosica,Administración,996977837,fisioterapia15@gmail.com,"Av. Las Flores 1400, Chosica",Ultrasonido,Carsi,Sonomed V,CAR-8684,N/A,Descalibración,Calibración de equipo,No,,Coordinador Técnico,COT-2022-0100,INF-2022-0100,PEN,104.76
2022,Recepción,2022-04-09,2022-04-13,4,Alfa y Omega Rehabilitación,Clínica,La Molina,Administración,977827638,alfayomegare3@outlook.com,"Av. Los Próceres 1249, La Molina",Magnetoterapia,Emme,Magnetomed 8400,EMM-8770,Cable de aplicador,Falso contacto en cable de aplicador (bobina),Cambio de cable de aplicador,No,Equipo con uso intensivo diario,Coordinador Técnico,COT-2022-0080,INF-2022-0080,PEN,130.42
2022,Recepción,2022-04-10,2022-04-11,1,Lic. Rosa Ibarra Terapia Física,Consultorio independiente,Jesús María,Encargado de compras,924716857,licrosaibarr24@gmail.com,"Av. La Marina 427, Jesús María",Compresero Frío,Nacional Perú,Compresero frío 12 unid.,NAC-9011,N/A,Mantenimiento preventivo (sin falla registrada),Mantenimiento preventivo general,No,"Equipo antiguo, se recomienda mantenimiento anual",Coordinador Técnico,COT-2022-0135,INF-2022-0135,PEN,95.47
2022,Recepción,2022-04-10,2022-04-16,6,Lic. Jorge Injante Terapia Física,Consultorio independiente,San Isidro,Coordinación,945935572,licjorgeinja19@gmail.com,"Av. Las Torres 1970, San Isidro",Camilla de Tracción,Everyway,ET-800,EVE-9897,N/A,Descalibración de fuerza de tracción,Calibración de fuerza de tracción,No,Sin observaciones adicionales,Practicante,COT-2022-0109,INF-2022-0109,PEN,106.08
2022,Visita,2022-04-10,2022-04-19,9,IAFAS Fuerza Aeroespacial del Perú,Institución (VIP),Ate,Coordinación,984093639,iafasfuerzaa10@hotmail.com,"Av. La Marina 1366, Ate",Electroterapia,Emme,Therapic 9200,EMM-3869,Cable de electrodos,Falso contacto en cable de electrodos,Cambio de cable de electrodos + Mantenimiento preventivo anual,Sí,Se coordinó con el cliente por retraso de repuesto importado,Coordinador Técnico,COT-2022-0154,INF-2022-0154,PEN,936.75
2022,Recepción,2022-04-10,2022-04-16,6,Federación Peruana de Voleibol,Institución (VIP),San Miguel,Administración,935808537,federaciónpe11@outlook.com,"Av. Los Próceres 193, San Miguel",Magnetoterapia,Emme,Magnetomed 8400,EMM-6620,Carcasa de bobina,Rotura de carcasa de bobina plana (orejas de correa),Cambio de carcasa de accesorio + Mantenimiento preventivo anual,Sí,Se coordinó con el cliente por retraso de repuesto importado,Coordinador Técnico,COT-2022-0182,INF-2022-0182,PEN,845.67
2022,Visita,2022-04-11,2022-04-24,13,Universidad Nacional del Centro,Institución,San Isidro,Coordinación,947308985,universidadn13@hotmail.com,"Av. La Marina 1808, San Isidro",Magnetoterapia,Storz Medikal,Magnetolith,STO-6500,Cable de poder,Falla en cable de poder,Cambio de cable de poder + Mantenimiento preventivo anual,Sí,Sin observaciones adicionales,Coordinador Técnico,COT-2022-0231,INF-2022-0231,PEN,409.74
2022,Visita,2022-04-11,2022-04-21,10,IAFAS Fuerza Aeroespacial del Perú,Institución (VIP),Ate,Coordinación,984093639,iafasfuerzaa10@hotmail.com,"Av. La Marina 1366, Ate",Magnetoterapia,Storz Medikal,Magnetolith,STO-2638,Cable de aplicador,Falso contacto en cable de aplicador (bobina),Cambio de cable de aplicador + Mantenimiento preventivo anual,Sí,Equipo con uso intensivo diario,Coordinador Técnico,COT-2022-0013,INF-2022-0013,PEN,1474.32
2022,Visita,2022-04-12,2022-04-18,6,Lic. Mónica Torres Fisioterapia,Consultorio independiente,Los Olivos,Coordinación,942857966,licmónicator16@gmail.com,"Av. Central 877, Los Olivos",Laser baja potencia,Carsi,Lasermed 60mW,CAR-9193,N/A,Falla en placa de control (reparable),Reparación de placa de control + Mantenimiento preventivo anual,Sí,Equipo con uso intensivo diario,Coordinador Técnico,COT-2022-0129,INF-2022-0129,PEN,383.9
2022,Recepción,2022-04-12,2022-04-28,16,Clínica Bienestar Total EIRL,Clínica,San Juan de Lurigancho,Coordinación,945551614,clínicabiene21@gmail.com,"Av. Las Torres 1625, San Juan de Lurigancho",Bicicleta Estacionaria,Ergolines,Ergoselect 150P,ERG-5331,N/A,Armado / instalación inicial,Armado e instalación + Mantenimiento preventivo anual,Sí,"Cliente rechazó cambio de placa, se optó por reparación",Coordinador Técnico,COT-2022-0134,INF-2022-0134,PEN,397.23
2022,Visita,2022-04-13,2022-04-18,5,Clínica Primavera SAC,Clínica,Miraflores,Administración,989089901,clínicaprima5@hotmail.com,"Av. Los Próceres 1654, Miraflores",Lampara Infrarroja,Genérico,Lámpara infrarroja,GEN-7248,N/A,Mantenimiento preventivo (sin falla registrada),Mantenimiento preventivo general,No,"Cliente rechazó cambio de placa, se optó por reparación",Coordinador Técnico,COT-2022-0065,INF-2022-0065,PEN,148.27
2022,Recepción,2022-04-13,2022-04-20,7,Lic. Rosa Ibarra Terapia Física,Consultorio independiente,Jesús María,Encargado de compras,924716857,licrosaibarr24@gmail.com,"Av. La Marina 427, Jesús María",Magnetoterapia,Meditek,Magnetherp 330 NG,MED-8501,N/A,Descalibración,Calibración de equipo + Mantenimiento preventivo anual,Sí,"Cliente rechazó cambio de placa, se optó por reparación",Coordinador Técnico,COT-2022-0185,INF-2022-0185,PEN,179.45
2022,Recepción,2022-04-14,2022-04-19,5,Parroquia Nuestra Señora de Chaclacayo,Institución,San Borja,Recepción,956164955,parroquianue8@outlook.com,"Av. El Sol 1752, San Borja",Electroterapia,Biomedikal,Impulse 3000T,BIO-6908,Cable de electrodos,Falso contacto en cable de electrodos,Cambio de cable de electrodos + Mantenimiento preventivo anual,Sí,Equipo con uso intensivo diario,Coordinador Técnico,COT-2022-0106,INF-2022-0106,PEN,186.26
2022,Recepción,2022-04-14,2022-04-20,6,IAFAS Fuerza Aeroespacial del Perú,Institución (VIP),Ate,Coordinación,984093639,iafasfuerzaa10@hotmail.com,"Av. La Marina 1366, Ate",Magnetoterapia,Storz Medikal,Magnetolith,STO-1145,Teclado membrana,Falla en teclado membrana,Cambio de teclado membrana,No,Sin observaciones adicionales,Practicante,COT-2022-0249,INF-2022-0249,PEN,1067.66
2022,Recepción,2022-04-14,2022-04-16,2,Fisioterapia San Rafael,Consultorio independiente,Chosica,Administración,996977837,fisioterapia15@gmail.com,"Av. Las Flores 1400, Chosica",Electroterapia,Biomedikal,Biostim NMS,BIO-4012,Teclado,Falla en teclado / perillas,Cambio de teclado o perillas,No,,Coordinador Técnico,COT-2022-0155,INF-2022-0155,PEN,119.19
2022,Visita,2022-04-15,2022-04-16,1,Alfa y Omega Rehabilitación,Clínica,La Molina,Administración,977827638,alfayomegare3@outlook.com,"Av. Los Próceres 1249, La Molina",Ultrasonido,Carsi,Sonomed IV,CAR-9401,Cable de aplicador US,Falso contacto en cable de aplicador,Cambio de cable de aplicador + Mantenimiento preventivo anual,Sí,Sin observaciones adicionales,Coordinador Técnico,COT-2022-0159,INF-2022-0159,PEN,221.03
2022,Visita,2022-04-15,2022-04-17,2,Clínica Bienestar Total EIRL,Clínica,San Juan de Lurigancho,Coordinación,945551614,clínicabiene21@gmail.com,"Av. Las Torres 1625, San Juan de Lurigancho",Ondas de Choque Radial,Ztorz Medikal,Masterpuls MP200,ZTO-9092,Aplicador,Aplicador superó límite de disparos,Cambio de aplicador por límite de disparos,No,Cliente solicitó revisión urgente,Coordinador Técnico,COT-2022-0141,INF-2022-0141,PEN,4170.57
2022,Recepción,2022-04-15,2022-04-20,5,Alfa y Omega Rehabilitación,Clínica,La Molina,Administración,977827638,alfayomegare3@outlook.com,"Av. Los Próceres 1249, La Molina",Bicicleta Estacionaria,Xterra,7.0R,XTE-6759,N/A,Armado / instalación inicial,Armado e instalación + Mantenimiento preventivo anual,Sí,Sin observaciones adicionales,Coordinador Técnico,COT-2022-0112,INF-2022-0112,PEN,320.48
2022,Recepción,2022-04-15,2022-04-19,4,Mefyre - Cuerpo de Emergencias,Institución,La Molina,Recepción,928728463,mefyrecuerpo1@outlook.com,"Av. Los Próceres 1485, La Molina",Magnetoterapia,Storz Medikal,Magnetolith,STO-8939,Carcasa de bobina,Rotura de carcasa de bobina plana (orejas de correa),Cambio de carcasa de accesorio + Mantenimiento preventivo anual,Sí,Cliente solicitó revisión urgente,Practicante,COT-2022-0187,INF-2022-0187,PEN,257.68
2022,Visita,2022-04-15,2022-04-18,3,Lic. Jorge Injante Terapia Física,Consultorio independiente,San Isidro,Coordinación,945935572,licjorgeinja19@gmail.com,"Av. Las Torres 1970, San Isidro",Electroterapia,Emme,Therapic 9200,EMM-9098,N/A,Falla en placa de control (equipo grande),Reparación de placa de control + Mantenimiento preventivo anual,Sí,,Coordinador Técnico,COT-2022-0040,INF-2022-0040,PEN,364.73
2022,Recepción,2022-04-17,2022-04-19,2,Centro Médico El Progreso,Clínica,San Miguel,Encargado de compras,918526544,centromédico25@hotmail.com,"Av. Central 1320, San Miguel",Ultrasonido,Emme,Ultrasonic 1500,EMM-3274,Teclado membrana,Falla en teclado membrana,Cambio de teclado membrana,No,"Equipo antiguo, se recomienda mantenimiento anual",Coordinador Técnico,COT-2022-0173,INF-2022-0173,PEN,178.83
2022,Visita,2022-04-17,2022-04-20,3,Patricia Gómez Vásquez EIRL,Consultorio independiente,Cercado de Lima,Administración,924942603,patriciagóme0@gmail.com,"Av. La Marina 663, Cercado de Lima",Ultrasonido,Carsi,Sonomed V,CAR-2129,Cable de aplicador US,Falso contacto en cable de aplicador,Cambio de cable de aplicador,No,Sin observaciones adicionales,Practicante,COT-2022-0211,INF-2022-0211,PEN,174.22
2022,Recepción,2022-04-18,2022-04-20,2,Alfa y Omega Rehabilitación,Clínica,La Molina,Administración,977827638,alfayomegare3@outlook.com,"Av. Los Próceres 1249, La Molina",Electroterapia,Biomedikal,Biostim NMS,BIO-6631,N/A,Falla en placa de control (equipo grande),Reparación de placa de control + Mantenimiento preventivo anual,Sí,Se coordinó con el cliente por retraso de repuesto importado,Coordinador Técnico,COT-2022-0195,INF-2022-0195,PEN,465.61
2022,Visita,2022-04-19,2022-04-23,4,Instituto Peruano del Deporte - Sede Sur,Institución,La Molina,Encargado de compras,997971488,institutoper20@hotmail.com,"Av. Central 1911, La Molina",Magnetoterapia,Emme,Magnetomed 7200,EMM-2625,N/A,Descalibración,Calibración de equipo + Mantenimiento preventivo anual,Sí,,Coordinador Técnico,COT-2022-0047,INF-2022-0047,PEN,610.12
2022,Visita,2022-04-21,2022-04-23,2,Fisioterapia San Rafael,Consultorio independiente,Chosica,Administración,996977837,fisioterapia15@gmail.com,"Av. Las Flores 1400, Chosica",Magnetoterapia,Meditek,Magnetherp 440,MED-5668,Cable de aplicador,Falso contacto en cable de aplicador (bobina),Cambio de cable de aplicador + Mantenimiento preventivo anual,Sí,,Coordinador Técnico,COT-2022-0201,INF-2022-0201,PEN,162.65
2022,Recepción,2022-04-22,2022-04-29,7,Mefyre - Cuerpo de Emergencias,Institución,La Molina,Recepción,928728463,mefyrecuerpo1@outlook.com,"Av. Los Próceres 1485, La Molina",Laser baja potencia,Carsi,Lasermed 100mW,CAR-2192,Cánula láser,Falso contacto en cable de cánula láser,Cambio de cable de cánula láser,No,Cliente solicitó revisión urgente,Coordinador Técnico,COT-2022-0157,INF-2022-0157,PEN,176.55
2022,Recepción,2022-04-22,2022-04-24,2,Patricia Gómez Vásquez EIRL,Consultorio independiente,Cercado de Lima,Administración,924942603,patriciagóme0@gmail.com,"Av. La Marina 663, Cercado de Lima",Ultrasonido,Carsi,Sonomed V,CAR-1339,Teclado membrana,Falla en teclado membrana,Cambio de teclado membrana,No,,Coordinador Técnico,COT-2022-0051,INF-2022-0051,PEN,233.69
2022,Recepción,2022-04-22,2022-05-01,9,Clínica Primavera SAC,Clínica,Miraflores,Administración,989089901,clínicaprima5@hotmail.com,"Av. Los Próceres 1654, Miraflores",Magnetoterapia,Storz Medikal,Magnetolith,STO-4390,Cable de aplicador,Falso contacto en cable de aplicador (bobina),Cambio de cable de aplicador + Mantenimiento preventivo anual,Sí,Cliente solicitó revisión urgente,Coordinador Técnico,COT-2022-0236,INF-2022-0236,PEN,263.83
2022,Recepción,2022-04-23,2022-04-30,7,Lic. Rosa Ibarra Terapia Física,Consultorio independiente,Jesús María,Encargado de compras,924716857,licrosaibarr24@gmail.com,"Av. La Marina 427, Jesús María",Camilla de Tracción,Everyway,ET-800,EVE-4971,N/A,Descalibración de fuerza de tracción,Calibración de fuerza de tracción,No,"Equipo antiguo, se recomienda mantenimiento anual",Practicante,COT-2022-0176,INF-2022-0176,PEN,114.3
2022,Recepción,2022-04-24,2022-05-05,11,Fisioterapia San Rafael,Consultorio independiente,Chosica,Administración,996977837,fisioterapia15@gmail.com,"Av. Las Flores 1400, Chosica",Magnetoterapia,Meditek,Magnetherp 330,MED-4079,Cable de aplicador,Falso contacto en cable de aplicador (bobina),Cambio de cable de aplicador,No,Sin observaciones adicionales,Coordinador Técnico,COT-2022-0245,INF-2022-0245,PEN,120.01
2022,Recepción,2022-04-25,2022-05-01,6,Mefyre - Cuerpo de Emergencias,Institución,La Molina,Recepción,928728463,mefyrecuerpo1@outlook.com,"Av. Los Próceres 1485, La Molina",Magnetoterapia,Emme,Magnetomed 7200,EMM-7906,Cable de aplicador,Falso contacto en cable de aplicador (bobina),Cambio de cable de aplicador + Mantenimiento preventivo anual,Sí,"Equipo antiguo, se recomienda mantenimiento anual",Practicante,COT-2022-0034,INF-2022-0034,PEN,282.25
2022,Visita,2022-04-25,2022-04-28,3,Corporación de Servicios Médicos del Sur,Clínica,Chosica,Administración,966722344,corporaciónd6@hotmail.com,"Av. El Sol 418, Chosica",Ultrasonido,Emme,Ultrasonic 1300,EMM-4090,Fusible,Fusible quemado,Cambio de fusibles + Mantenimiento preventivo anual,Sí,Se coordinó con el cliente por retraso de repuesto importado,Coordinador Técnico,COT-2022-0058,INF-2022-0058,PEN,164.49
2022,Visita,2022-04-26,2022-05-01,5,Carlos Alberto Santos,Paciente / equipo propio,Chosica,Administración,997226012,carlosalbert4@outlook.com,"Av. Las Flores 959, Chosica",Laser baja potencia,Carsi,Lasermed 100mW,CAR-9083,Cánula láser,Falso contacto en cable de cánula láser,Cambio de cable de cánula láser + Mantenimiento preventivo anual,Sí,,Coordinador Técnico,COT-2022-0212,INF-2022-0212,PEN,144.48
2022,Visita,2022-04-26,2022-04-28,2,Lic. Rosa Ibarra Terapia Física,Consultorio independiente,Jesús María,Encargado de compras,924716857,licrosaibarr24@gmail.com,"Av. La Marina 427, Jesús María",Electroterapia,Emme,Therapic 9200,EMM-8616,Cable de electrodos,Falso contacto en cable de electrodos,Cambio de cable de electrodos,No,Sin observaciones adicionales,Coordinador Técnico,COT-2022-0039,INF-2022-0039,PEN,120.94
2022,Visita,2022-04-27,2022-05-01,4,Patricia Gómez Vásquez EIRL,Consultorio independiente,Cercado de Lima,Administración,924942603,patriciagóme0@gmail.com,"Av. La Marina 663, Cercado de Lima",Ultrasonido,Carsi,Sonomed IV,CAR-8408,N/A,Falla en placa de control (reparable),Reparación de placa de control + Mantenimiento preventivo anual,Sí,"Cliente rechazó cambio de placa, se optó por reparación",Coordinador Técnico,COT-2022-0218,INF-2022-0218,PEN,487.25
2022,Recepción,2022-04-27,2022-04-28,1,Federación Peruana de Voleibol,Institución (VIP),San Miguel,Administración,935808537,federaciónpe11@outlook.com,"Av. Los Próceres 193, San Miguel",Ultrasonido,Emme,Ultrasonic 1500,EMM-9037,N/A,Descalibración,Calibración de equipo,No,Sin observaciones adicionales,Coordinador Técnico,COT-2022-0161,INF-2022-0161,PEN,640.11
2022,Recepción,2022-04-27,2022-05-09,12,NoPain Centro de Rehabilitación,Clínica,Comas,Recepción,955176955,nopaincentro7@gmail.com,"Av. Los Próceres 878, Comas",Ultrasonido,Emme,Ultrasonic 1500,EMM-5670,N/A,Falla en placa de control (reparable),Reparación de placa de control + Mantenimiento preventivo anual,Sí,Equipo con uso intensivo diario,Coordinador Técnico,COT-2022-0248,INF-2022-0248,PEN,560.96
2022,Recepción,2022-04-28,2022-05-06,8,Maribel Salud SAC,Clínica,San Miguel,Administración,966629388,maribelsalud2@gmail.com,"Av. Los Próceres 291, San Miguel",Electroterapia,Biomedikal,Quadstar II,BIO-4836,N/A,Falla en placa de control por caída (equipo portátil),Reparación de placa de control + Mantenimiento preventivo anual,Sí,,Practicante,COT-2022-0153,INF-2022-0153,PEN,496.1
2022,Recepción,2022-05-06,2022-05-07,1,Mefyre - Cuerpo de Emergencias,Institución,La Molina,Recepción,928728463,mefyrecuerpo1@outlook.com,"Av. Los Próceres 1485, La Molina",Electroterapia,Biomedikal,Impulse 3000T,BIO-3712,Cable de electrodos,Falso contacto en cable de electrodos,Cambio de cable de electrodos,No,Se coordinó con el cliente por retraso de repuesto importado,Coordinador Técnico,COT-2022-0099,INF-2022-0099,PEN,106.28
2022,Recepción,2022-05-08,2022-05-10,2,Maribel Salud SAC,Clínica,San Miguel,Administración,966629388,maribelsalud2@gmail.com,"Av. Los Próceres 291, San Miguel",Magnetoterapia,Emme,Magnetomed 8400,EMM-6026,Carcasa de bobina,Rotura de carcasa de bobina plana (orejas de correa),Cambio de carcasa de accesorio,No,Cliente solicitó revisión urgente,Coordinador Técnico,COT-2022-0144,INF-2022-0144,PEN,86.03
2022,Visita,2022-05-11,2022-05-12,1,Centro de Rehabilitación Vitalis,Clínica,Jesús María,Coordinación,917507864,centrodereha18@gmail.com,"Av. Los Próceres 1748, Jesús María",Ultrasonido,Emme,Ultrasonic 1500,EMM-8994,Fusible,Fusible quemado,Cambio de fusibles,No,,Practicante,COT-2022-0061,INF-2022-0061,PEN,73.21
2022,Visita,2022-05-13,2022-05-16,3,Carlos Alberto Santos,Paciente / equipo propio,Chosica,Administración,997226012,carlosalbert4@outlook.com,"Av. Las Flores 959, Chosica",Magnetoterapia,Emme,Magnetomed 8400,EMM-2623,Cable de poder,Falla en cable de poder,Cambio de cable de poder + Mantenimiento preventivo anual,Sí,,Coordinador Técnico,COT-2022-0103,INF-2022-0103,PEN,139.27
2022,Recepción,2022-05-22,2022-05-27,5,Clínica Bienestar Total EIRL,Clínica,San Juan de Lurigancho,Coordinación,945551614,clínicabiene21@gmail.com,"Av. Las Torres 1625, San Juan de Lurigancho",Ultrasonido,Emme,Ultrasonic 1500,EMM-1606,Cable de aplicador US,Falso contacto en cable de aplicador,Cambio de cable de aplicador + Mantenimiento preventivo anual,Sí,Cliente solicitó revisión urgente,Coordinador Técnico,COT-2022-0059,INF-2022-0059,PEN,294.21
2022,Recepción,2022-05-24,2022-05-28,4,IAFAS Fuerza Aeroespacial del Perú,Institución (VIP),Ate,Coordinación,984093639,iafasfuerzaa10@hotmail.com,"Av. La Marina 1366, Ate",Ultrasonido,Emme,Ultrasonic 1300,EMM-9977,N/A,Descalibración,Calibración de equipo + Mantenimiento preventivo anual,Sí,,Coordinador Técnico,COT-2022-0024,INF-2022-0024,PEN,1292.45
2022,Visita,2022-05-24,2022-05-28,4,Carlos Alberto Santos,Paciente / equipo propio,Chosica,Administración,997226012,carlosalbert4@outlook.com,"Av. Las Flores 959, Chosica",Electroterapia,Biomedikal,Biostim NMS,BIO-2698,N/A,Descalibración,Calibración de equipo + Mantenimiento preventivo anual,Sí,,Coordinador Técnico,COT-2022-0107,INF-2022-0107,PEN,125.36
2022,Recepción,2022-05-26,2022-06-08,13,Alfa y Omega Rehabilitación,Clínica,La Molina,Administración,977827638,alfayomegare3@outlook.com,"Av. Los Próceres 1249, La Molina",Laser baja potencia,Carsi,Lasermed 60mW,CAR-9624,N/A,Descalibración,Calibración de equipo,No,Equipo con uso intensivo diario,Coordinador Técnico,COT-2022-0097,INF-2022-0097,PEN,119.56
2022,Recepción,2022-05-27,2022-05-29,2,Maribel Salud SAC,Clínica,San Miguel,Administración,966629388,maribelsalud2@gmail.com,"Av. Los Próceres 291, San Miguel",Laser baja potencia,Carsi,Lasermed 60mW,CAR-7164,Cánula láser,Falso contacto en cable de cánula láser,Cambio de cable de cánula láser + Mantenimiento preventivo anual,Sí,,Coordinador Técnico,COT-2022-0213,INF-2022-0213,PEN,222.17
2022,Recepción,2022-05-30,2022-06-01,2,Clínica Primavera SAC,Clínica,Miraflores,Administración,989089901,clínicaprima5@hotmail.com,"Av. Los Próceres 1654, Miraflores",Ondas de Choque Radial,Ztorz Medikal,Masterpuls MP ONE,ZTO-1567,Aplicador,Aplicador superó límite de disparos,Cambio de aplicador por límite de disparos + Mantenimiento preventivo anual,Sí,"Cliente rechazó cambio de placa, se optó por reparación",Practicante,COT-2022-0221,INF-2022-0221,PEN,2082.1
2022,Recepción,2022-05-31,2022-06-06,6,Seguro Social de Salud,Institución (VIP),Chosica,Encargado de compras,971662963,segurosocial9@outlook.com,"Av. Los Próceres 1988, Chosica",Electroterapia,Emme,Therapic 9200,EMM-7077,Cable de electrodos,Falso contacto en cable de electrodos,Cambio de cable de electrodos + Mantenimiento preventivo anual,Sí,"Equipo antiguo, se recomienda mantenimiento anual",Coordinador Técnico,COT-2022-0114,INF-2022-0114,PEN,1424.15
2022,Recepción,2022-05-31,2022-06-07,7,Fisioterapia San Rafael,Consultorio independiente,Chosica,Administración,996977837,fisioterapia15@gmail.com,"Av. Las Flores 1400, Chosica",Magnetoterapia,Storz Medikal,Magnetolith,STO-3399,Carcasa de bobina,Rotura de carcasa de bobina plana (orejas de correa),Cambio de carcasa de accesorio + Mantenimiento preventivo anual,Sí,"Equipo antiguo, se recomienda mantenimiento anual",Coordinador Técnico,COT-2022-0090,INF-2022-0090,PEN,218.09
2022,Recepción,2022-05-31,2022-06-02,2,Fisiosalud Andina SAC,Clínica,La Molina,Recepción,928566572,fisiosaludan23@outlook.com,"Av. Central 286, La Molina",Electroterapia,Biomedikal,Quadstar II,BIO-6514,N/A,Falla en placa de control (equipo grande),Reparación de placa de control,No,"Equipo antiguo, se recomienda mantenimiento anual",Coordinador Técnico,COT-2022-0228,INF-2022-0228,PEN,403.78
2022,Recepción,2022-06-01,2022-06-06,5,NoPain Centro de Rehabilitación,Clínica,Comas,Recepción,955176955,nopaincentro7@gmail.com,"Av. Los Próceres 878, Comas",Magnetoterapia,Meditek,Magnetherp 200,MED-6315,Cable de aplicador,Falso contacto en cable de aplicador (bobina),Cambio de cable de aplicador + Mantenimiento preventivo anual,Sí,,Coordinador Técnico,COT-2022-0172,INF-2022-0172,PEN,183.61
2022,Visita,2022-06-02,2022-06-05,3,Lic. Jorge Injante Terapia Física,Consultorio independiente,San Isidro,Coordinación,945935572,licjorgeinja19@gmail.com,"Av. Las Torres 1970, San Isidro",Laser alta potencia,Emme,Bipower Lux,EMM-5593,N/A,Descalibración,Calibración de equipo,No,"Cliente rechazó cambio de placa, se optó por reparación",Coordinador Técnico,COT-2022-0167,INF-2022-0167,PEN,134.69
2022,Recepción,2022-06-03,2022-06-14,11,Clínica Los Álamos SAC,Clínica,Magdalena,Coordinación,995899313,clínicalosál17@outlook.com,"Av. Las Flores 549, Magdalena",Ultrasonido,Carsi,Sonomed V,CAR-5978,N/A,Falla en placa de control (reparable),Reparación de placa de control + Mantenimiento preventivo anual,Sí,Equipo con uso intensivo diario,Coordinador Técnico,COT-2022-0046,INF-2022-0046,PEN,524.29
2022,Recepción,2022-06-05,2022-06-06,1,Corporación de Servicios Médicos del Sur,Clínica,Chosica,Administración,966722344,corporaciónd6@hotmail.com,"Av. El Sol 418, Chosica",Camilla de Tracción,Everyway,ET-800,EVE-6802,N/A,Descalibración de fuerza de tracción,Calibración de fuerza de tracción + Mantenimiento preventivo anual,Sí,Equipo con uso intensivo diario,Coordinador Técnico,COT-2022-0087,INF-2022-0087,PEN,240.24
2022,Recepción,2022-06-06,2022-06-14,8,Corporación de Servicios Médicos del Sur,Clínica,Chosica,Administración,966722344,corporaciónd6@hotmail.com,"Av. El Sol 418, Chosica",Laser baja potencia,Carsi,Lasermed 100mW,CAR-3267,Teclado membrana,Falla en teclado membrana,Cambio de teclado membrana,No,,Coordinador Técnico,COT-2022-0101,INF-2022-0101,PEN,288.87
2022,Recepción,2022-06-07,2022-06-13,6,Lic. Jorge Injante Terapia Física,Consultorio independiente,San Isidro,Coordinación,945935572,licjorgeinja19@gmail.com,"Av. Las Torres 1970, San Isidro",Magnetoterapia,Storz Medikal,Magnetolith,STO-5676,Cable de aplicador,Falso contacto en cable de aplicador (bobina),Cambio de cable de aplicador,No,Se coordinó con el cliente por retraso de repuesto importado,Coordinador Técnico,COT-2022-0139,INF-2022-0139,PEN,133.5
2022,Recepción,2022-06-09,2022-06-13,4,Patricia Gómez Vásquez EIRL,Consultorio independiente,Cercado de Lima,Administración,924942603,patriciagóme0@gmail.com,"Av. La Marina 663, Cercado de Lima",Magnetoterapia,Emme,Magnetomed 8400,EMM-3143,Fusible,Fusible quemado,Cambio de fusibles,No,Se coordinó con el cliente por retraso de repuesto importado,Coordinador Técnico,COT-2022-0016,INF-2022-0016,PEN,41.76
2022,Recepción,2022-06-10,2022-06-15,5,Alfa y Omega Rehabilitación,Clínica,La Molina,Administración,977827638,alfayomegare3@outlook.com,"Av. Los Próceres 1249, La Molina",Ultrasonido,Emme,Ultrasonic 1300,EMM-4155,Cable de poder,Falla en cable de poder,Cambio de cable de poder,No,"Equipo antiguo, se recomienda mantenimiento anual",Coordinador Técnico,COT-2022-0043,INF-2022-0043,PEN,87.84
2022,Recepción,2022-06-10,2022-06-11,1,Lic. Mónica Torres Fisioterapia,Consultorio independiente,Los Olivos,Coordinación,942857966,licmónicator16@gmail.com,"Av. Central 877, Los Olivos",Laser baja potencia,Carsi,Lasermed 60mW,CAR-4164,Fusible,Fusible quemado,Cambio de fusibles + Mantenimiento preventivo anual,Sí,Sin observaciones adicionales,Coordinador Técnico,COT-2022-0020,INF-2022-0020,PEN,142.31
2022,Recepción,2022-06-13,2022-06-17,4,Alfa y Omega Rehabilitación,Clínica,La Molina,Administración,977827638,alfayomegare3@outlook.com,"Av. Los Próceres 1249, La Molina",Laser baja potencia,Carsi,Lasermed 60mW,CAR-1341,N/A,Descalibración,Calibración de equipo + Mantenimiento preventivo anual,Sí,"Equipo antiguo, se recomienda mantenimiento anual",Coordinador Técnico,COT-2022-0088,INF-2022-0088,PEN,230.41
2022,Recepción,2022-06-14,2022-06-22,8,Mefyre - Cuerpo de Emergencias,Institución,La Molina,Recepción,928728463,mefyrecuerpo1@outlook.com,"Av. Los Próceres 1485, La Molina",Magnetoterapia,Storz Medikal,Magnetolith,STO-3161,Cable de aplicador,Falso contacto en cable de aplicador (bobina),Cambio de cable de aplicador,No,Se coordinó con el cliente por retraso de repuesto importado,Coordinador Técnico,COT-2022-0196,INF-2022-0196,PEN,124.28
2022,Recepción,2022-06-14,2022-06-21,7,Centro de Rehabilitación Vitalis,Clínica,Jesús María,Coordinación,917507864,centrodereha18@gmail.com,"Av. Los Próceres 1748, Jesús María",Ultrasonido,Emme,Ultrasonic 1300,EMM-3230,Aplicador US,Desgaste de cristal piezoeléctrico de aplicador,Cambio de piezoeléctrico de aplicador + Mantenimiento preventivo anual,Sí,"Equipo antiguo, se recomienda mantenimiento anual",Practicante,COT-2022-0175,INF-2022-0175,PEN,427.2
2022,Recepción,2022-06-15,2022-06-22,7,Maribel Salud SAC,Clínica,San Miguel,Administración,966629388,maribelsalud2@gmail.com,"Av. Los Próceres 291, San Miguel",Ultrasonido,Carsi,Sonomed V,CAR-2525,N/A,Descalibración,Calibración de equipo,No,Sin observaciones adicionales,Coordinador Técnico,COT-2022-0193,INF-2022-0193,PEN,96.8
2022,Visita,2022-06-15,2022-06-20,5,Clínica Bienestar Total EIRL,Clínica,San Juan de Lurigancho,Coordinación,945551614,clínicabiene21@gmail.com,"Av. Las Torres 1625, San Juan de Lurigancho",Magnetoterapia,Meditek,Magnetherp 330 NG,MED-5460,Carcasa de bobina,Rotura de carcasa de bobina plana (orejas de correa),Cambio de carcasa de accesorio,No,"Cliente rechazó cambio de placa, se optó por reparación",Coordinador Técnico,COT-2022-0050,INF-2022-0050,PEN,151.98
2022,Recepción,2022-06-18,2022-06-24,6,IAFAS Fuerza Aeroespacial del Perú,Institución (VIP),Ate,Coordinación,984093639,iafasfuerzaa10@hotmail.com,"Av. La Marina 1366, Ate",Ultrasonido,Carsi,Sonomed V,CAR-3194,N/A,Descalibración,Calibración de equipo,No,"Equipo antiguo, se recomienda mantenimiento anual",Coordinador Técnico,COT-2022-0127,INF-2022-0127,PEN,453.68
2022,Visita,2022-06-21,2022-06-23,2,Mefyre - Cuerpo de Emergencias,Institución,La Molina,Recepción,928728463,mefyrecuerpo1@outlook.com,"Av. Los Próceres 1485, La Molina",Magnetoterapia,Storz Medikal,Magnetolith,STO-4921,Cable de aplicador,Falso contacto en cable de aplicador (bobina),Cambio de cable de aplicador,No,Sin observaciones adicionales,Practicante,COT-2022-0202,INF-2022-0202,PEN,106.55
2022,Recepción,2022-06-25,2022-06-26,1,Fisiosalud Andina SAC,Clínica,La Molina,Recepción,928566572,fisiosaludan23@outlook.com,"Av. Central 286, La Molina",Laser baja potencia,Carsi,Lasermed 60mW,CAR-6213,Teclado membrana,Falla en teclado membrana,Cambio de teclado membrana,No,,Coordinador Técnico,COT-2022-0230,INF-2022-0230,PEN,282.67
2022,Visita,2022-06-26,2022-07-01,5,Fisiosalud Andina SAC,Clínica,La Molina,Recepción,928566572,fisiosaludan23@outlook.com,"Av. Central 286, La Molina",Electroterapia,Biomedikal,Biostim NMS,BIO-9266,Electrodos,Electrodos desgastados,Cambio de electrodos + Mantenimiento preventivo anual,Sí,Se coordinó con el cliente por retraso de repuesto importado,Coordinador Técnico,COT-2022-0094,INF-2022-0094,PEN,183.19
2022,Recepción,2022-06-26,2022-06-29,3,Clínica Primavera SAC,Clínica,Miraflores,Administración,989089901,clínicaprima5@hotmail.com,"Av. Los Próceres 1654, Miraflores",Laser baja potencia,Carsi,Lasermed 60mW,CAR-8080,N/A,Descalibración,Calibración de equipo + Mantenimiento preventivo anual,Sí,Sin observaciones adicionales,Coordinador Técnico,COT-2022-0183,INF-2022-0183,PEN,211.57
2022,Recepción,2022-06-29,2022-07-06,7,Mefyre - Cuerpo de Emergencias,Institución,La Molina,Recepción,928728463,mefyrecuerpo1@outlook.com,"Av. Los Próceres 1485, La Molina",Ultrasonido,Emme,Ultrasonic 1300,EMM-5649,N/A,Descalibración,Calibración de equipo + Mantenimiento preventivo anual,Sí,"Cliente rechazó cambio de placa, se optó por reparación",Coordinador Técnico,COT-2022-0025,INF-2022-0025,PEN,300.14
2022,Recepción,2022-07-03,2022-07-09,6,Mefyre - Cuerpo de Emergencias,Institución,La Molina,Recepción,928728463,mefyrecuerpo1@outlook.com,"Av. Los Próceres 1485, La Molina",Laser baja potencia,Carsi,Lasermed 60mW,CAR-5582,N/A,Descalibración,Calibración de equipo,No,,Coordinador Técnico,COT-2022-0128,INF-2022-0128,PEN,138.63
2022,Recepción,2022-07-03,2022-07-08,5,Clínica Los Álamos SAC,Clínica,Magdalena,Coordinación,995899313,clínicalosál17@outlook.com,"Av. Las Flores 549, Magdalena",Ultrasonido,Emme,Ultrasonic 1300,EMM-1535,Teclado membrana,Falla en teclado membrana,Cambio de teclado membrana + Mantenimiento preventivo anual,Sí,"Equipo antiguo, se recomienda mantenimiento anual",Coordinador Técnico,COT-2022-0188,INF-2022-0188,PEN,353.87
2022,Recepción,2022-07-04,2022-07-15,11,Clínica Primavera SAC,Clínica,Miraflores,Administración,989089901,clínicaprima5@hotmail.com,"Av. Los Próceres 1654, Miraflores",Magnetoterapia,Emme,Magnetomed 8400,EMM-1344,N/A,Falla en placa de control (reparable),Reparación de placa de control,No,"Cliente rechazó cambio de placa, se optó por reparación",Coordinador Técnico,COT-2022-0005,INF-2022-0005,PEN,324.37
2022,Recepción,2022-07-08,2022-07-19,11,Clínica Primavera SAC,Clínica,Miraflores,Administración,989089901,clínicaprima5@hotmail.com,"Av. Los Próceres 1654, Miraflores",Laser baja potencia,Carsi,Lasermed 100mW,CAR-7841,N/A,Falla en placa de potencia (reparable),Reparación de placa de potencia + Mantenimiento preventivo anual,Sí,"Equipo antiguo, se recomienda mantenimiento anual",Coordinador Técnico,COT-2022-0160,INF-2022-0160,PEN,578.17
2022,Visita,2022-07-10,2022-07-18,8,Corporación de Servicios Médicos del Sur,Clínica,Chosica,Administración,966722344,corporaciónd6@hotmail.com,"Av. El Sol 418, Chosica",Compreseros Calientes,Nacional Perú,Compresero 6 unid.,NAC-8491,Termostato,Termostato dañado,Cambio de termostato + Mantenimiento preventivo anual,Sí,Cliente solicitó revisión urgente,Coordinador Técnico,COT-2022-0126,INF-2022-0126,PEN,215.14
2022,Recepción,2022-07-12,2022-07-15,3,Centro Médico El Progreso,Clínica,San Miguel,Encargado de compras,918526544,centromédico25@hotmail.com,"Av. Central 1320, San Miguel",Electroterapia,Emme,Therapic 9400,EMM-7227,Cable de electrodos,Falso contacto en cable de electrodos,Cambio de cable de electrodos + Mantenimiento preventivo anual,Sí,Equipo con uso intensivo diario,Coordinador Técnico,COT-2022-0170,INF-2022-0170,PEN,222.3
2022,Recepción,2022-07-12,2022-07-13,1,Patricia Gómez Vásquez EIRL,Consultorio independiente,Cercado de Lima,Administración,924942603,patriciagóme0@gmail.com,"Av. La Marina 663, Cercado de Lima",Lampara Infrarroja,Genérico,Lámpara infrarroja,GEN-3126,N/A,Mantenimiento preventivo (sin falla registrada),Mantenimiento preventivo general,No,"Cliente rechazó cambio de placa, se optó por reparación",Practicante,COT-2022-0118,INF-2022-0118,PEN,93.91
2022,Recepción,2022-07-15,2022-07-17,2,Parroquia Nuestra Señora de Chaclacayo,Institución,San Borja,Recepción,956164955,parroquianue8@outlook.com,"Av. El Sol 1752, San Borja",Compreseros Calientes,Nacional Perú,Compresero 24 unid.,NAC-1672,Termostato,Termostato dañado,Cambio de termostato,No,Sin observaciones adicionales,Practicante,COT-2022-0093,INF-2022-0093,PEN,142.23
2022,Recepción,2022-07-17,2022-07-23,6,Fisioterapia San Rafael,Consultorio independiente,Chosica,Administración,996977837,fisioterapia15@gmail.com,"Av. Las Flores 1400, Chosica",Dermatoscopios,Dermlitex,DL200HR,DER-2838,Botonera,Botones dañados,Cambio de botones,No,Equipo con uso intensivo diario,Coordinador Técnico,COT-2022-0146,INF-2022-0146,PEN,101.04
2022,Recepción,2022-07-19,2022-07-25,6,Clínica Primavera SAC,Clínica,Miraflores,Administración,989089901,clínicaprima5@hotmail.com,"Av. Los Próceres 1654, Miraflores",Electroterapia,Biomedikal,Quadstar II,BIO-6295,Teclado,Falla en teclado / perillas,Cambio de teclado o perillas,No,,Practicante,COT-2022-0091,INF-2022-0091,PEN,153.87
2022,Recepción,2022-07-19,2022-07-22,3,Mefyre - Cuerpo de Emergencias,Institución,La Molina,Recepción,928728463,mefyrecuerpo1@outlook.com,"Av. Los Próceres 1485, La Molina",Magnetoterapia,Emme,Magnetomed 7200,EMM-7267,Cable de aplicador,Falso contacto en cable de aplicador (bobina),Cambio de cable de aplicador + Mantenimiento preventivo anual,Sí,"Cliente rechazó cambio de placa, se optó por reparación",Coordinador Técnico,COT-2022-0063,INF-2022-0063,PEN,252.62
2022,Recepción,2022-07-20,2022-07-23,3,Mefyre - Cuerpo de Emergencias,Institución,La Molina,Recepción,928728463,mefyrecuerpo1@outlook.com,"Av. Los Próceres 1485, La Molina",Laser baja potencia,Carsi,Lasermed 60mW,CAR-9835,Teclado membrana,Falla en teclado membrana,Cambio de teclado membrana,No,,Coordinador Técnico,COT-2022-0004,INF-2022-0004,PEN,221.93
2022,Recepción,2022-07-21,2022-07-23,2,Instituto Peruano del Deporte - Sede Sur,Institución,La Molina,Encargado de compras,997971488,institutoper20@hotmail.com,"Av. Central 1911, La Molina",Electroterapia,Emme,Therapic 9200,EMM-6816,N/A,Falla en placa de control (equipo grande),Reparación de placa de control + Mantenimiento preventivo anual,Sí,Cliente solicitó revisión urgente,Coordinador Técnico,COT-2022-0179,INF-2022-0179,PEN,1299.94
2022,Recepción,2022-07-21,2022-07-31,10,Clínica Bienestar Total EIRL,Clínica,San Juan de Lurigancho,Coordinación,945551614,clínicabiene21@gmail.com,"Av. Las Torres 1625, San Juan de Lurigancho",Laser baja potencia,Carsi,Lasermed 60mW,CAR-2217,Teclado membrana,Falla en teclado membrana,Cambio de teclado membrana + Mantenimiento preventivo anual,Sí,,Coordinador Técnico,COT-2022-0162,INF-2022-0162,PEN,404.17
2022,Recepción,2022-07-22,2022-07-27,5,Parroquia Nuestra Señora de Chaclacayo,Institución,San Borja,Recepción,956164955,parroquianue8@outlook.com,"Av. El Sol 1752, San Borja",Compreseros Calientes,Nacional Perú,Compresero 12 unid.,NAC-8563,N/A,Descalibración de temperatura,Calibración de temperatura,No,Se coordinó con el cliente por retraso de repuesto importado,Coordinador Técnico,COT-2022-0177,INF-2022-0177,PEN,120.36
2022,Recepción,2022-07-22,2022-07-23,1,IAFAS Fuerza Aeroespacial del Perú,Institución (VIP),Ate,Coordinación,984093639,iafasfuerzaa10@hotmail.com,"Av. La Marina 1366, Ate",Laser baja potencia,Carsi,Lasermed 100mW,CAR-1897,N/A,Descalibración,Calibración de equipo + Mantenimiento preventivo anual,Sí,Equipo con uso intensivo diario,Practicante,COT-2022-0086,INF-2022-0086,PEN,918.33
2022,Recepción,2022-07-22,2022-07-26,4,Maribel Salud SAC,Clínica,San Miguel,Administración,966629388,maribelsalud2@gmail.com,"Av. Los Próceres 291, San Miguel",Ultrasonido,Emme,Ultrasonic 1500,EMM-9138,Cable de poder,Falla en cable de poder,Cambio de cable de poder,No,,Practicante,COT-2022-0066,INF-2022-0066,PEN,121.03
2022,Recepción,2022-07-28,2022-07-29,1,Parroquia Nuestra Señora de Chaclacayo,Institución,San Borja,Recepción,956164955,parroquianue8@outlook.com,"Av. El Sol 1752, San Borja",Magnetoterapia,Meditek,Magnetherp 200,MED-4044,N/A,Descalibración,Calibración de equipo + Mantenimiento preventivo anual,Sí,Equipo con uso intensivo diario,Coordinador Técnico,COT-2022-0011,INF-2022-0011,PEN,194.87
2022,Recepción,2022-07-28,2022-07-31,3,Clínica Primavera SAC,Clínica,Miraflores,Administración,989089901,clínicaprima5@hotmail.com,"Av. Los Próceres 1654, Miraflores",Laser alta potencia,Emme,Bipower Lux SP,EMM-4860,N/A,Caso particular de fábrica,Reparación según diagnóstico particular,No,Sin observaciones adicionales,Coordinador Técnico,COT-2022-0239,INF-2022-0239,PEN,477.73
2022,Recepción,2022-07-30,2022-08-01,2,NoPain Centro de Rehabilitación,Clínica,Comas,Recepción,955176955,nopaincentro7@gmail.com,"Av. Los Próceres 878, Comas",Laser baja potencia,Carsi,Lasermed 100mW,CAR-1427,Cable de poder,Falla en cable de poder,Cambio de cable de poder + Mantenimiento preventivo anual,Sí,"Equipo antiguo, se recomienda mantenimiento anual",Coordinador Técnico,COT-2022-0223,INF-2022-0223,PEN,179.0
2022,Recepción,2022-07-30,2022-08-01,2,Lic. Rosa Ibarra Terapia Física,Consultorio independiente,Jesús María,Encargado de compras,924716857,licrosaibarr24@gmail.com,"Av. La Marina 427, Jesús María",Laser baja potencia,Carsi,Lasermed 60mW,CAR-1444,Fusible,Fusible quemado,Cambio de fusibles,No,Equipo con uso intensivo diario,Coordinador Técnico,COT-2022-0033,INF-2022-0033,PEN,48.79
2022,Recepción,2022-07-31,2022-08-07,7,Lic. Rosa Ibarra Terapia Física,Consultorio independiente,Jesús María,Encargado de compras,924716857,licrosaibarr24@gmail.com,"Av. La Marina 427, Jesús María",Dermatoscopios,Dermlitex,DL100,DER-5349,Botonera,Botones dañados,Cambio de botones + Mantenimiento preventivo anual,Sí,Equipo con uso intensivo diario,Coordinador Técnico,COT-2022-0021,INF-2022-0021,PEN,129.38
2022,Recepción,2022-08-02,2022-08-07,5,Carlos Alberto Santos,Paciente / equipo propio,Chosica,Administración,997226012,carlosalbert4@outlook.com,"Av. Las Flores 959, Chosica",Ultrasonido,Carsi,Sonomed IV,CAR-4879,N/A,Descalibración,Calibración de equipo,No,"Equipo antiguo, se recomienda mantenimiento anual",Practicante,COT-2022-0215,INF-2022-0215,PEN,86.1
2022,Recepción,2022-08-04,2022-08-05,1,Clínica Primavera SAC,Clínica,Miraflores,Administración,989089901,clínicaprima5@hotmail.com,"Av. Los Próceres 1654, Miraflores",Electroterapia,Emme,Therapic 9400,EMM-4522,Fusible,Fusible quemado,Cambio de fusibles + Mantenimiento preventivo anual,Sí,Sin observaciones adicionales,Coordinador Técnico,COT-2022-0079,INF-2022-0079,PEN,156.52
2022,Recepción,2022-08-08,2022-08-09,1,Carlos Alberto Santos,Paciente / equipo propio,Chosica,Administración,997226012,carlosalbert4@outlook.com,"Av. Las Flores 959, Chosica",Magnetoterapia,Emme,Magnetomed 7200,EMM-5366,Teclado membrana,Falla en teclado membrana,Cambio de teclado membrana + Mantenimiento preventivo anual,Sí,"Cliente rechazó cambio de placa, se optó por reparación",Coordinador Técnico,COT-2022-0224,INF-2022-0224,PEN,228.95
2022,Recepción,2022-08-09,2022-08-10,1,Carlos Alberto Santos,Paciente / equipo propio,Chosica,Administración,997226012,carlosalbert4@outlook.com,"Av. Las Flores 959, Chosica",Ultrasonido,Emme,Ultrasonic 1300,EMM-9821,N/A,Descalibración,Calibración de equipo + Mantenimiento preventivo anual,Sí,Se coordinó con el cliente por retraso de repuesto importado,Coordinador Técnico,COT-2022-0022,INF-2022-0022,PEN,114.36
2022,Visita,2022-08-12,2022-08-17,5,Lic. Mónica Torres Fisioterapia,Consultorio independiente,Los Olivos,Coordinación,942857966,licmónicator16@gmail.com,"Av. Central 877, Los Olivos",Ultrasonido,Emme,Ultrasonic 1500,EMM-8404,N/A,Descalibración,Calibración de equipo,No,Equipo con uso intensivo diario,Coordinador Técnico,COT-2022-0092,INF-2022-0092,PEN,105.51
2022,Recepción,2022-08-17,2022-08-22,5,Maribel Salud SAC,Clínica,San Miguel,Administración,966629388,maribelsalud2@gmail.com,"Av. Los Próceres 291, San Miguel",Camilla de Tracción,Everyway,ET-800,EVE-6562,N/A,Descalibración de fuerza de tracción,Calibración de fuerza de tracción,No,Cliente solicitó revisión urgente,Practicante,COT-2022-0089,INF-2022-0089,PEN,97.08
2022,Recepción,2022-08-20,2022-08-25,5,Maribel Salud SAC,Clínica,San Miguel,Administración,966629388,maribelsalud2@gmail.com,"Av. Los Próceres 291, San Miguel",Laser baja potencia,Carsi,Lasermed 100mW,CAR-9565,Cánula láser,Falso contacto en cable de cánula láser,Cambio de cable de cánula láser,No,"Equipo antiguo, se recomienda mantenimiento anual",Coordinador Técnico,COT-2022-0012,INF-2022-0012,PEN,107.12
2022,Recepción,2022-08-23,2022-08-28,5,Instituto Peruano del Deporte - Sede Sur,Institución,La Molina,Encargado de compras,997971488,institutoper20@hotmail.com,"Av. Central 1911, La Molina",Electroterapia,Emme,Therapic 9200,EMM-8814,Cable de electrodos,Falso contacto en cable de electrodos,Cambio de cable de electrodos + Mantenimiento preventivo anual,Sí,Equipo con uso intensivo diario,Coordinador Técnico,COT-2022-0031,INF-2022-0031,PEN,450.11
2022,Recepción,2022-08-24,2022-08-31,7,Mefyre - Cuerpo de Emergencias,Institución,La Molina,Recepción,928728463,mefyrecuerpo1@outlook.com,"Av. Los Próceres 1485, La Molina",Laser baja potencia,Carsi,Lasermed 100mW,CAR-3683,Teclado membrana,Falla en teclado membrana,Cambio de teclado membrana,No,"Equipo antiguo, se recomienda mantenimiento anual",Coordinador Técnico,COT-2022-0036,INF-2022-0036,PEN,272.12
2022,Recepción,2022-08-26,2022-08-29,3,Fisioterapia San Rafael,Consultorio independiente,Chosica,Administración,996977837,fisioterapia15@gmail.com,"Av. Las Flores 1400, Chosica",Compreseros Calientes,Nacional Perú,Compresero 24 unid.,NAC-3441,N/A,Descalibración de temperatura,Calibración de temperatura + Mantenimiento preventivo anual,Sí,"Equipo antiguo, se recomienda mantenimiento anual",Coordinador Técnico,COT-2022-0049,INF-2022-0049,PEN,184.69
2022,Recepción,2022-09-01,2022-09-04,3,Patricia Gómez Vásquez EIRL,Consultorio independiente,Cercado de Lima,Administración,924942603,patriciagóme0@gmail.com,"Av. La Marina 663, Cercado de Lima",Laser baja potencia,Carsi,Lasermed 100mW,CAR-2729,N/A,Descalibración,Calibración de equipo,No,Sin observaciones adicionales,Coordinador Técnico,COT-2022-0038,INF-2022-0038,PEN,147.97
2022,Recepción,2022-09-01,2022-09-06,5,Maribel Salud SAC,Clínica,San Miguel,Administración,966629388,maribelsalud2@gmail.com,"Av. Los Próceres 291, San Miguel",Laser baja potencia,Carsi,Lasermed 60mW,CAR-7919,N/A,Descalibración,Calibración de equipo + Mantenimiento preventivo anual,Sí,Se coordinó con el cliente por retraso de repuesto importado,Coordinador Técnico,COT-2022-0198,INF-2022-0198,PEN,163.28
2022,Recepción,2022-09-02,2022-09-04,2,Patricia Gómez Vásquez EIRL,Consultorio independiente,Cercado de Lima,Administración,924942603,patriciagóme0@gmail.com,"Av. La Marina 663, Cercado de Lima",Laser baja potencia,Carsi,Lasermed 60mW,CAR-3877,Cánula láser,Falso contacto en cable de cánula láser,Cambio de cable de cánula láser,No,Equipo con uso intensivo diario,Coordinador Técnico,COT-2022-0206,INF-2022-0206,PEN,115.22
2022,Recepción,2022-09-03,2022-09-07,4,Corporación de Servicios Médicos del Sur,Clínica,Chosica,Administración,966722344,corporaciónd6@hotmail.com,"Av. El Sol 418, Chosica",Laser alta potencia,Emme,Bipower Lux SP,EMM-7249,N/A,Descalibración,Calibración de equipo + Mantenimiento preventivo anual,Sí,"Equipo antiguo, se recomienda mantenimiento anual",Coordinador Técnico,COT-2022-0237,INF-2022-0237,PEN,247.44
2022,Recepción,2022-09-04,2022-09-10,6,Maribel Salud SAC,Clínica,San Miguel,Administración,966629388,maribelsalud2@gmail.com,"Av. Los Próceres 291, San Miguel",Laser alta potencia,Emme,Bipower Lux SP,EMM-5315,Cánula láser,Falla en cánula láser,Cambio de cánula láser + Mantenimiento preventivo anual,Sí,"Cliente rechazó cambio de placa, se optó por reparación",Coordinador Técnico,COT-2022-0001,INF-2022-0001,PEN,237.16
2022,Visita,2022-09-05,2022-09-07,2,Policlínico San Judas,Clínica,Chosica,Coordinación,988461803,policlínicos22@hotmail.com,"Av. Las Flores 917, Chosica",Magnetoterapia,Emme,Magnetomed 8400,EMM-3426,Carcasa de bobina,Rotura de carcasa de bobina plana (orejas de correa),Cambio de carcasa de accesorio + Mantenimiento preventivo anual,Sí,Sin observaciones adicionales,Coordinador Técnico,COT-2022-0017,INF-2022-0017,PEN,224.26
2022,Visita,2022-09-08,2022-09-19,11,Mefyre - Cuerpo de Emergencias,Institución,La Molina,Recepción,928728463,mefyrecuerpo1@outlook.com,"Av. Los Próceres 1485, La Molina",Magnetoterapia,Emme,Magnetomed 8400,EMM-7022,Cable de aplicador,Falso contacto en cable de aplicador (bobina),Cambio de cable de aplicador,No,Equipo con uso intensivo diario,Coordinador Técnico,COT-2022-0082,INF-2022-0082,PEN,201.67
2022,Recepción,2022-09-21,2022-09-23,2,Patricia Gómez Vásquez EIRL,Consultorio independiente,Cercado de Lima,Administración,924942603,patriciagóme0@gmail.com,"Av. La Marina 663, Cercado de Lima",Magnetoterapia,Emme,Magnetomed 8400,EMM-5941,Cable de aplicador,Falso contacto en cable de aplicador (bobina),Cambio de cable de aplicador,No,,Coordinador Técnico,COT-2022-0037,INF-2022-0037,PEN,103.31
2022,Recepción,2022-09-22,2022-09-23,1,Clínica Bienestar Total EIRL,Clínica,San Juan de Lurigancho,Coordinación,945551614,clínicabiene21@gmail.com,"Av. Las Torres 1625, San Juan de Lurigancho",Laser baja potencia,Carsi,Lasermed 100mW,CAR-5920,N/A,Descalibración,Calibración de equipo,No,"Cliente rechazó cambio de placa, se optó por reparación",Coordinador Técnico,COT-2022-0023,INF-2022-0023,PEN,184.8
2022,Recepción,2022-09-23,2022-09-27,4,Corporación de Servicios Médicos del Sur,Clínica,Chosica,Administración,966722344,corporaciónd6@hotmail.com,"Av. El Sol 418, Chosica",Compreseros Calientes,Nacional Perú,Compresero 6 unid.,NAC-6427,N/A,Descalibración de temperatura,Calibración de temperatura + Mantenimiento preventivo anual,Sí,"Cliente rechazó cambio de placa, se optó por reparación",Coordinador Técnico,COT-2022-0166,INF-2022-0166,PEN,181.99
2022,Visita,2022-09-23,2022-09-30,7,Clínica Primavera SAC,Clínica,Miraflores,Administración,989089901,clínicaprima5@hotmail.com,"Av. Los Próceres 1654, Miraflores",Dermatoscopios,Dermlitex,DL4W,DER-9361,Lente,Mantenimiento por limpieza de lente,Limpieza y mantenimiento de lente,No,Sin observaciones adicionales,Coordinador Técnico,COT-2022-0147,INF-2022-0147,PEN,94.99
2022,Recepción,2022-09-24,2022-09-30,6,Trauma Médika EIRL,Clínica (VIP),Comas,Recepción,948840994,traumamédika12@gmail.com,"Av. Las Torres 1874, Comas",Ultrasonido,Carsi,Sonomed IV,CAR-6050,Cable de aplicador US,Falso contacto en cable de aplicador,Cambio de cable de aplicador + Mantenimiento preventivo anual,Sí,Sin observaciones adicionales,Coordinador Técnico,COT-2022-0171,INF-2022-0171,USD,799.39
2022,Recepción,2022-09-24,2022-09-29,5,Clínica Primavera SAC,Clínica,Miraflores,Administración,989089901,clínicaprima5@hotmail.com,"Av. Los Próceres 1654, Miraflores",Electroterapia,Biomedikal,Quadstar II,BIO-3531,N/A,Descalibración,Calibración de equipo + Mantenimiento preventivo anual,Sí,Sin observaciones adicionales,Coordinador Técnico,COT-2022-0072,INF-2022-0072,PEN,262.06
2022,Recepción,2022-09-26,2022-10-09,13,Alfa y Omega Rehabilitación,Clínica,La Molina,Administración,977827638,alfayomegare3@outlook.com,"Av. Los Próceres 1249, La Molina",Magnetoterapia,Meditek,Magnetherp 330,MED-6301,Cable de aplicador,Falso contacto en cable de aplicador (bobina),Cambio de cable de aplicador + Mantenimiento preventivo anual,Sí,Equipo con uso intensivo diario,Practicante,COT-2022-0227,INF-2022-0227,PEN,196.81
2022,Recepción,2022-09-26,2022-09-30,4,Patricia Gómez Vásquez EIRL,Consultorio independiente,Cercado de Lima,Administración,924942603,patriciagóme0@gmail.com,"Av. La Marina 663, Cercado de Lima",Magnetoterapia,Emme,Magnetomed 8400,EMM-7684,Fusible,Fusible quemado,Cambio de fusibles + Mantenimiento preventivo anual,Sí,Equipo con uso intensivo diario,Coordinador Técnico,COT-2022-0055,INF-2022-0055,PEN,105.17
2022,Recepción,2022-09-27,2022-09-29,2,Seguro Social de Salud,Institución (VIP),Chosica,Encargado de compras,971662963,segurosocial9@outlook.com,"Av. Los Próceres 1988, Chosica",Masoterapia,Genérico,Equipo de masoterapia,GEN-2800,N/A,Caso particular / falla no recurrente,Reparación según diagnóstico particular + Mantenimiento preventivo anual,Sí,Cliente solicitó revisión urgente,Coordinador Técnico,COT-2022-0132,INF-2022-0132,PEN,2354.2
2022,Recepción,2022-09-30,2022-10-06,6,Lic. Rosa Ibarra Terapia Física,Consultorio independiente,Jesús María,Encargado de compras,924716857,licrosaibarr24@gmail.com,"Av. La Marina 427, Jesús María",Laser alta potencia,Emme,Lasermed 2200,EMM-3872,Cánula láser,Falla en cánula láser,Cambio de cánula láser + Mantenimiento preventivo anual,Sí,Sin observaciones adicionales,Coordinador Técnico,COT-2022-0229,INF-2022-0229,PEN,226.43
2022,Visita,2022-10-01,2022-10-02,1,Seguro Social de Salud,Institución (VIP),Chosica,Encargado de compras,971662963,segurosocial9@outlook.com,"Av. Los Próceres 1988, Chosica",Ultrasonido,Carsi,Sonomed IV,CAR-4164,Cable de aplicador US,Falso contacto en cable de aplicador,Cambio de cable de aplicador,No,Cliente solicitó revisión urgente,Coordinador Técnico,COT-2022-0142,INF-2022-0142,PEN,1130.36
2022,Visita,2022-10-03,2022-10-08,5,Alfa y Omega Rehabilitación,Clínica,La Molina,Administración,977827638,alfayomegare3@outlook.com,"Av. Los Próceres 1249, La Molina",Electroterapia,Biomedikal,Quadstar II,BIO-4700,Electrodos,Electrodos desgastados,Cambio de electrodos + Mantenimiento preventivo anual,Sí,"Equipo antiguo, se recomienda mantenimiento anual",Coordinador Técnico,COT-2022-0165,INF-2022-0165,PEN,153.43
2022,Recepción,2022-10-07,2022-10-10,3,Patricia Gómez Vásquez EIRL,Consultorio independiente,Cercado de Lima,Administración,924942603,patriciagóme0@gmail.com,"Av. La Marina 663, Cercado de Lima",Dermatoscopios,Dermlitex,DL4,DER-3578,Lente,Mantenimiento por limpieza de lente,Limpieza y mantenimiento de lente,No,"Equipo antiguo, se recomienda mantenimiento anual",Coordinador Técnico,COT-2022-0084,INF-2022-0084,PEN,66.06
2022,Recepción,2022-10-07,2022-10-15,8,IAFAS Fuerza Aeroespacial del Perú,Institución (VIP),Ate,Coordinación,984093639,iafasfuerzaa10@hotmail.com,"Av. La Marina 1366, Ate",Compresero Frío,Nacional Perú,Compresero frío 12 unid.,NAC-5450,N/A,Mantenimiento preventivo (sin falla registrada),Mantenimiento preventivo general,No,Cliente solicitó revisión urgente,Coordinador Técnico,COT-2022-0137,INF-2022-0137,PEN,432.74
2022,Visita,2022-10-08,2022-10-10,2,Parroquia Nuestra Señora de Chaclacayo,Institución,San Borja,Recepción,956164955,parroquianue8@outlook.com,"Av. El Sol 1752, San Borja",Ultrasonido,Emme,Ultrasonic 1500,EMM-1547,Aplicador US,Desgaste de cristal piezoeléctrico de aplicador,Cambio de piezoeléctrico de aplicador,No,"Equipo antiguo, se recomienda mantenimiento anual",Coordinador Técnico,COT-2022-0233,INF-2022-0233,PEN,209.28
2022,Recepción,2022-10-09,2022-10-23,14,Clínica Bienestar Total EIRL,Clínica,San Juan de Lurigancho,Coordinación,945551614,clínicabiene21@gmail.com,"Av. Las Torres 1625, San Juan de Lurigancho",Magnetoterapia,Meditek,Magnetherp 200,MED-3029,Cable de aplicador,Falso contacto en cable de aplicador (bobina),Cambio de cable de aplicador + Mantenimiento preventivo anual,Sí,Se coordinó con el cliente por retraso de repuesto importado,Coordinador Técnico,COT-2022-0247,INF-2022-0247,PEN,232.06
2022,Visita,2022-10-09,2022-10-26,17,Carlos Alberto Santos,Paciente / equipo propio,Chosica,Administración,997226012,carlosalbert4@outlook.com,"Av. Las Flores 959, Chosica",Ultrasonido,Emme,Ultrasonic 1500,EMM-2775,Cable de aplicador US,Falso contacto en cable de aplicador,Cambio de cable de aplicador + Mantenimiento preventivo anual,Sí,Se coordinó con el cliente por retraso de repuesto importado,Practicante,COT-2022-0070,INF-2022-0070,PEN,167.7
2022,Recepción,2022-10-13,2022-10-24,11,Hospital Nacional Docente,Institución,San Juan de Lurigancho,Coordinación,959684848,hospitalnaci14@hotmail.com,"Av. Las Torres 1472, San Juan de Lurigancho",Magnetoterapia,Emme,Magnetomed 7200,EMM-4939,N/A,Falla en placa de potencia (reparable),Reparación de placa de potencia,No,"Cliente rechazó cambio de placa, se optó por reparación",Coordinador Técnico,COT-2022-0168,INF-2022-0168,PEN,981.31
2022,Recepción,2022-10-14,2022-10-21,7,Clínica Primavera SAC,Clínica,Miraflores,Administración,989089901,clínicaprima5@hotmail.com,"Av. Los Próceres 1654, Miraflores",Laser baja potencia,Carsi,Lasermed 60mW,CAR-5055,Teclado membrana,Falla en teclado membrana,Cambio de teclado membrana,No,Sin observaciones adicionales,Coordinador Técnico,COT-2022-0151,INF-2022-0151,PEN,240.43
2022,Recepción,2022-10-15,2022-10-16,1,Maribel Salud SAC,Clínica,San Miguel,Administración,966629388,maribelsalud2@gmail.com,"Av. Los Próceres 291, San Miguel",Dermatoscopios,Dermlitex,DL4W,DER-8973,Lente,Mantenimiento por limpieza de lente,Limpieza y mantenimiento de lente,No,Cliente solicitó revisión urgente,Coordinador Técnico,COT-2022-0010,INF-2022-0010,PEN,69.4
2022,Visita,2022-10-17,2022-10-18,1,Centro Médico El Progreso,Clínica,San Miguel,Encargado de compras,918526544,centromédico25@hotmail.com,"Av. Central 1320, San Miguel",Ultrasonido,Emme,Ultrasonic 1300,EMM-4803,Teclado membrana,Falla en teclado membrana,Cambio de teclado membrana + Mantenimiento preventivo anual,Sí,,Coordinador Técnico,COT-2022-0169,INF-2022-0169,PEN,357.48
2022,Visita,2022-10-19,2022-10-26,7,Patricia Gómez Vásquez EIRL,Consultorio independiente,Cercado de Lima,Administración,924942603,patriciagóme0@gmail.com,"Av. La Marina 663, Cercado de Lima",Laser baja potencia,Carsi,Lasermed 100mW,CAR-1908,Cable de poder,Falla en cable de poder,Cambio de cable de poder + Mantenimiento preventivo anual,Sí,Sin observaciones adicionales,Coordinador Técnico,COT-2022-0208,INF-2022-0208,PEN,170.96
2022,Recepción,2022-10-24,2022-10-25,1,Alfa y Omega Rehabilitación,Clínica,La Molina,Administración,977827638,alfayomegare3@outlook.com,"Av. Los Próceres 1249, La Molina",Ultrasonido,Emme,Ultrasonic 1300,EMM-7532,Cable de aplicador US,Falso contacto en cable de aplicador,Cambio de cable de aplicador,No,Cliente solicitó revisión urgente,Coordinador Técnico,COT-2022-0124,INF-2022-0124,PEN,196.71
2022,Recepción,2022-10-24,2022-10-28,4,Patricia Gómez Vásquez EIRL,Consultorio independiente,Cercado de Lima,Administración,924942603,patriciagóme0@gmail.com,"Av. La Marina 663, Cercado de Lima",Magnetoterapia,Emme,Magnetomed 8400,EMM-6869,N/A,Falla en placa de potencia (reparable),Reparación de placa de potencia + Mantenimiento preventivo anual,Sí,,Coordinador Técnico,COT-2022-0194,INF-2022-0194,PEN,342.51
2022,Visita,2022-10-25,2022-10-26,1,Maribel Salud SAC,Clínica,San Miguel,Administración,966629388,maribelsalud2@gmail.com,"Av. Los Próceres 291, San Miguel",Ultrasonido,Carsi,Sonomed V,CAR-1645,Cable de aplicador US,Falso contacto en cable de aplicador,Cambio de cable de aplicador + Mantenimiento preventivo anual,Sí,"Equipo antiguo, se recomienda mantenimiento anual",Coordinador Técnico,COT-2022-0067,INF-2022-0067,PEN,260.46
2022,Recepción,2022-10-27,2022-10-30,3,Patricia Gómez Vásquez EIRL,Consultorio independiente,Cercado de Lima,Administración,924942603,patriciagóme0@gmail.com,"Av. La Marina 663, Cercado de Lima",Ultrasonido,Emme,Ultrasonic 1300,EMM-8231,N/A,Descalibración,Calibración de equipo + Mantenimiento preventivo anual,Sí,"Cliente rechazó cambio de placa, se optó por reparación",Coordinador Técnico,COT-2022-0189,INF-2022-0189,PEN,233.29
2022,Recepción,2022-10-28,2022-10-29,1,Patricia Gómez Vásquez EIRL,Consultorio independiente,Cercado de Lima,Administración,924942603,patriciagóme0@gmail.com,"Av. La Marina 663, Cercado de Lima",Ultrasonido,Carsi,Sonomed V,CAR-1510,N/A,Descalibración,Calibración de equipo,No,Equipo con uso intensivo diario,Coordinador Técnico,COT-2022-0077,INF-2022-0077,PEN,132.71
2022,Recepción,2022-10-29,2022-11-01,3,Patricia Gómez Vásquez EIRL,Consultorio independiente,Cercado de Lima,Administración,924942603,patriciagóme0@gmail.com,"Av. La Marina 663, Cercado de Lima",Ultrasonido,Carsi,Sonomed V,CAR-4878,Cable de aplicador US,Falso contacto en cable de aplicador,Cambio de cable de aplicador + Mantenimiento preventivo anual,Sí,,Coordinador Técnico,COT-2022-0018,INF-2022-0018,PEN,258.72
2022,Recepción,2022-10-31,2022-11-06,6,Parroquia Nuestra Señora de Chaclacayo,Institución,San Borja,Recepción,956164955,parroquianue8@outlook.com,"Av. El Sol 1752, San Borja",Dermatoscopios,Dermlitex,DL4,DER-5687,Lente,Mantenimiento por limpieza de lente,Limpieza y mantenimiento de lente + Mantenimiento preventivo anual,Sí,,Coordinador Técnico,COT-2022-0242,INF-2022-0242,PEN,119.12
2022,Recepción,2022-11-03,2022-11-18,15,Seguro Social de Salud,Institución (VIP),Chosica,Encargado de compras,971662963,segurosocial9@outlook.com,"Av. Los Próceres 1988, Chosica",Dermatoscopios,Dermlitex,DL5,DER-1699,N/A,Falla en placa por caída,Reparación de placa por caída + Mantenimiento preventivo anual,Sí,Sin observaciones adicionales,Coordinador Técnico,COT-2022-0220,INF-2022-0220,PEN,3216.19
2022,Recepción,2022-11-08,2022-11-14,6,Patricia Gómez Vásquez EIRL,Consultorio independiente,Cercado de Lima,Administración,924942603,patriciagóme0@gmail.com,"Av. La Marina 663, Cercado de Lima",Magnetoterapia,Emme,Magnetomed 7200,EMM-2376,Teclado membrana,Falla en teclado membrana,Cambio de teclado membrana + Mantenimiento preventivo anual,Sí,"Cliente rechazó cambio de placa, se optó por reparación",Coordinador Técnico,COT-2022-0219,INF-2022-0219,PEN,225.31
2022,Recepción,2022-11-09,2022-11-12,3,Corporación de Servicios Médicos del Sur,Clínica,Chosica,Administración,966722344,corporaciónd6@hotmail.com,"Av. El Sol 418, Chosica",Magnetoterapia,Meditek,Magnetherp 330,MED-5403,Carcasa de bobina,Rotura de carcasa de bobina plana (orejas de correa),Cambio de carcasa de accesorio + Mantenimiento preventivo anual,Sí,Se coordinó con el cliente por retraso de repuesto importado,Coordinador Técnico,COT-2022-0207,INF-2022-0207,PEN,172.64
2022,Visita,2022-11-22,2022-11-25,3,Clínica Primavera SAC,Clínica,Miraflores,Administración,989089901,clínicaprima5@hotmail.com,"Av. Los Próceres 1654, Miraflores",Electroterapia,Biomedikal,Impulse 3000T,BIO-6198,Cable de electrodos,Falso contacto en cable de electrodos,Cambio de cable de electrodos,No,,Coordinador Técnico,COT-2022-0028,INF-2022-0028,PEN,137.8
2022,Recepción,2022-11-22,2022-12-02,10,Seguro Social de Salud,Institución (VIP),Chosica,Encargado de compras,971662963,segurosocial9@outlook.com,"Av. Los Próceres 1988, Chosica",Laser baja potencia,Carsi,Lasermed 60mW,CAR-3209,N/A,Descalibración,Calibración de equipo + Mantenimiento preventivo anual,Sí,Equipo con uso intensivo diario,Coordinador Técnico,COT-2022-0108,INF-2022-0108,PEN,1489.11
2022,Recepción,2022-11-25,2022-11-27,2,Corporación de Servicios Médicos del Sur,Clínica,Chosica,Administración,966722344,corporaciónd6@hotmail.com,"Av. El Sol 418, Chosica",Ultrasonido,Carsi,Sonomed IV,CAR-1086,Cable de aplicador US,Falso contacto en cable de aplicador,Cambio de cable de aplicador,No,Equipo con uso intensivo diario,Coordinador Técnico,COT-2022-0104,INF-2022-0104,PEN,184.66
2022,Recepción,2022-11-30,2022-12-03,3,Patricia Gómez Vásquez EIRL,Consultorio independiente,Cercado de Lima,Administración,924942603,patriciagóme0@gmail.com,"Av. La Marina 663, Cercado de Lima",Magnetoterapia,Storz Medikal,Magnetolith,STO-1742,Cable de poder,Falla en cable de poder,Cambio de cable de poder + Mantenimiento preventivo anual,Sí,Equipo con uso intensivo diario,Coordinador Técnico,COT-2022-0071,INF-2022-0071,PEN,182.42
2022,Recepción,2022-12-01,2022-12-02,1,Maribel Salud SAC,Clínica,San Miguel,Administración,966629388,maribelsalud2@gmail.com,"Av. Los Próceres 291, San Miguel",Magnetoterapia,Storz Medikal,Magnetolith,STO-3937,Cable de aplicador,Falso contacto en cable de aplicador (bobina),Cambio de cable de aplicador + Mantenimiento preventivo anual,Sí,Equipo con uso intensivo diario,Coordinador Técnico,COT-2022-0164,INF-2022-0164,PEN,235.92
2022,Recepción,2022-12-02,2022-12-09,7,Seguro Social de Salud,Institución (VIP),Chosica,Encargado de compras,971662963,segurosocial9@outlook.com,"Av. Los Próceres 1988, Chosica",Magnetoterapia,Meditek,Magnetherp 440,MED-4362,Cable de aplicador,Falso contacto en cable de aplicador (bobina),Cambio de cable de aplicador + Mantenimiento preventivo anual,Sí,Equipo con uso intensivo diario,Coordinador Técnico,COT-2022-0074,INF-2022-0074,PEN,1614.18
2022,Recepción,2022-12-03,2022-12-05,2,Maribel Salud SAC,Clínica,San Miguel,Administración,966629388,maribelsalud2@gmail.com,"Av. Los Próceres 291, San Miguel",Ultrasonido,Carsi,Sonomed V,CAR-4882,Fusible,Fusible quemado,Cambio de fusibles + Mantenimiento preventivo anual,Sí,Cliente solicitó revisión urgente,Coordinador Técnico,COT-2022-0190,INF-2022-0190,PEN,172.43
2022,Recepción,2022-12-03,2022-12-07,4,Maribel Salud SAC,Clínica,San Miguel,Administración,966629388,maribelsalud2@gmail.com,"Av. Los Próceres 291, San Miguel",Ultrasonido,Carsi,Sonomed V,CAR-6110,Cable de poder,Falla en cable de poder,Cambio de cable de poder + Mantenimiento preventivo anual,Sí,"Equipo antiguo, se recomienda mantenimiento anual",Coordinador Técnico,COT-2022-0181,INF-2022-0181,PEN,184.11
2022,Visita,2022-12-05,2022-12-09,4,Patricia Gómez Vásquez EIRL,Consultorio independiente,Cercado de Lima,Administración,924942603,patriciagóme0@gmail.com,"Av. La Marina 663, Cercado de Lima",Magnetoterapia,Emme,Magnetomed 8400,EMM-7511,N/A,Descalibración,Calibración de equipo + Mantenimiento preventivo anual,Sí,,Coordinador Técnico,COT-2022-0069,INF-2022-0069,PEN,199.16
2022,Recepción,2022-12-05,2022-12-10,5,Centro Médico El Progreso,Clínica,San Miguel,Encargado de compras,918526544,centromédico25@hotmail.com,"Av. Central 1320, San Miguel",Magnetoterapia,Storz Medikal,Magnetolith,STO-7895,Carcasa de bobina,Rotura de carcasa de bobina plana (orejas de correa),Cambio de carcasa de accesorio,No,"Equipo antiguo, se recomienda mantenimiento anual",Coordinador Técnico,COT-2022-0203,INF-2022-0203,PEN,124.82
2022,Recepción,2022-12-05,2022-12-07,2,Alfa y Omega Rehabilitación,Clínica,La Molina,Administración,977827638,alfayomegare3@outlook.com,"Av. Los Próceres 1249, La Molina",Magnetoterapia,Emme,Magnetomed 7200,EMM-3340,N/A,Descalibración,Calibración de equipo + Mantenimiento preventivo anual,Sí,Equipo con uso intensivo diario,Practicante,COT-2022-0199,INF-2022-0199,PEN,222.37
2022,Recepción,2022-12-06,2022-12-09,3,Carlos Alberto Santos,Paciente / equipo propio,Chosica,Administración,997226012,carlosalbert4@outlook.com,"Av. Las Flores 959, Chosica",Dermatoscopios,Dermlitex,DL4,DER-4836,Botonera,Botones dañados,Cambio de botones + Mantenimiento preventivo anual,Sí,Sin observaciones adicionales,Coordinador Técnico,COT-2022-0197,INF-2022-0197,PEN,103.01
2022,Visita,2022-12-07,2022-12-08,1,Maribel Salud SAC,Clínica,San Miguel,Administración,966629388,maribelsalud2@gmail.com,"Av. Los Próceres 291, San Miguel",Electroterapia,Biomedikal,Biostim NMS,BIO-2922,Cable de electrodos,Falso contacto en cable de electrodos,Cambio de cable de electrodos,No,Se coordinó con el cliente por retraso de repuesto importado,Practicante,COT-2022-0158,INF-2022-0158,PEN,156.91
2022,Recepción,2022-12-07,2022-12-13,6,Mefyre - Cuerpo de Emergencias,Institución,La Molina,Recepción,928728463,mefyrecuerpo1@outlook.com,"Av. Los Próceres 1485, La Molina",Ultrasonido,Carsi,Sonomed IV,CAR-7936,Cable de aplicador US,Falso contacto en cable de aplicador,Cambio de cable de aplicador,No,Equipo con uso intensivo diario,Coordinador Técnico,COT-2022-0240,INF-2022-0240,PEN,197.02
2022,Recepción,2022-12-09,2022-12-11,2,Lic. Jorge Injante Terapia Física,Consultorio independiente,San Isidro,Coordinación,945935572,licjorgeinja19@gmail.com,"Av. Las Torres 1970, San Isidro",Electroterapia,Emme,Therapic 9200,EMM-9318,N/A,Descalibración,Calibración de equipo + Mantenimiento preventivo anual,Sí,"Equipo antiguo, se recomienda mantenimiento anual",Coordinador Técnico,COT-2022-0057,INF-2022-0057,PEN,201.97
2022,Recepción,2022-12-10,2022-12-18,8,Mefyre - Cuerpo de Emergencias,Institución,La Molina,Recepción,928728463,mefyrecuerpo1@outlook.com,"Av. Los Próceres 1485, La Molina",Compreseros Calientes,Nacional Perú,Compresero 12 unid.,NAC-8905,Fusible,Fusible quemado,Cambio de fusibles,No,Sin observaciones adicionales,Coordinador Técnico,COT-2022-0056,INF-2022-0056,PEN,75.44
2022,Visita,2022-12-11,2022-12-13,2,Clínica Primavera SAC,Clínica,Miraflores,Administración,989089901,clínicaprima5@hotmail.com,"Av. Los Próceres 1654, Miraflores",Compreseros Calientes,Nacional Perú,Compresero 24 unid.,NAC-5505,N/A,Descalibración de temperatura,Calibración de temperatura,No,"Cliente rechazó cambio de placa, se optó por reparación",Coordinador Técnico,COT-2022-0078,INF-2022-0078,PEN,122.58
2022,Recepción,2022-12-13,2022-12-18,5,Carlos Alberto Santos,Paciente / equipo propio,Chosica,Administración,997226012,carlosalbert4@outlook.com,"Av. Las Flores 959, Chosica",Magnetoterapia,Emme,Magnetomed 8400,EMM-1857,Carcasa de bobina,Rotura de carcasa de bobina plana (orejas de correa),Cambio de carcasa de accesorio,No,,Coordinador Técnico,COT-2022-0095,INF-2022-0095,PEN,76.07
2022,Recepción,2022-12-16,2022-12-21,5,Mefyre - Cuerpo de Emergencias,Institución,La Molina,Recepción,928728463,mefyrecuerpo1@outlook.com,"Av. Los Próceres 1485, La Molina",Ultrasonido,Emme,Ultrasonic 1500,EMM-5846,Cable de aplicador US,Falso contacto en cable de aplicador,Cambio de cable de aplicador + Mantenimiento preventivo anual,Sí,,Coordinador Técnico,COT-2022-0098,INF-2022-0098,PEN,243.04
2022,Visita,2022-12-16,2022-12-19,3,Lic. Mónica Torres Fisioterapia,Consultorio independiente,Los Olivos,Coordinación,942857966,licmónicator16@gmail.com,"Av. Central 877, Los Olivos",Ultrasonido,Emme,Ultrasonic 1300,EMM-1475,N/A,Descalibración,Calibración de equipo,No,Sin observaciones adicionales,Coordinador Técnico,COT-2022-0032,INF-2022-0032,PEN,85.36
2022,Recepción,2022-12-17,2022-12-18,1,Corporación de Servicios Médicos del Sur,Clínica,Chosica,Administración,966722344,corporaciónd6@hotmail.com,"Av. El Sol 418, Chosica",Compresero Frío,Nacional Perú,Compresero frío 6 unid.,NAC-7955,N/A,Mantenimiento preventivo (sin falla registrada),Mantenimiento preventivo general,No,Equipo con uso intensivo diario,Coordinador Técnico,COT-2022-0111,INF-2022-0111,PEN,101.34
2022,Recepción,2022-12-17,2022-12-19,2,Trauma Médika EIRL,Clínica (VIP),Comas,Recepción,948840994,traumamédika12@gmail.com,"Av. Las Torres 1874, Comas",Electroterapia,Biomedikal,Quadstar II,BIO-5853,Cable de electrodos,Falso contacto en cable de electrodos,Cambio de cable de electrodos + Mantenimiento preventivo anual,Sí,Cliente solicitó revisión urgente,Coordinador Técnico,COT-2022-0044,INF-2022-0044,USD,918.9
2022,Visita,2022-12-21,2022-12-31,10,Alfa y Omega Rehabilitación,Clínica,La Molina,Administración,977827638,alfayomegare3@outlook.com,"Av. Los Próceres 1249, La Molina",Laser baja potencia,Carsi,Lasermed 60mW,CAR-6713,Cánula láser,Falso contacto en cable de cánula láser,Cambio de cable de cánula láser,No,Sin observaciones adicionales,Practicante,COT-2022-0250,INF-2022-0250,PEN,126.26
2022,Recepción,2022-12-21,2022-12-25,4,Maribel Salud SAC,Clínica,San Miguel,Administración,966629388,maribelsalud2@gmail.com,"Av. Los Próceres 291, San Miguel",Ultrasonido,Carsi,Sonomed V,CAR-5658,Cable de aplicador US,Falso contacto en cable de aplicador,Cambio de cable de aplicador + Mantenimiento preventivo anual,Sí,Sin observaciones adicionales,Practicante,COT-2022-0045,INF-2022-0045,PEN,264.3
2022,Recepción,2022-12-24,2022-12-28,4,NoPain Centro de Rehabilitación,Clínica,Comas,Recepción,955176955,nopaincentro7@gmail.com,"Av. Los Próceres 878, Comas",Ultrasonido,Carsi,Sonomed IV,CAR-5067,N/A,Falla en placa de potencia (reparable),Reparación de placa de potencia,No,Sin observaciones adicionales,Coordinador Técnico,COT-2022-0210,INF-2022-0210,PEN,440.84
2022,Recepción,2022-12-26,2022-12-30,4,Alfa y Omega Rehabilitación,Clínica,La Molina,Administración,977827638,alfayomegare3@outlook.com,"Av. Los Próceres 1249, La Molina",Laser baja potencia,Carsi,Lasermed 100mW,CAR-5065,Cánula láser,Falso contacto en cable de cánula láser,Cambio de cable de cánula láser,No,"Equipo antiguo, se recomienda mantenimiento anual",Coordinador Técnico,COT-2022-0019,INF-2022-0019,PEN,165.32
2022,Recepción,2022-12-27,2023-01-03,7,Maribel Salud SAC,Clínica,San Miguel,Administración,966629388,maribelsalud2@gmail.com,"Av. Los Próceres 291, San Miguel",Ultrasonido,Carsi,Sonomed IV,CAR-2442,Cable de aplicador US,Falso contacto en cable de aplicador,Cambio de cable de aplicador,No,"Equipo antiguo, se recomienda mantenimiento anual",Coordinador Técnico,COT-2022-0053,INF-2022-0053,PEN,172.13
2022,Recepción,2022-12-27,2022-12-29,2,Carlos Alberto Santos,Paciente / equipo propio,Chosica,Administración,997226012,carlosalbert4@outlook.com,"Av. Las Flores 959, Chosica",Electroterapia,Emme,Therapic 9400,EMM-3399,Cable de electrodos,Falso contacto en cable de electrodos,Cambio de cable de electrodos,No,"Equipo antiguo, se recomienda mantenimiento anual",Coordinador Técnico,COT-2022-0136,INF-2022-0136,PEN,72.64
2022,Recepción,2022-12-28,2023-01-05,8,Clínica Primavera SAC,Clínica,Miraflores,Administración,989089901,clínicaprima5@hotmail.com,"Av. Los Próceres 1654, Miraflores",Compreseros Calientes,Nacional Perú,Compresero 12 unid.,NAC-6876,N/A,Descalibración de temperatura,Calibración de temperatura + Mantenimiento preventivo anual,Sí,Equipo con uso intensivo diario,Coordinador Técnico,COT-2022-0073,INF-2022-0073,PEN,224.24
2022,Visita,2022-12-28,2022-12-30,2,Carlos Alberto Santos,Paciente / equipo propio,Chosica,Administración,997226012,carlosalbert4@outlook.com,"Av. Las Flores 959, Chosica",Dermatoscopios,Dermlitex,DL200HR,DER-6210,Lente,Mantenimiento por limpieza de lente,Limpieza y mantenimiento de lente,No,,Coordinador Técnico,COT-2022-0225,INF-2022-0225,PEN,42.25
2022,Recepción,2022-12-28,2022-12-31,3,Fisioterapia San Rafael,Consultorio independiente,Chosica,Administración,996977837,fisioterapia15@gmail.com,"Av. Las Flores 1400, Chosica",Ultrasonido,Carsi,Sonomed V,CAR-9498,Teclado membrana,Falla en teclado membrana,Cambio de teclado membrana + Mantenimiento preventivo anual,Sí,Cliente solicitó revisión urgente,Coordinador Técnico,COT-2022-0133,INF-2022-0133,PEN,318.29
2022,Visita,2022-12-28,2022-12-31,3,Federación Peruana de Voleibol,Institución (VIP),San Miguel,Administración,935808537,federaciónpe11@outlook.com,"Av. Los Próceres 193, San Miguel",Electroterapia,Emme,Therapic 9400,EMM-3881,Cable de electrodos,Falso contacto en cable de electrodos,Cambio de cable de electrodos + Mantenimiento preventivo anual,Sí,,Coordinador Técnico,COT-2022-0027,INF-2022-0027,PEN,970.51
2022,Recepción,2022-12-29,2023-01-13,15,Parroquia Nuestra Señora de Chaclacayo,Institución,San Borja,Recepción,956164955,parroquianue8@outlook.com,"Av. El Sol 1752, San Borja",Magnetoterapia,Storz Medikal,Magnetolith,STO-2653,Cable de aplicador,Falso contacto en cable de aplicador (bobina),Cambio de cable de aplicador,No,"Cliente rechazó cambio de placa, se optó por reparación",Coordinador Técnico,COT-2022-0152,INF-2022-0152,PEN,91.69
2022,Recepción,2022-12-30,2023-01-04,5,Clínica Los Álamos SAC,Clínica,Magdalena,Coordinación,995899313,clínicalosál17@outlook.com,"Av. Las Flores 549, Magdalena",Ondas de Choque Radial,Ztorz Medikal,Masterpuls MP200,ZTO-7658,Aplicador,Aplicador superó límite de disparos,Cambio de aplicador por límite de disparos,No,Sin observaciones adicionales,Coordinador Técnico,COT-2022-0009,INF-2022-0009,PEN,3534.63
2022,Recepción,2022-12-31,2023-01-02,2,Maribel Salud SAC,Clínica,San Miguel,Administración,966629388,maribelsalud2@gmail.com,"Av. Los Próceres 291, San Miguel",Ultrasonido,Emme,Ultrasonic 1500,EMM-3317,N/A,Descalibración,Calibración de equipo + Mantenimiento preventivo anual,Sí,"Equipo antiguo, se recomienda mantenimiento anual",Coordinador Técnico,COT-2022-0096,INF-2022-0096,PEN,272.73
2023,Recepción,2023-01-04,2023-01-09,5,Centro de Rehabilitación Vitalis,Clínica,Jesús María,Coordinación,917507864,centrodereha18@gmail.com,"Av. Los Próceres 1748, Jesús María",Compreseros Calientes,Nacional Perú,Compresero 12 unid.,NAC-8317,N/A,Descalibración de temperatura,Calibración de temperatura + Mantenimiento preventivo anual,Sí,"Equipo antiguo, se recomienda mantenimiento anual",Coordinador Técnico,COT-2023-0174,INF-2023-0174,PEN,213.19
2023,Recepción,2023-01-04,2023-01-06,2,Clínica Los Álamos SAC,Clínica,Magdalena,Coordinación,995899313,clínicalosál17@outlook.com,"Av. Las Flores 549, Magdalena",Laser baja potencia,Carsi,Lasermed 100mW,CAR-6759,N/A,Descalibración,Calibración de equipo,No,Cliente solicitó revisión urgente,Coordinador Técnico,COT-2023-0180,INF-2023-0180,PEN,152.53
2023,Recepción,2023-01-05,2023-01-10,5,Seguro Social de Salud,Institución (VIP),Chosica,Encargado de compras,971662963,segurosocial9@outlook.com,"Av. Los Próceres 1988, Chosica",Magnetoterapia,Meditek,Magnetherp 330,MED-5775,Fusible,Fusible quemado,Cambio de fusibles,No,Sin observaciones adicionales,Coordinador Técnico,COT-2023-0164,INF-2023-0164,PEN,498.26
2023,Recepción,2023-01-12,2023-01-13,1,Policlínico San Judas,Clínica,Chosica,Coordinación,988461803,policlínicos22@hotmail.com,"Av. Las Flores 917, Chosica",Laser baja potencia,Carsi,Lasermed 60mW,CAR-2972,N/A,Descalibración,Calibración de equipo + Mantenimiento preventivo anual,Sí,Se coordinó con el cliente por retraso de repuesto importado,Coordinador Técnico,COT-2023-0080,INF-2023-0080,PEN,216.5
2023,Visita,2023-01-19,2023-01-25,6,NoPain Centro de Rehabilitación,Clínica,Comas,Recepción,955176955,nopaincentro7@gmail.com,"Av. Los Próceres 878, Comas",Ondas de Choque Radial,Ztorz Medikal,Masterpuls MP ONE,ZTO-6793,Aplicador,Aplicador superó límite de disparos,Cambio de aplicador por límite de disparos,No,Equipo con uso intensivo diario,Coordinador Técnico,COT-2023-0150,INF-2023-0150,PEN,3015.75
2023,Recepción,2023-01-22,2023-01-24,2,Lic. Rosa Ibarra Terapia Física,Consultorio independiente,Jesús María,Encargado de compras,924716857,licrosaibarr24@gmail.com,"Av. La Marina 427, Jesús María",Ultrasonido,Carsi,Sonomed V,CAR-4994,Cable de poder,Falla en cable de poder,Cambio de cable de poder,No,Equipo con uso intensivo diario,Coordinador Técnico,COT-2023-0040,INF-2023-0040,PEN,72.95
2023,Recepción,2023-01-26,2023-01-28,2,Maribel Salud SAC,Clínica,San Miguel,Administración,966629388,maribelsalud2@gmail.com,"Av. Los Próceres 291, San Miguel",Lampara Infrarroja,Genérico,Lámpara infrarroja,GEN-3883,N/A,Mantenimiento preventivo (sin falla registrada),Mantenimiento preventivo general,No,Se coordinó con el cliente por retraso de repuesto importado,Coordinador Técnico,COT-2023-0256,INF-2023-0256,PEN,129.85
2023,Recepción,2023-01-27,2023-01-31,4,Alfa y Omega Rehabilitación,Clínica,La Molina,Administración,977827638,alfayomegare3@outlook.com,"Av. Los Próceres 1249, La Molina",Laser baja potencia,Carsi,Lasermed 100mW,CAR-9767,N/A,Descalibración,Calibración de equipo + Mantenimiento preventivo anual,Sí,Equipo con uso intensivo diario,Coordinador Técnico,COT-2023-0092,INF-2023-0092,PEN,219.61
2023,Recepción,2023-02-06,2023-02-10,4,Parroquia Nuestra Señora de Chaclacayo,Institución,San Borja,Recepción,956164955,parroquianue8@outlook.com,"Av. El Sol 1752, San Borja",Magnetoterapia,Emme,Magnetomed 8400,EMM-2442,Cable de aplicador,Falso contacto en cable de aplicador (bobina),Cambio de cable de aplicador,No,Se coordinó con el cliente por retraso de repuesto importado,Coordinador Técnico,COT-2023-0196,INF-2023-0196,PEN,167.46
2023,Recepción,2023-02-09,2023-02-21,12,Patricia Gómez Vásquez EIRL,Consultorio independiente,Cercado de Lima,Administración,924942603,patriciagóme0@gmail.com,"Av. La Marina 663, Cercado de Lima",Laser alta potencia,Emme,Bipower Lux,EMM-5178,N/A,Caso particular de fábrica,Reparación según diagnóstico particular,No,Equipo con uso intensivo diario,Coordinador Técnico,COT-2023-0037,INF-2023-0037,PEN,275.85
2023,Recepción,2023-02-09,2023-02-11,2,Clínica Primavera SAC,Clínica,Miraflores,Administración,989089901,clínicaprima5@hotmail.com,"Av. Los Próceres 1654, Miraflores",Compreseros Calientes,Nacional Perú,Compresero 12 unid.,NAC-9598,Fusible,Fusible quemado,Cambio de fusibles + Mantenimiento preventivo anual,Sí,,Practicante,COT-2023-0021,INF-2023-0021,PEN,143.49
2023,Recepción,2023-02-10,2023-02-15,5,Mefyre - Cuerpo de Emergencias,Institución,La Molina,Recepción,928728463,mefyrecuerpo1@outlook.com,"Av. Los Próceres 1485, La Molina",Electroterapia,Emme,Therapic 9400,EMM-2351,Cable de electrodos,Falso contacto en cable de electrodos,Cambio de cable de electrodos + Mantenimiento preventivo anual,Sí,Cliente solicitó revisión urgente,Coordinador Técnico,COT-2023-0173,INF-2023-0173,PEN,260.26
2023,Recepción,2023-02-15,2023-02-19,4,Alfa y Omega Rehabilitación,Clínica,La Molina,Administración,977827638,alfayomegare3@outlook.com,"Av. Los Próceres 1249, La Molina",Laser baja potencia,Carsi,Lasermed 100mW,CAR-3762,Cánula láser,Falso contacto en cable de cánula láser,Cambio de cable de cánula láser,No,"Cliente rechazó cambio de placa, se optó por reparación",Coordinador Técnico,COT-2023-0008,INF-2023-0008,PEN,126.08
2023,Recepción,2023-02-16,2023-02-18,2,Clínica Los Álamos SAC,Clínica,Magdalena,Coordinación,995899313,clínicalosál17@outlook.com,"Av. Las Flores 549, Magdalena",Ultrasonido,Emme,Ultrasonic 1300,EMM-5496,Aplicador US,Desgaste de cristal piezoeléctrico de aplicador,Cambio de piezoeléctrico de aplicador,No,"Equipo antiguo, se recomienda mantenimiento anual",Coordinador Técnico,COT-2023-0144,INF-2023-0144,PEN,226.91
2023,Recepción,2023-02-16,2023-02-20,4,Patricia Gómez Vásquez EIRL,Consultorio independiente,Cercado de Lima,Administración,924942603,patriciagóme0@gmail.com,"Av. La Marina 663, Cercado de Lima",Laser baja potencia,Carsi,Lasermed 100mW,CAR-8889,N/A,Falla en placa de potencia (reparable),Reparación de placa de potencia,No,Se coordinó con el cliente por retraso de repuesto importado,Coordinador Técnico,COT-2023-0170,INF-2023-0170,PEN,404.45
2023,Recepción,2023-02-18,2023-02-24,6,Federación Peruana de Voleibol,Institución (VIP),San Miguel,Administración,935808537,federaciónpe11@outlook.com,"Av. Los Próceres 193, San Miguel",Ultrasonido,Emme,Ultrasonic 1300,EMM-8074,Teclado membrana,Falla en teclado membrana,Cambio de teclado membrana,No,"Cliente rechazó cambio de placa, se optó por reparación",Practicante,COT-2023-0178,INF-2023-0178,PEN,1110.96
2023,Recepción,2023-02-24,2023-03-02,6,Hospital Nacional Docente,Institución,San Juan de Lurigancho,Coordinación,959684848,hospitalnaci14@hotmail.com,"Av. Las Torres 1472, San Juan de Lurigancho",Ultrasonido,Emme,Ultrasonic 1300,EMM-3589,Cable de aplicador US,Falso contacto en cable de aplicador,Cambio de cable de aplicador,No,,Coordinador Técnico,COT-2023-0199,INF-2023-0199,PEN,180.7
2023,Recepción,2023-02-25,2023-02-27,2,NoPain Centro de Rehabilitación,Clínica,Comas,Recepción,955176955,nopaincentro7@gmail.com,"Av. Los Próceres 878, Comas",Electroterapia,Emme,Therapic 9200,EMM-8557,Cable de electrodos,Falso contacto en cable de electrodos,Cambio de cable de electrodos,No,Se coordinó con el cliente por retraso de repuesto importado,Practicante,COT-2023-0049,INF-2023-0049,PEN,156.52
2023,Recepción,2023-02-27,2023-03-02,3,Maribel Salud SAC,Clínica,San Miguel,Administración,966629388,maribelsalud2@gmail.com,"Av. Los Próceres 291, San Miguel",Magnetoterapia,Emme,Magnetomed 7200,EMM-5760,Carcasa de bobina,Rotura de carcasa de bobina plana (orejas de correa),Cambio de carcasa de accesorio,No,"Equipo antiguo, se recomienda mantenimiento anual",Coordinador Técnico,COT-2023-0017,INF-2023-0017,PEN,95.15
2023,Recepción,2023-03-02,2023-03-08,6,Alfa y Omega Rehabilitación,Clínica,La Molina,Administración,977827638,alfayomegare3@outlook.com,"Av. Los Próceres 1249, La Molina",Electroterapia,Biomedikal,Quadstar II,BIO-2436,Cable de electrodos,Falso contacto en cable de electrodos,Cambio de cable de electrodos + Mantenimiento preventivo anual,Sí,Equipo con uso intensivo diario,Coordinador Técnico,COT-2023-0142,INF-2023-0142,PEN,234.28
2023,Visita,2023-03-02,2023-03-06,4,Clínica Primavera SAC,Clínica,Miraflores,Administración,989089901,clínicaprima5@hotmail.com,"Av. Los Próceres 1654, Miraflores",Ultrasonido,Carsi,Sonomed IV,CAR-2948,Cable de aplicador US,Falso contacto en cable de aplicador,Cambio de cable de aplicador + Mantenimiento preventivo anual,Sí,"Equipo antiguo, se recomienda mantenimiento anual",Coordinador Técnico,COT-2023-0233,INF-2023-0233,PEN,285.98
2023,Recepción,2023-03-04,2023-03-11,7,Parroquia Nuestra Señora de Chaclacayo,Institución,San Borja,Recepción,956164955,parroquianue8@outlook.com,"Av. El Sol 1752, San Borja",Dermatoscopios,Dermlitex,DL200HR,DER-9071,Lente,Mantenimiento por limpieza de lente,Limpieza y mantenimiento de lente + Mantenimiento preventivo anual,Sí,"Cliente rechazó cambio de placa, se optó por reparación",Practicante,COT-2023-0078,INF-2023-0078,PEN,118.71
2023,Recepción,2023-03-05,2023-03-06,1,Patricia Gómez Vásquez EIRL,Consultorio independiente,Cercado de Lima,Administración,924942603,patriciagóme0@gmail.com,"Av. La Marina 663, Cercado de Lima",Compreseros Calientes,Nacional Perú,Compresero 24 unid.,NAC-7704,N/A,Descalibración de temperatura,Calibración de temperatura,No,Equipo con uso intensivo diario,Coordinador Técnico,COT-2023-0027,INF-2023-0027,PEN,110.02
2023,Visita,2023-03-07,2023-03-20,13,Parroquia Nuestra Señora de Chaclacayo,Institución,San Borja,Recepción,956164955,parroquianue8@outlook.com,"Av. El Sol 1752, San Borja",Ultrasonido,Emme,Ultrasonic 1500,EMM-1352,N/A,Falla en placa de potencia (reparable),Reparación de placa de potencia + Mantenimiento preventivo anual,Sí,Equipo con uso intensivo diario,Practicante,COT-2023-0125,INF-2023-0125,PEN,474.92
2023,Recepción,2023-03-07,2023-03-09,2,IAFAS Fuerza Aeroespacial del Perú,Institución (VIP),Ate,Coordinación,984093639,iafasfuerzaa10@hotmail.com,"Av. La Marina 1366, Ate",Ultrasonido,Carsi,Sonomed V,CAR-9027,N/A,Falla en placa de control (reparable),Reparación de placa de control + Mantenimiento preventivo anual,Sí,Se coordinó con el cliente por retraso de repuesto importado,Practicante,COT-2023-0133,INF-2023-0133,PEN,1734.6
2023,Recepción,2023-03-07,2023-03-15,8,Seguro Social de Salud,Institución (VIP),Chosica,Encargado de compras,971662963,segurosocial9@outlook.com,"Av. Los Próceres 1988, Chosica",Magnetoterapia,Storz Medikal,Magnetolith,STO-6228,Cable de aplicador,Falso contacto en cable de aplicador (bobina),Cambio de cable de aplicador,No,,Coordinador Técnico,COT-2023-0155,INF-2023-0155,PEN,738.63
2023,Recepción,2023-03-07,2023-03-25,18,Carlos Alberto Santos,Paciente / equipo propio,Chosica,Administración,997226012,carlosalbert4@outlook.com,"Av. Las Flores 959, Chosica",Ultrasonido,Emme,Ultrasonic 1500,EMM-6087,Cable de aplicador US,Falso contacto en cable de aplicador,Cambio de cable de aplicador,No,Sin observaciones adicionales,Coordinador Técnico,COT-2023-0255,INF-2023-0255,PEN,61.99
2023,Recepción,2023-03-07,2023-03-09,2,Lic. Rosa Ibarra Terapia Física,Consultorio independiente,Jesús María,Encargado de compras,924716857,licrosaibarr24@gmail.com,"Av. La Marina 427, Jesús María",Magnetoterapia,Emme,Magnetomed 7200,EMM-4033,Fusible,Fusible quemado,Cambio de fusibles + Mantenimiento preventivo anual,Sí,Sin observaciones adicionales,Coordinador Técnico,COT-2023-0236,INF-2023-0236,PEN,144.97
2023,Recepción,2023-03-07,2023-03-11,4,Clínica Primavera SAC,Clínica,Miraflores,Administración,989089901,clínicaprima5@hotmail.com,"Av. Los Próceres 1654, Miraflores",Magnetoterapia,Emme,Magnetomed 8400,EMM-7853,N/A,Descalibración,Calibración de equipo + Mantenimiento preventivo anual,Sí,Cliente solicitó revisión urgente,Coordinador Técnico,COT-2023-0270,INF-2023-0270,PEN,276.5
2023,Recepción,2023-03-08,2023-03-12,4,Parroquia Nuestra Señora de Chaclacayo,Institución,San Borja,Recepción,956164955,parroquianue8@outlook.com,"Av. El Sol 1752, San Borja",Electroterapia,Biomedikal,Biostim NMS,BIO-3131,Cable de electrodos,Falso contacto en cable de electrodos,Cambio de cable de electrodos + Mantenimiento preventivo anual,Sí,,Coordinador Técnico,COT-2023-0266,INF-2023-0266,PEN,229.19
2023,Recepción,2023-03-11,2023-03-12,1,Instituto Peruano del Deporte - Sede Sur,Institución,La Molina,Encargado de compras,997971488,institutoper20@hotmail.com,"Av. Central 1911, La Molina",Laser baja potencia,Carsi,Lasermed 100mW,CAR-9579,N/A,Descalibración,Calibración de equipo,No,"Equipo antiguo, se recomienda mantenimiento anual",Coordinador Técnico,COT-2023-0153,INF-2023-0153,PEN,423.2
2023,Recepción,2023-03-12,2023-03-14,2,NoPain Centro de Rehabilitación,Clínica,Comas,Recepción,955176955,nopaincentro7@gmail.com,"Av. Los Próceres 878, Comas",Magnetoterapia,Meditek,Magnetherp 200,MED-1351,Cable de aplicador,Falso contacto en cable de aplicador (bobina),Cambio de cable de aplicador,No,"Equipo antiguo, se recomienda mantenimiento anual",Coordinador Técnico,COT-2023-0213,INF-2023-0213,PEN,135.37
2023,Recepción,2023-03-13,2023-03-15,2,Patricia Gómez Vásquez EIRL,Consultorio independiente,Cercado de Lima,Administración,924942603,patriciagóme0@gmail.com,"Av. La Marina 663, Cercado de Lima",Electroterapia,Emme,Therapic 9400,EMM-3636,N/A,Descalibración,Calibración de equipo + Mantenimiento preventivo anual,Sí,"Equipo antiguo, se recomienda mantenimiento anual",Coordinador Técnico,COT-2023-0033,INF-2023-0033,PEN,171.8
2023,Visita,2023-03-15,2023-03-18,3,Maribel Salud SAC,Clínica,San Miguel,Administración,966629388,maribelsalud2@gmail.com,"Av. Los Próceres 291, San Miguel",Electroterapia,Emme,Therapic 9200,EMM-3243,Cable de electrodos,Falso contacto en cable de electrodos,Cambio de cable de electrodos,No,Cliente solicitó revisión urgente,Coordinador Técnico,COT-2023-0224,INF-2023-0224,PEN,138.53
2023,Recepción,2023-03-16,2023-03-17,1,NoPain Centro de Rehabilitación,Clínica,Comas,Recepción,955176955,nopaincentro7@gmail.com,"Av. Los Próceres 878, Comas",Ondas de Choque Radial,Ztorz Medikal,Masterpuls MP200,ZTO-6690,Aplicador,Aplicador superó límite de disparos,Cambio de aplicador por límite de disparos + Mantenimiento preventivo anual,Sí,,Coordinador Técnico,COT-2023-0102,INF-2023-0102,PEN,2022.41
2023,Visita,2023-03-16,2023-03-26,10,Patricia Gómez Vásquez EIRL,Consultorio independiente,Cercado de Lima,Administración,924942603,patriciagóme0@gmail.com,"Av. La Marina 663, Cercado de Lima",Laser alta potencia,Emme,Lasermed 2200,EMM-6495,N/A,Descalibración,Calibración de equipo,No,Equipo con uso intensivo diario,Coordinador Técnico,COT-2023-0223,INF-2023-0223,PEN,159.07
2023,Visita,2023-03-16,2023-03-24,8,Alfa y Omega Rehabilitación,Clínica,La Molina,Administración,977827638,alfayomegare3@outlook.com,"Av. Los Próceres 1249, La Molina",Electroterapia,Biomedikal,Impulse 3000T,BIO-2914,N/A,Falla en placa de control por caída (equipo portátil),Reparación de placa de control,No,"Equipo antiguo, se recomienda mantenimiento anual",Coordinador Técnico,COT-2023-0219,INF-2023-0219,PEN,468.05
2023,Recepción,2023-03-17,2023-03-19,2,Parroquia Nuestra Señora de Chaclacayo,Institución,San Borja,Recepción,956164955,parroquianue8@outlook.com,"Av. El Sol 1752, San Borja",Electroterapia,Biomedikal,Biostim NMS,BIO-1369,Cable de electrodos,Falso contacto en cable de electrodos,Cambio de cable de electrodos + Mantenimiento preventivo anual,Sí,Equipo con uso intensivo diario,Coordinador Técnico,COT-2023-0220,INF-2023-0220,PEN,203.52
2023,Recepción,2023-03-18,2023-03-22,4,Parroquia Nuestra Señora de Chaclacayo,Institución,San Borja,Recepción,956164955,parroquianue8@outlook.com,"Av. El Sol 1752, San Borja",Magnetoterapia,Emme,Magnetomed 7200,EMM-9548,Teclado membrana,Falla en teclado membrana,Cambio de teclado membrana,No,Sin observaciones adicionales,Coordinador Técnico,COT-2023-0203,INF-2023-0203,PEN,265.82
2023,Recepción,2023-03-19,2023-03-21,2,Federación Peruana de Voleibol,Institución (VIP),San Miguel,Administración,935808537,federaciónpe11@outlook.com,"Av. Los Próceres 193, San Miguel",Magnetoterapia,Emme,Magnetomed 8400,EMM-8017,Cable de aplicador,Falso contacto en cable de aplicador (bobina),Cambio de cable de aplicador,No,Cliente solicitó revisión urgente,Coordinador Técnico,COT-2023-0051,INF-2023-0051,PEN,618.08
2023,Recepción,2023-03-19,2023-03-21,2,Patricia Gómez Vásquez EIRL,Consultorio independiente,Cercado de Lima,Administración,924942603,patriciagóme0@gmail.com,"Av. La Marina 663, Cercado de Lima",Dermatoscopios,Dermlitex,DL100,DER-9383,Lente,Mantenimiento por limpieza de lente,Limpieza y mantenimiento de lente + Mantenimiento preventivo anual,Sí,Equipo con uso intensivo diario,Coordinador Técnico,COT-2023-0016,INF-2023-0016,PEN,135.27
2023,Recepción,2023-03-20,2023-04-05,16,Centro Médico El Progreso,Clínica,San Miguel,Encargado de compras,918526544,centromédico25@hotmail.com,"Av. Central 1320, San Miguel",Dermatoscopios,Dermlitex,DL5,DER-6068,Botonera,Botones dañados,Cambio de botones + Mantenimiento preventivo anual,Sí,Cliente solicitó revisión urgente,Practicante,COT-2023-0089,INF-2023-0089,PEN,181.71
2023,Recepción,2023-03-20,2023-03-28,8,Corporación de Servicios Médicos del Sur,Clínica,Chosica,Administración,966722344,corporaciónd6@hotmail.com,"Av. El Sol 418, Chosica",Electroterapia,Biomedikal,Impulse 3000T,BIO-8069,Electrodos,Electrodos desgastados,Cambio de electrodos + Mantenimiento preventivo anual,Sí,"Cliente rechazó cambio de placa, se optó por reparación",Practicante,COT-2023-0064,INF-2023-0064,PEN,157.82
2023,Recepción,2023-03-21,2023-03-26,5,Mefyre - Cuerpo de Emergencias,Institución,La Molina,Recepción,928728463,mefyrecuerpo1@outlook.com,"Av. Los Próceres 1485, La Molina",Electroterapia,Biomedikal,Biostim NMS,BIO-5523,N/A,Descalibración,Calibración de equipo,No,"Cliente rechazó cambio de placa, se optó por reparación",Coordinador Técnico,COT-2023-0100,INF-2023-0100,PEN,143.42
2023,Visita,2023-03-21,2023-03-22,1,Patricia Gómez Vásquez EIRL,Consultorio independiente,Cercado de Lima,Administración,924942603,patriciagóme0@gmail.com,"Av. La Marina 663, Cercado de Lima",Ultrasonido,Carsi,Sonomed IV,CAR-8171,Fusible,Fusible quemado,Cambio de fusibles,No,"Cliente rechazó cambio de placa, se optó por reparación",Coordinador Técnico,COT-2023-0018,INF-2023-0018,PEN,46.82
2023,Visita,2023-03-21,2023-03-25,4,Mefyre - Cuerpo de Emergencias,Institución,La Molina,Recepción,928728463,mefyrecuerpo1@outlook.com,"Av. Los Próceres 1485, La Molina",Ultrasonido,Emme,Ultrasonic 1500,EMM-2938,N/A,Descalibración,Calibración de equipo + Mantenimiento preventivo anual,Sí,Se coordinó con el cliente por retraso de repuesto importado,Coordinador Técnico,COT-2023-0059,INF-2023-0059,PEN,197.1
2023,Recepción,2023-03-22,2023-04-04,13,Corporación de Servicios Médicos del Sur,Clínica,Chosica,Administración,966722344,corporaciónd6@hotmail.com,"Av. El Sol 418, Chosica",Magnetoterapia,Storz Medikal,Magnetolith,STO-9605,Cable de aplicador,Falso contacto en cable de aplicador (bobina),Cambio de cable de aplicador,No,"Equipo antiguo, se recomienda mantenimiento anual",Practicante,COT-2023-0258,INF-2023-0258,PEN,199.48
2023,Recepción,2023-03-22,2023-03-29,7,Alfa y Omega Rehabilitación,Clínica,La Molina,Administración,977827638,alfayomegare3@outlook.com,"Av. Los Próceres 1249, La Molina",Electroterapia,Biomedikal,Quadstar II,BIO-2804,N/A,Falla en placa de control por caída (equipo portátil),Reparación de placa de control,No,"Equipo antiguo, se recomienda mantenimiento anual",Coordinador Técnico,COT-2023-0200,INF-2023-0200,PEN,467.56
2023,Recepción,2023-03-23,2023-03-27,4,Fisiosalud Andina SAC,Clínica,La Molina,Recepción,928566572,fisiosaludan23@outlook.com,"Av. Central 286, La Molina",Ultrasonido,Emme,Ultrasonic 1500,EMM-9096,Cable de aplicador US,Falso contacto en cable de aplicador,Cambio de cable de aplicador + Mantenimiento preventivo anual,Sí,Equipo con uso intensivo diario,Practicante,COT-2023-0269,INF-2023-0269,PEN,242.55
2023,Recepción,2023-03-23,2023-03-29,6,Carlos Alberto Santos,Paciente / equipo propio,Chosica,Administración,997226012,carlosalbert4@outlook.com,"Av. Las Flores 959, Chosica",Ultrasonido,Carsi,Sonomed IV,CAR-9561,Cable de aplicador US,Falso contacto en cable de aplicador,Cambio de cable de aplicador,No,Equipo con uso intensivo diario,Coordinador Técnico,COT-2023-0066,INF-2023-0066,PEN,113.54
2023,Recepción,2023-03-25,2023-04-07,13,Federación Peruana de Voleibol,Institución (VIP),San Miguel,Administración,935808537,federaciónpe11@outlook.com,"Av. Los Próceres 193, San Miguel",Laser baja potencia,Carsi,Lasermed 60mW,CAR-2497,N/A,Descalibración,Calibración de equipo,No,Se coordinó con el cliente por retraso de repuesto importado,Coordinador Técnico,COT-2023-0101,INF-2023-0101,PEN,468.48
2023,Recepción,2023-03-27,2023-03-31,4,Patricia Gómez Vásquez EIRL,Consultorio independiente,Cercado de Lima,Administración,924942603,patriciagóme0@gmail.com,"Av. La Marina 663, Cercado de Lima",Ultrasonido,Carsi,Sonomed V,CAR-6364,Cable de aplicador US,Falso contacto en cable de aplicador,Cambio de cable de aplicador,No,Sin observaciones adicionales,Coordinador Técnico,COT-2023-0163,INF-2023-0163,PEN,137.25
2023,Recepción,2023-03-28,2023-04-01,4,Patricia Gómez Vásquez EIRL,Consultorio independiente,Cercado de Lima,Administración,924942603,patriciagóme0@gmail.com,"Av. La Marina 663, Cercado de Lima",Laser baja potencia,Carsi,Lasermed 60mW,CAR-2577,Cánula láser,Falso contacto en cable de cánula láser,Cambio de cable de cánula láser + Mantenimiento preventivo anual,Sí,Cliente solicitó revisión urgente,Coordinador Técnico,COT-2023-0063,INF-2023-0063,PEN,248.87
2023,Recepción,2023-03-29,2023-04-08,10,Maribel Salud SAC,Clínica,San Miguel,Administración,966629388,maribelsalud2@gmail.com,"Av. Los Próceres 291, San Miguel",Masoterapia,Genérico,Equipo de masoterapia,GEN-6196,N/A,Caso particular / falla no recurrente,Reparación según diagnóstico particular,No,,Coordinador Técnico,COT-2023-0263,INF-2023-0263,PEN,185.47
2023,Recepción,2023-03-29,2023-04-05,7,Maribel Salud SAC,Clínica,San Miguel,Administración,966629388,maribelsalud2@gmail.com,"Av. Los Próceres 291, San Miguel",Magnetoterapia,Emme,Magnetomed 8400,EMM-5146,N/A,Descalibración,Calibración de equipo,No,Equipo con uso intensivo diario,Coordinador Técnico,COT-2023-0140,INF-2023-0140,PEN,101.84
2023,Recepción,2023-04-01,2023-04-03,2,Maribel Salud SAC,Clínica,San Miguel,Administración,966629388,maribelsalud2@gmail.com,"Av. Los Próceres 291, San Miguel",Electroterapia,Emme,Therapic 9400,EMM-8161,Cable de electrodos,Falso contacto en cable de electrodos,Cambio de cable de electrodos + Mantenimiento preventivo anual,Sí,Sin observaciones adicionales,Practicante,COT-2023-0093,INF-2023-0093,PEN,189.59
2023,Visita,2023-04-03,2023-04-09,6,Alfa y Omega Rehabilitación,Clínica,La Molina,Administración,977827638,alfayomegare3@outlook.com,"Av. Los Próceres 1249, La Molina",Masoterapia,Genérico,Equipo de masoterapia,GEN-6954,N/A,Caso particular / falla no recurrente,Reparación según diagnóstico particular,No,Se coordinó con el cliente por retraso de repuesto importado,Coordinador Técnico,COT-2023-0257,INF-2023-0257,PEN,418.68
2023,Visita,2023-04-03,2023-04-11,8,Centro de Rehabilitación Vitalis,Clínica,Jesús María,Coordinación,917507864,centrodereha18@gmail.com,"Av. Los Próceres 1748, Jesús María",Magnetoterapia,Storz Medikal,Magnetolith,STO-3525,Carcasa de bobina,Rotura de carcasa de bobina plana (orejas de correa),Cambio de carcasa de accesorio,No,,Coordinador Técnico,COT-2023-0175,INF-2023-0175,PEN,159.35
2023,Visita,2023-04-04,2023-04-09,5,Patricia Gómez Vásquez EIRL,Consultorio independiente,Cercado de Lima,Administración,924942603,patriciagóme0@gmail.com,"Av. La Marina 663, Cercado de Lima",Electroterapia,Emme,Therapic 9200,EMM-5098,Cable de electrodos,Falso contacto en cable de electrodos,Cambio de cable de electrodos + Mantenimiento preventivo anual,Sí,Se coordinó con el cliente por retraso de repuesto importado,Practicante,COT-2023-0074,INF-2023-0074,PEN,223.73
2023,Recepción,2023-04-05,2023-04-08,3,Corporación de Servicios Médicos del Sur,Clínica,Chosica,Administración,966722344,corporaciónd6@hotmail.com,"Av. El Sol 418, Chosica",Ultrasonido,Carsi,Sonomed V,CAR-5671,Cable de aplicador US,Falso contacto en cable de aplicador,Cambio de cable de aplicador,No,"Cliente rechazó cambio de placa, se optó por reparación",Coordinador Técnico,COT-2023-0050,INF-2023-0050,PEN,180.56
2023,Recepción,2023-04-06,2023-04-09,3,Clínica Primavera SAC,Clínica,Miraflores,Administración,989089901,clínicaprima5@hotmail.com,"Av. Los Próceres 1654, Miraflores",Ultrasonido,Emme,Ultrasonic 1300,EMM-6902,Teclado membrana,Falla en teclado membrana,Cambio de teclado membrana + Mantenimiento preventivo anual,Sí,,Coordinador Técnico,COT-2023-0167,INF-2023-0167,PEN,302.02
2023,Recepción,2023-04-09,2023-04-17,8,Alfa y Omega Rehabilitación,Clínica,La Molina,Administración,977827638,alfayomegare3@outlook.com,"Av. Los Próceres 1249, La Molina",Ultrasonido,Carsi,Sonomed IV,CAR-6950,Cable de aplicador US,Falso contacto en cable de aplicador,Cambio de cable de aplicador + Mantenimiento preventivo anual,Sí,Se coordinó con el cliente por retraso de repuesto importado,Practicante,COT-2023-0087,INF-2023-0087,PEN,230.74
2023,Recepción,2023-04-11,2023-04-16,5,Patricia Gómez Vásquez EIRL,Consultorio independiente,Cercado de Lima,Administración,924942603,patriciagóme0@gmail.com,"Av. La Marina 663, Cercado de Lima",Magnetoterapia,Storz Medikal,Magnetolith,STO-1612,Carcasa de bobina,Rotura de carcasa de bobina plana (orejas de correa),Cambio de carcasa de accesorio,No,Sin observaciones adicionales,Coordinador Técnico,COT-2023-0248,INF-2023-0248,PEN,84.22
2023,Visita,2023-04-11,2023-04-12,1,Universidad Nacional del Centro,Institución,San Isidro,Coordinación,947308985,universidadn13@hotmail.com,"Av. La Marina 1808, San Isidro",Magnetoterapia,Emme,Magnetomed 8400,EMM-3440,Cable de aplicador,Falso contacto en cable de aplicador (bobina),Cambio de cable de aplicador,No,"Cliente rechazó cambio de placa, se optó por reparación",Coordinador Técnico,COT-2023-0204,INF-2023-0204,PEN,304.22
2023,Recepción,2023-04-12,2023-04-19,7,Alfa y Omega Rehabilitación,Clínica,La Molina,Administración,977827638,alfayomegare3@outlook.com,"Av. Los Próceres 1249, La Molina",Magnetoterapia,Meditek,Magnetherp 330,MED-2990,Carcasa de bobina,Rotura de carcasa de bobina plana (orejas de correa),Cambio de carcasa de accesorio + Mantenimiento preventivo anual,Sí,Equipo con uso intensivo diario,Coordinador Técnico,COT-2023-0217,INF-2023-0217,PEN,224.0
2023,Recepción,2023-04-12,2023-04-17,5,Maribel Salud SAC,Clínica,San Miguel,Administración,966629388,maribelsalud2@gmail.com,"Av. Los Próceres 291, San Miguel",Laser baja potencia,Carsi,Lasermed 60mW,CAR-4039,Cánula láser,Falso contacto en cable de cánula láser,Cambio de cable de cánula láser + Mantenimiento preventivo anual,Sí,Equipo con uso intensivo diario,Coordinador Técnico,COT-2023-0104,INF-2023-0104,PEN,239.85
2023,Recepción,2023-04-12,2023-04-17,5,Patricia Gómez Vásquez EIRL,Consultorio independiente,Cercado de Lima,Administración,924942603,patriciagóme0@gmail.com,"Av. La Marina 663, Cercado de Lima",Electroterapia,Biomedikal,Quadstar II,BIO-7296,Electrodos,Electrodos desgastados,Cambio de electrodos,No,Sin observaciones adicionales,Coordinador Técnico,COT-2023-0070,INF-2023-0070,PEN,52.48
2023,Recepción,2023-04-13,2023-04-26,13,Fisiosalud Andina SAC,Clínica,La Molina,Recepción,928566572,fisiosaludan23@outlook.com,"Av. Central 286, La Molina",Laser baja potencia,Carsi,Lasermed 100mW,CAR-3732,Cánula láser,Falso contacto en cable de cánula láser,Cambio de cable de cánula láser + Mantenimiento preventivo anual,Sí,Equipo con uso intensivo diario,Coordinador Técnico,COT-2023-0019,INF-2023-0019,PEN,247.13
2023,Recepción,2023-04-13,2023-04-16,3,Maribel Salud SAC,Clínica,San Miguel,Administración,966629388,maribelsalud2@gmail.com,"Av. Los Próceres 291, San Miguel",Magnetoterapia,Emme,Magnetomed 7200,EMM-7262,Cable de poder,Falla en cable de poder,Cambio de cable de poder,No,"Cliente rechazó cambio de placa, se optó por reparación",Coordinador Técnico,COT-2023-0127,INF-2023-0127,PEN,113.39
2023,Recepción,2023-04-13,2023-04-15,2,Clínica Primavera SAC,Clínica,Miraflores,Administración,989089901,clínicaprima5@hotmail.com,"Av. Los Próceres 1654, Miraflores",Magnetoterapia,Storz Medikal,Magnetolith,STO-9837,Fusible,Fusible quemado,Cambio de fusibles + Mantenimiento preventivo anual,Sí,"Cliente rechazó cambio de placa, se optó por reparación",Coordinador Técnico,COT-2023-0245,INF-2023-0245,PEN,140.94
2023,Recepción,2023-04-14,2023-04-26,12,IAFAS Fuerza Aeroespacial del Perú,Institución (VIP),Ate,Coordinación,984093639,iafasfuerzaa10@hotmail.com,"Av. La Marina 1366, Ate",Ultrasonido,Carsi,Sonomed V,CAR-9971,N/A,Descalibración,Calibración de equipo + Mantenimiento preventivo anual,Sí,Cliente solicitó revisión urgente,Coordinador Técnico,COT-2023-0252,INF-2023-0252,PEN,1069.78
2023,Recepción,2023-04-14,2023-04-18,4,Instituto Peruano del Deporte - Sede Sur,Institución,La Molina,Encargado de compras,997971488,institutoper20@hotmail.com,"Av. Central 1911, La Molina",Electroterapia,Emme,Therapic 9200,EMM-3333,Cable de electrodos,Falso contacto en cable de electrodos,Cambio de cable de electrodos,No,Cliente solicitó revisión urgente,Practicante,COT-2023-0048,INF-2023-0048,PEN,377.31
2023,Recepción,2023-04-16,2023-04-17,1,Mefyre - Cuerpo de Emergencias,Institución,La Molina,Recepción,928728463,mefyrecuerpo1@outlook.com,"Av. Los Próceres 1485, La Molina",Electroterapia,Biomedikal,Quadstar II,BIO-7540,Cable de electrodos,Falso contacto en cable de electrodos,Cambio de cable de electrodos,No,"Equipo antiguo, se recomienda mantenimiento anual",Coordinador Técnico,COT-2023-0118,INF-2023-0118,PEN,141.43
2023,Recepción,2023-04-16,2023-04-18,2,Federación Peruana de Voleibol,Institución (VIP),San Miguel,Administración,935808537,federaciónpe11@outlook.com,"Av. Los Próceres 193, San Miguel",Magnetoterapia,Meditek,Magnetherp 440,MED-2783,Cable de aplicador,Falso contacto en cable de aplicador (bobina),Cambio de cable de aplicador + Mantenimiento preventivo anual,Sí,Cliente solicitó revisión urgente,Coordinador Técnico,COT-2023-0052,INF-2023-0052,PEN,1019.39
2023,Recepción,2023-04-18,2023-04-21,3,Clínica Primavera SAC,Clínica,Miraflores,Administración,989089901,clínicaprima5@hotmail.com,"Av. Los Próceres 1654, Miraflores",Ultrasonido,Carsi,Sonomed IV,CAR-4296,Aplicador US,Desgaste de cristal piezoeléctrico de aplicador,Cambio de piezoeléctrico de aplicador,No,Se coordinó con el cliente por retraso de repuesto importado,Coordinador Técnico,COT-2023-0147,INF-2023-0147,PEN,361.21
2023,Recepción,2023-04-19,2023-04-22,3,Patricia Gómez Vásquez EIRL,Consultorio independiente,Cercado de Lima,Administración,924942603,patriciagóme0@gmail.com,"Av. La Marina 663, Cercado de Lima",Ultrasonido,Emme,Ultrasonic 1300,EMM-2639,Cable de aplicador US,Falso contacto en cable de aplicador,Cambio de cable de aplicador + Mantenimiento preventivo anual,Sí,Se coordinó con el cliente por retraso de repuesto importado,Coordinador Técnico,COT-2023-0249,INF-2023-0249,PEN,192.95
2023,Recepción,2023-04-19,2023-04-29,10,Seguro Social de Salud,Institución (VIP),Chosica,Encargado de compras,971662963,segurosocial9@outlook.com,"Av. Los Próceres 1988, Chosica",Magnetoterapia,Meditek,Magnetherp 330 NG,MED-8503,Cable de aplicador,Falso contacto en cable de aplicador (bobina),Cambio de cable de aplicador + Mantenimiento preventivo anual,Sí,"Equipo antiguo, se recomienda mantenimiento anual",Coordinador Técnico,COT-2023-0214,INF-2023-0214,PEN,1630.28
2023,Recepción,2023-04-20,2023-04-28,8,IAFAS Fuerza Aeroespacial del Perú,Institución (VIP),Ate,Coordinación,984093639,iafasfuerzaa10@hotmail.com,"Av. La Marina 1366, Ate",Magnetoterapia,Storz Medikal,Magnetolith,STO-2718,Cable de aplicador,Falso contacto en cable de aplicador (bobina),Cambio de cable de aplicador,No,"Cliente rechazó cambio de placa, se optó por reparación",Coordinador Técnico,COT-2023-0014,INF-2023-0014,PEN,828.39
2023,Recepción,2023-04-20,2023-04-21,1,Alfa y Omega Rehabilitación,Clínica,La Molina,Administración,977827638,alfayomegare3@outlook.com,"Av. Los Próceres 1249, La Molina",Ultrasonido,Carsi,Sonomed IV,CAR-6729,Teclado membrana,Falla en teclado membrana,Cambio de teclado membrana + Mantenimiento preventivo anual,Sí,"Cliente rechazó cambio de placa, se optó por reparación",Coordinador Técnico,COT-2023-0120,INF-2023-0120,PEN,330.84
2023,Recepción,2023-04-21,2023-04-22,1,Parroquia Nuestra Señora de Chaclacayo,Institución,San Borja,Recepción,956164955,parroquianue8@outlook.com,"Av. El Sol 1752, San Borja",Laser baja potencia,Carsi,Lasermed 100mW,CAR-9834,N/A,Descalibración,Calibración de equipo + Mantenimiento preventivo anual,Sí,,Coordinador Técnico,COT-2023-0171,INF-2023-0171,PEN,262.61
2023,Recepción,2023-04-21,2023-04-22,1,Alfa y Omega Rehabilitación,Clínica,La Molina,Administración,977827638,alfayomegare3@outlook.com,"Av. Los Próceres 1249, La Molina",Magnetoterapia,Storz Medikal,Magnetolith,STO-9534,Carcasa de bobina,Rotura de carcasa de bobina plana (orejas de correa),Cambio de carcasa de accesorio,No,Equipo con uso intensivo diario,Coordinador Técnico,COT-2023-0099,INF-2023-0099,PEN,139.99
2023,Recepción,2023-04-25,2023-05-05,10,Mefyre - Cuerpo de Emergencias,Institución,La Molina,Recepción,928728463,mefyrecuerpo1@outlook.com,"Av. Los Próceres 1485, La Molina",Magnetoterapia,Meditek,Magnetherp 440,MED-3018,Cable de aplicador,Falso contacto en cable de aplicador (bobina),Cambio de cable de aplicador,No,,Practicante,COT-2023-0028,INF-2023-0028,PEN,149.74
2023,Visita,2023-04-26,2023-04-28,2,NoPain Centro de Rehabilitación,Clínica,Comas,Recepción,955176955,nopaincentro7@gmail.com,"Av. Los Próceres 878, Comas",Ultrasonido,Emme,Ultrasonic 1300,EMM-3841,Cable de aplicador US,Falso contacto en cable de aplicador,Cambio de cable de aplicador,No,"Equipo antiguo, se recomienda mantenimiento anual",Coordinador Técnico,COT-2023-0193,INF-2023-0193,PEN,113.03
2023,Recepción,2023-04-28,2023-04-29,1,Maribel Salud SAC,Clínica,San Miguel,Administración,966629388,maribelsalud2@gmail.com,"Av. Los Próceres 291, San Miguel",Ultrasonido,Emme,Ultrasonic 1300,EMM-2166,Aplicador US,Desgaste de cristal piezoeléctrico de aplicador,Cambio de piezoeléctrico de aplicador + Mantenimiento preventivo anual,Sí,Sin observaciones adicionales,Coordinador Técnico,COT-2023-0006,INF-2023-0006,PEN,258.1
2023,Recepción,2023-04-28,2023-05-02,4,Carlos Alberto Santos,Paciente / equipo propio,Chosica,Administración,997226012,carlosalbert4@outlook.com,"Av. Las Flores 959, Chosica",Dermatoscopios,Dermlitex,DL4W,DER-3725,Botonera,Botones dañados,Cambio de botones + Mantenimiento preventivo anual,Sí,"Cliente rechazó cambio de placa, se optó por reparación",Coordinador Técnico,COT-2023-0215,INF-2023-0215,PEN,92.98
2023,Recepción,2023-04-28,2023-05-01,3,Maribel Salud SAC,Clínica,San Miguel,Administración,966629388,maribelsalud2@gmail.com,"Av. Los Próceres 291, San Miguel",Ultrasonido,Carsi,Sonomed IV,CAR-5521,Cable de poder,Falla en cable de poder,Cambio de cable de poder + Mantenimiento preventivo anual,Sí,"Cliente rechazó cambio de placa, se optó por reparación",Practicante,COT-2023-0113,INF-2023-0113,PEN,187.5
2023,Recepción,2023-04-28,2023-05-02,4,Carlos Alberto Santos,Paciente / equipo propio,Chosica,Administración,997226012,carlosalbert4@outlook.com,"Av. Las Flores 959, Chosica",Electroterapia,Biomedikal,Biostim NMS,BIO-5792,N/A,Falla en placa de control por caída (equipo portátil),Reparación de placa de control + Mantenimiento preventivo anual,Sí,,Coordinador Técnico,COT-2023-0124,INF-2023-0124,PEN,363.28
2023,Recepción,2023-04-29,2023-05-02,3,NoPain Centro de Rehabilitación,Clínica,Comas,Recepción,955176955,nopaincentro7@gmail.com,"Av. Los Próceres 878, Comas",Magnetoterapia,Emme,Magnetomed 8400,EMM-5728,Cable de aplicador,Falso contacto en cable de aplicador (bobina),Cambio de cable de aplicador + Mantenimiento preventivo anual,Sí,Cliente solicitó revisión urgente,Coordinador Técnico,COT-2023-0222,INF-2023-0222,PEN,245.58
2023,Recepción,2023-05-11,2023-05-19,8,Fisioterapia San Rafael,Consultorio independiente,Chosica,Administración,996977837,fisioterapia15@gmail.com,"Av. Las Flores 1400, Chosica",Dermatoscopios,Dermlitex,DL3,DER-3915,Lente,Mantenimiento por limpieza de lente,Limpieza y mantenimiento de lente + Mantenimiento preventivo anual,Sí,Sin observaciones adicionales,Coordinador Técnico,COT-2023-0183,INF-2023-0183,PEN,156.2
2023,Recepción,2023-05-11,2023-05-14,3,Universidad Nacional del Centro,Institución,San Isidro,Coordinación,947308985,universidadn13@hotmail.com,"Av. La Marina 1808, San Isidro",Ultrasonido,Carsi,Sonomed V,CAR-9784,N/A,Descalibración,Calibración de equipo + Mantenimiento preventivo anual,Sí,"Cliente rechazó cambio de placa, se optó por reparación",Coordinador Técnico,COT-2023-0134,INF-2023-0134,PEN,511.53
2023,Recepción,2023-05-14,2023-05-19,5,Seguro Social de Salud,Institución (VIP),Chosica,Encargado de compras,971662963,segurosocial9@outlook.com,"Av. Los Próceres 1988, Chosica",Compreseros Calientes,Nacional Perú,Compresero 24 unid.,NAC-6755,Resistencia,Resistencia dañada,Cambio de resistencia,No,Equipo con uso intensivo diario,Coordinador Técnico,COT-2023-0247,INF-2023-0247,PEN,726.38
2023,Recepción,2023-05-15,2023-05-17,2,Corporación de Servicios Médicos del Sur,Clínica,Chosica,Administración,966722344,corporaciónd6@hotmail.com,"Av. El Sol 418, Chosica",Laser baja potencia,Carsi,Lasermed 100mW,CAR-3087,N/A,Descalibración,Calibración de equipo + Mantenimiento preventivo anual,Sí,"Cliente rechazó cambio de placa, se optó por reparación",Coordinador Técnico,COT-2023-0160,INF-2023-0160,PEN,261.51
2023,Recepción,2023-05-16,2023-05-24,8,NoPain Centro de Rehabilitación,Clínica,Comas,Recepción,955176955,nopaincentro7@gmail.com,"Av. Los Próceres 878, Comas",Laser baja potencia,Carsi,Lasermed 100mW,CAR-4569,Cable de poder,Falla en cable de poder,Cambio de cable de poder + Mantenimiento preventivo anual,Sí,Cliente solicitó revisión urgente,Coordinador Técnico,COT-2023-0230,INF-2023-0230,PEN,201.68
2023,Recepción,2023-05-17,2023-05-18,1,NoPain Centro de Rehabilitación,Clínica,Comas,Recepción,955176955,nopaincentro7@gmail.com,"Av. Los Próceres 878, Comas",Ultrasonido,Carsi,Sonomed V,CAR-3525,Teclado membrana,Falla en teclado membrana,Cambio de teclado membrana,No,"Cliente rechazó cambio de placa, se optó por reparación",Coordinador Técnico,COT-2023-0105,INF-2023-0105,PEN,239.53
2023,Recepción,2023-05-19,2023-05-23,4,Mefyre - Cuerpo de Emergencias,Institución,La Molina,Recepción,928728463,mefyrecuerpo1@outlook.com,"Av. Los Próceres 1485, La Molina",Electroterapia,Biomedikal,Quadstar II,BIO-7550,Cable de electrodos,Falso contacto en cable de electrodos,Cambio de cable de electrodos + Mantenimiento preventivo anual,Sí,"Cliente rechazó cambio de placa, se optó por reparación",Coordinador Técnico,COT-2023-0114,INF-2023-0114,PEN,187.86
2023,Recepción,2023-05-20,2023-05-27,7,Maribel Salud SAC,Clínica,San Miguel,Administración,966629388,maribelsalud2@gmail.com,"Av. Los Próceres 291, San Miguel",Electroterapia,Emme,Therapic 9400,EMM-4419,Electrodos,Electrodos desgastados,Cambio de electrodos,No,Se coordinó con el cliente por retraso de repuesto importado,Coordinador Técnico,COT-2023-0107,INF-2023-0107,PEN,99.22
2023,Recepción,2023-05-21,2023-05-29,8,Alfa y Omega Rehabilitación,Clínica,La Molina,Administración,977827638,alfayomegare3@outlook.com,"Av. Los Próceres 1249, La Molina",Electroterapia,Emme,Therapic 9400,EMM-5519,Cable de electrodos,Falso contacto en cable de electrodos,Cambio de cable de electrodos + Mantenimiento preventivo anual,Sí,,Practicante,COT-2023-0126,INF-2023-0126,PEN,213.27
2023,Recepción,2023-05-22,2023-05-25,3,Parroquia Nuestra Señora de Chaclacayo,Institución,San Borja,Recepción,956164955,parroquianue8@outlook.com,"Av. El Sol 1752, San Borja",Electroterapia,Biomedikal,Impulse 3000T,BIO-1461,Cable de electrodos,Falso contacto en cable de electrodos,Cambio de cable de electrodos + Mantenimiento preventivo anual,Sí,"Cliente rechazó cambio de placa, se optó por reparación",Coordinador Técnico,COT-2023-0246,INF-2023-0246,PEN,216.37
2023,Recepción,2023-05-23,2023-05-24,1,NoPain Centro de Rehabilitación,Clínica,Comas,Recepción,955176955,nopaincentro7@gmail.com,"Av. Los Próceres 878, Comas",Ultrasonido,Emme,Ultrasonic 1300,EMM-9690,Teclado membrana,Falla en teclado membrana,Cambio de teclado membrana,No,,Coordinador Técnico,COT-2023-0177,INF-2023-0177,PEN,194.68
2023,Visita,2023-05-25,2023-05-26,1,Mefyre - Cuerpo de Emergencias,Institución,La Molina,Recepción,928728463,mefyrecuerpo1@outlook.com,"Av. Los Próceres 1485, La Molina",Laser baja potencia,Carsi,Lasermed 100mW,CAR-1893,Cánula láser,Falso contacto en cable de cánula láser,Cambio de cable de cánula láser,No,Cliente solicitó revisión urgente,Coordinador Técnico,COT-2023-0121,INF-2023-0121,PEN,190.13
2023,Recepción,2023-05-26,2023-05-28,2,Maribel Salud SAC,Clínica,San Miguel,Administración,966629388,maribelsalud2@gmail.com,"Av. Los Próceres 291, San Miguel",Magnetoterapia,Meditek,Magnetherp 330,MED-9748,Cable de aplicador,Falso contacto en cable de aplicador (bobina),Cambio de cable de aplicador,No,,Coordinador Técnico,COT-2023-0189,INF-2023-0189,PEN,148.38
2023,Recepción,2023-05-26,2023-05-28,2,Fisioterapia San Rafael,Consultorio independiente,Chosica,Administración,996977837,fisioterapia15@gmail.com,"Av. Las Flores 1400, Chosica",Dermatoscopios,Dermlitex,DL200HR,DER-2600,N/A,Falla en placa por caída,Reparación de placa por caída + Mantenimiento preventivo anual,Sí,Sin observaciones adicionales,Coordinador Técnico,COT-2023-0065,INF-2023-0065,PEN,392.83
2023,Recepción,2023-05-27,2023-05-30,3,Parroquia Nuestra Señora de Chaclacayo,Institución,San Borja,Recepción,956164955,parroquianue8@outlook.com,"Av. El Sol 1752, San Borja",Laser baja potencia,Carsi,Lasermed 100mW,CAR-4187,Teclado membrana,Falla en teclado membrana,Cambio de teclado membrana,No,Sin observaciones adicionales,Coordinador Técnico,COT-2023-0073,INF-2023-0073,PEN,177.31
2023,Recepción,2023-05-28,2023-06-01,4,Trauma Médika EIRL,Clínica (VIP),Comas,Recepción,948840994,traumamédika12@gmail.com,"Av. Las Torres 1874, Comas",Ultrasonido,Emme,Ultrasonic 1500,EMM-3683,N/A,Descalibración,Calibración de equipo,No,Cliente solicitó revisión urgente,Coordinador Técnico,COT-2023-0132,INF-2023-0132,USD,485.61
2023,Recepción,2023-05-28,2023-05-29,1,Patricia Gómez Vásquez EIRL,Consultorio independiente,Cercado de Lima,Administración,924942603,patriciagóme0@gmail.com,"Av. La Marina 663, Cercado de Lima",Ultrasonido,Carsi,Sonomed IV,CAR-8722,Teclado membrana,Falla en teclado membrana,Cambio de teclado membrana + Mantenimiento preventivo anual,Sí,"Cliente rechazó cambio de placa, se optó por reparación",Coordinador Técnico,COT-2023-0081,INF-2023-0081,PEN,229.65
2023,Recepción,2023-05-30,2023-06-02,3,Patricia Gómez Vásquez EIRL,Consultorio independiente,Cercado de Lima,Administración,924942603,patriciagóme0@gmail.com,"Av. La Marina 663, Cercado de Lima",Ultrasonido,Carsi,Sonomed IV,CAR-9856,N/A,Descalibración,Calibración de equipo + Mantenimiento preventivo anual,Sí,"Equipo antiguo, se recomienda mantenimiento anual",Practicante,COT-2023-0090,INF-2023-0090,PEN,176.87
2023,Recepción,2023-05-31,2023-06-08,8,Corporación de Servicios Médicos del Sur,Clínica,Chosica,Administración,966722344,corporaciónd6@hotmail.com,"Av. El Sol 418, Chosica",Laser alta potencia,Emme,Lasermed 2200,EMM-8780,N/A,Descalibración,Calibración de equipo,No,Se coordinó con el cliente por retraso de repuesto importado,Coordinador Técnico,COT-2023-0260,INF-2023-0260,PEN,111.3
2023,Recepción,2023-06-01,2023-06-04,3,Mefyre - Cuerpo de Emergencias,Institución,La Molina,Recepción,928728463,mefyrecuerpo1@outlook.com,"Av. Los Próceres 1485, La Molina",Laser alta potencia,Emme,Bipower Lux,EMM-6601,N/A,Caso particular de fábrica,Reparación según diagnóstico particular + Mantenimiento preventivo anual,Sí,Sin observaciones adicionales,Coordinador Técnico,COT-2023-0096,INF-2023-0096,PEN,300.52
2023,Recepción,2023-06-04,2023-06-13,9,Maribel Salud SAC,Clínica,San Miguel,Administración,966629388,maribelsalud2@gmail.com,"Av. Los Próceres 291, San Miguel",Laser baja potencia,Carsi,Lasermed 60mW,CAR-2390,N/A,Falla en placa de control (reparable),Reparación de placa de control,No,Se coordinó con el cliente por retraso de repuesto importado,Coordinador Técnico,COT-2023-0188,INF-2023-0188,PEN,395.27
2023,Visita,2023-06-07,2023-06-11,4,Trauma Médika EIRL,Clínica (VIP),Comas,Recepción,948840994,traumamédika12@gmail.com,"Av. Las Torres 1874, Comas",Masoterapia,Genérico,Equipo de masoterapia,GEN-9791,N/A,Caso particular / falla no recurrente,Reparación según diagnóstico particular + Mantenimiento preventivo anual,Sí,Cliente solicitó revisión urgente,Coordinador Técnico,COT-2023-0190,INF-2023-0190,USD,1863.84
2023,Recepción,2023-06-08,2023-06-20,12,Trauma Médika EIRL,Clínica (VIP),Comas,Recepción,948840994,traumamédika12@gmail.com,"Av. Las Torres 1874, Comas",Compreseros Calientes,Nacional Perú,Compresero 6 unid.,NAC-5227,N/A,Descalibración de temperatura,Calibración de temperatura,No,"Equipo antiguo, se recomienda mantenimiento anual",Coordinador Técnico,COT-2023-0159,INF-2023-0159,USD,512.12
2023,Visita,2023-06-11,2023-06-14,3,Alfa y Omega Rehabilitación,Clínica,La Molina,Administración,977827638,alfayomegare3@outlook.com,"Av. Los Próceres 1249, La Molina",Ondas de Choque Radial,Ztorz Medikal,Masterpuls MP200,ZTO-4339,Aplicador,Aplicador superó límite de disparos,Cambio de aplicador por límite de disparos,No,"Cliente rechazó cambio de placa, se optó por reparación",Coordinador Técnico,COT-2023-0122,INF-2023-0122,PEN,1857.89
2023,Visita,2023-06-13,2023-06-21,8,Corporación de Servicios Médicos del Sur,Clínica,Chosica,Administración,966722344,corporaciónd6@hotmail.com,"Av. El Sol 418, Chosica",Ultrasonido,Carsi,Sonomed IV,CAR-2605,Cable de poder,Falla en cable de poder,Cambio de cable de poder,No,Sin observaciones adicionales,Coordinador Técnico,COT-2023-0205,INF-2023-0205,PEN,113.55
2023,Recepción,2023-06-14,2023-06-23,9,Parroquia Nuestra Señora de Chaclacayo,Institución,San Borja,Recepción,956164955,parroquianue8@outlook.com,"Av. El Sol 1752, San Borja",Compreseros Calientes,Nacional Perú,Compresero 24 unid.,NAC-9967,Termostato,Termostato dañado,Cambio de termostato + Mantenimiento preventivo anual,Sí,"Equipo antiguo, se recomienda mantenimiento anual",Coordinador Técnico,COT-2023-0141,INF-2023-0141,PEN,216.23
2023,Recepción,2023-06-14,2023-06-20,6,Policlínico San Judas,Clínica,Chosica,Coordinación,988461803,policlínicos22@hotmail.com,"Av. Las Flores 917, Chosica",Ultrasonido,Carsi,Sonomed V,CAR-7920,Fusible,Fusible quemado,Cambio de fusibles,No,,Coordinador Técnico,COT-2023-0264,INF-2023-0264,PEN,86.69
2023,Recepción,2023-06-15,2023-06-19,4,Carlos Alberto Santos,Paciente / equipo propio,Chosica,Administración,997226012,carlosalbert4@outlook.com,"Av. Las Flores 959, Chosica",Magnetoterapia,Emme,Magnetomed 7200,EMM-4744,Cable de aplicador,Falso contacto en cable de aplicador (bobina),Cambio de cable de aplicador,No,,Coordinador Técnico,COT-2023-0082,INF-2023-0082,PEN,72.95
2023,Visita,2023-06-19,2023-06-25,6,NoPain Centro de Rehabilitación,Clínica,Comas,Recepción,955176955,nopaincentro7@gmail.com,"Av. Los Próceres 878, Comas",Ultrasonido,Carsi,Sonomed V,CAR-3903,Cable de aplicador US,Falso contacto en cable de aplicador,Cambio de cable de aplicador,No,Se coordinó con el cliente por retraso de repuesto importado,Coordinador Técnico,COT-2023-0029,INF-2023-0029,PEN,142.16
2023,Recepción,2023-06-19,2023-06-22,3,Clínica Primavera SAC,Clínica,Miraflores,Administración,989089901,clínicaprima5@hotmail.com,"Av. Los Próceres 1654, Miraflores",Ultrasonido,Emme,Ultrasonic 1500,EMM-5224,Teclado membrana,Falla en teclado membrana,Cambio de teclado membrana,No,Equipo con uso intensivo diario,Coordinador Técnico,COT-2023-0075,INF-2023-0075,PEN,296.54
2023,Recepción,2023-06-19,2023-06-24,5,Maribel Salud SAC,Clínica,San Miguel,Administración,966629388,maribelsalud2@gmail.com,"Av. Los Próceres 291, San Miguel",Compreseros Calientes,Nacional Perú,Compresero 12 unid.,NAC-8903,Resistencia,Resistencia dañada,Cambio de resistencia + Mantenimiento preventivo anual,Sí,Sin observaciones adicionales,Coordinador Técnico,COT-2023-0161,INF-2023-0161,PEN,202.02
2023,Recepción,2023-06-20,2023-06-21,1,Carlos Alberto Santos,Paciente / equipo propio,Chosica,Administración,997226012,carlosalbert4@outlook.com,"Av. Las Flores 959, Chosica",Magnetoterapia,Meditek,Magnetherp 330 NG,MED-7371,Cable de aplicador,Falso contacto en cable de aplicador (bobina),Cambio de cable de aplicador + Mantenimiento preventivo anual,Sí,Cliente solicitó revisión urgente,Practicante,COT-2023-0034,INF-2023-0034,PEN,185.12
2023,Recepción,2023-06-24,2023-06-29,5,Parroquia Nuestra Señora de Chaclacayo,Institución,San Borja,Recepción,956164955,parroquianue8@outlook.com,"Av. El Sol 1752, San Borja",Laser baja potencia,Carsi,Lasermed 100mW,CAR-7305,N/A,Descalibración,Calibración de equipo,No,Cliente solicitó revisión urgente,Coordinador Técnico,COT-2023-0022,INF-2023-0022,PEN,112.37
2023,Recepción,2023-06-25,2023-06-29,4,Centro Médico El Progreso,Clínica,San Miguel,Encargado de compras,918526544,centromédico25@hotmail.com,"Av. Central 1320, San Miguel",Ultrasonido,Carsi,Sonomed IV,CAR-5767,N/A,Descalibración,Calibración de equipo + Mantenimiento preventivo anual,Sí,Cliente solicitó revisión urgente,Practicante,COT-2023-0054,INF-2023-0054,PEN,198.41
2023,Visita,2023-06-25,2023-06-27,2,IAFAS Fuerza Aeroespacial del Perú,Institución (VIP),Ate,Coordinación,984093639,iafasfuerzaa10@hotmail.com,"Av. La Marina 1366, Ate",Compreseros Calientes,Nacional Perú,Compresero 12 unid.,NAC-4193,N/A,Descalibración de temperatura,Calibración de temperatura + Mantenimiento preventivo anual,Sí,"Cliente rechazó cambio de placa, se optó por reparación",Coordinador Técnico,COT-2023-0179,INF-2023-0179,PEN,908.0
2023,Visita,2023-06-30,2023-07-01,1,Maribel Salud SAC,Clínica,San Miguel,Administración,966629388,maribelsalud2@gmail.com,"Av. Los Próceres 291, San Miguel",Magnetoterapia,Storz Medikal,Magnetolith,STO-5528,Fusible,Fusible quemado,Cambio de fusibles,No,,Coordinador Técnico,COT-2023-0182,INF-2023-0182,PEN,48.41
2023,Recepción,2023-07-03,2023-07-09,6,Lic. Rosa Ibarra Terapia Física,Consultorio independiente,Jesús María,Encargado de compras,924716857,licrosaibarr24@gmail.com,"Av. La Marina 427, Jesús María",Electroterapia,Biomedikal,Impulse 3000T,BIO-5705,Cable de electrodos,Falso contacto en cable de electrodos,Cambio de cable de electrodos,No,Sin observaciones adicionales,Coordinador Técnico,COT-2023-0145,INF-2023-0145,PEN,93.47
2023,Recepción,2023-07-07,2023-07-08,1,Parroquia Nuestra Señora de Chaclacayo,Institución,San Borja,Recepción,956164955,parroquianue8@outlook.com,"Av. El Sol 1752, San Borja",Magnetoterapia,Meditek,Magnetherp 330,MED-5641,Cable de aplicador,Falso contacto en cable de aplicador (bobina),Cambio de cable de aplicador + Mantenimiento preventivo anual,Sí,"Cliente rechazó cambio de placa, se optó por reparación",Coordinador Técnico,COT-2023-0156,INF-2023-0156,PEN,232.26
2023,Recepción,2023-07-08,2023-07-14,6,Patricia Gómez Vásquez EIRL,Consultorio independiente,Cercado de Lima,Administración,924942603,patriciagóme0@gmail.com,"Av. La Marina 663, Cercado de Lima",Ultrasonido,Emme,Ultrasonic 1300,EMM-1865,Cable de aplicador US,Falso contacto en cable de aplicador,Cambio de cable de aplicador + Mantenimiento preventivo anual,Sí,,Coordinador Técnico,COT-2023-0242,INF-2023-0242,PEN,194.78
2023,Recepción,2023-07-08,2023-07-12,4,Fisioterapia San Rafael,Consultorio independiente,Chosica,Administración,996977837,fisioterapia15@gmail.com,"Av. Las Flores 1400, Chosica",Magnetoterapia,Storz Medikal,Magnetolith,STO-8972,Teclado membrana,Falla en teclado membrana,Cambio de teclado membrana + Mantenimiento preventivo anual,Sí,Equipo con uso intensivo diario,Coordinador Técnico,COT-2023-0162,INF-2023-0162,PEN,223.68
2023,Visita,2023-07-10,2023-07-13,3,Patricia Gómez Vásquez EIRL,Consultorio independiente,Cercado de Lima,Administración,924942603,patriciagóme0@gmail.com,"Av. La Marina 663, Cercado de Lima",Compreseros Calientes,Nacional Perú,Compresero 24 unid.,NAC-1578,N/A,Descalibración de temperatura,Calibración de temperatura + Mantenimiento preventivo anual,Sí,"Cliente rechazó cambio de placa, se optó por reparación",Coordinador Técnico,COT-2023-0003,INF-2023-0003,PEN,146.62
2023,Recepción,2023-07-13,2023-07-14,1,Instituto Peruano del Deporte - Sede Sur,Institución,La Molina,Encargado de compras,997971488,institutoper20@hotmail.com,"Av. Central 1911, La Molina",Laser baja potencia,Carsi,Lasermed 60mW,CAR-3930,Cánula láser,Falso contacto en cable de cánula láser,Cambio de cable de cánula láser,No,Sin observaciones adicionales,Coordinador Técnico,COT-2023-0137,INF-2023-0137,PEN,342.08
2023,Recepción,2023-07-13,2023-07-17,4,Mefyre - Cuerpo de Emergencias,Institución,La Molina,Recepción,928728463,mefyrecuerpo1@outlook.com,"Av. Los Próceres 1485, La Molina",Ultrasonido,Carsi,Sonomed IV,CAR-4495,N/A,Descalibración,Calibración de equipo,No,Se coordinó con el cliente por retraso de repuesto importado,Coordinador Técnico,COT-2023-0039,INF-2023-0039,PEN,109.19
2023,Recepción,2023-07-13,2023-07-18,5,Lic. Jorge Injante Terapia Física,Consultorio independiente,San Isidro,Coordinación,945935572,licjorgeinja19@gmail.com,"Av. Las Torres 1970, San Isidro",Laser baja potencia,Carsi,Lasermed 60mW,CAR-5067,N/A,Descalibración,Calibración de equipo,No,"Equipo antiguo, se recomienda mantenimiento anual",Coordinador Técnico,COT-2023-0030,INF-2023-0030,PEN,99.31
2023,Recepción,2023-07-14,2023-07-19,5,NoPain Centro de Rehabilitación,Clínica,Comas,Recepción,955176955,nopaincentro7@gmail.com,"Av. Los Próceres 878, Comas",Magnetoterapia,Meditek,Magnetherp 330 NG,MED-9031,Cable de poder,Falla en cable de poder,Cambio de cable de poder + Mantenimiento preventivo anual,Sí,"Equipo antiguo, se recomienda mantenimiento anual",Coordinador Técnico,COT-2023-0011,INF-2023-0011,PEN,235.7
2023,Visita,2023-07-15,2023-07-25,10,Instituto Peruano del Deporte - Sede Sur,Institución,La Molina,Encargado de compras,997971488,institutoper20@hotmail.com,"Av. Central 1911, La Molina",Laser baja potencia,Carsi,Lasermed 100mW,CAR-4057,N/A,Descalibración,Calibración de equipo + Mantenimiento preventivo anual,Sí,"Cliente rechazó cambio de placa, se optó por reparación",Coordinador Técnico,COT-2023-0103,INF-2023-0103,PEN,546.63
2023,Recepción,2023-07-17,2023-07-21,4,Lic. Rosa Ibarra Terapia Física,Consultorio independiente,Jesús María,Encargado de compras,924716857,licrosaibarr24@gmail.com,"Av. La Marina 427, Jesús María",Electroterapia,Biomedikal,Biostim NMS,BIO-5748,N/A,Descalibración,Calibración de equipo + Mantenimiento preventivo anual,Sí,,Coordinador Técnico,COT-2023-0218,INF-2023-0218,PEN,164.82
2023,Recepción,2023-07-23,2023-07-28,5,Alfa y Omega Rehabilitación,Clínica,La Molina,Administración,977827638,alfayomegare3@outlook.com,"Av. Los Próceres 1249, La Molina",Laser baja potencia,Carsi,Lasermed 60mW,CAR-6603,Cable de poder,Falla en cable de poder,Cambio de cable de poder + Mantenimiento preventivo anual,Sí,Equipo con uso intensivo diario,Coordinador Técnico,COT-2023-0076,INF-2023-0076,PEN,191.83
2023,Recepción,2023-07-23,2023-07-24,1,Fisiosalud Andina SAC,Clínica,La Molina,Recepción,928566572,fisiosaludan23@outlook.com,"Av. Central 286, La Molina",Laser baja potencia,Carsi,Lasermed 60mW,CAR-6771,N/A,Falla en placa de control (reparable),Reparación de placa de control,No,"Cliente rechazó cambio de placa, se optó por reparación",Coordinador Técnico,COT-2023-0032,INF-2023-0032,PEN,396.96
2023,Visita,2023-07-23,2023-07-24,1,Clínica Primavera SAC,Clínica,Miraflores,Administración,989089901,clínicaprima5@hotmail.com,"Av. Los Próceres 1654, Miraflores",Compreseros Calientes,Nacional Perú,Compresero 6 unid.,NAC-5541,Resistencia,Resistencia dañada,Cambio de resistencia,No,Sin observaciones adicionales,Coordinador Técnico,COT-2023-0226,INF-2023-0226,PEN,148.03
2023,Recepción,2023-07-24,2023-07-27,3,Parroquia Nuestra Señora de Chaclacayo,Institución,San Borja,Recepción,956164955,parroquianue8@outlook.com,"Av. El Sol 1752, San Borja",Ultrasonido,Emme,Ultrasonic 1500,EMM-5303,Aplicador US,Desgaste de cristal piezoeléctrico de aplicador,Cambio de piezoeléctrico de aplicador + Mantenimiento preventivo anual,Sí,"Equipo antiguo, se recomienda mantenimiento anual",Coordinador Técnico,COT-2023-0225,INF-2023-0225,PEN,318.87
2023,Recepción,2023-07-25,2023-07-26,1,Patricia Gómez Vásquez EIRL,Consultorio independiente,Cercado de Lima,Administración,924942603,patriciagóme0@gmail.com,"Av. La Marina 663, Cercado de Lima",Ultrasonido,Carsi,Sonomed V,CAR-8300,Cable de aplicador US,Falso contacto en cable de aplicador,Cambio de cable de aplicador,No,Sin observaciones adicionales,Coordinador Técnico,COT-2023-0041,INF-2023-0041,PEN,116.0
2023,Visita,2023-07-26,2023-07-29,3,Patricia Gómez Vásquez EIRL,Consultorio independiente,Cercado de Lima,Administración,924942603,patriciagóme0@gmail.com,"Av. La Marina 663, Cercado de Lima",Magnetoterapia,Meditek,Magnetherp 440,MED-1852,Teclado membrana,Falla en teclado membrana,Cambio de teclado membrana,No,Cliente solicitó revisión urgente,Coordinador Técnico,COT-2023-0069,INF-2023-0069,PEN,166.03
2023,Recepción,2023-07-26,2023-07-29,3,Trauma Médika EIRL,Clínica (VIP),Comas,Recepción,948840994,traumamédika12@gmail.com,"Av. Las Torres 1874, Comas",Ultrasonido,Emme,Ultrasonic 1500,EMM-4171,N/A,Descalibración,Calibración de equipo + Mantenimiento preventivo anual,Sí,Equipo con uso intensivo diario,Coordinador Técnico,COT-2023-0146,INF-2023-0146,USD,750.94
2023,Recepción,2023-07-26,2023-08-03,8,Seguro Social de Salud,Institución (VIP),Chosica,Encargado de compras,971662963,segurosocial9@outlook.com,"Av. Los Próceres 1988, Chosica",Laser baja potencia,Carsi,Lasermed 100mW,CAR-5664,Cánula láser,Falso contacto en cable de cánula láser,Cambio de cable de cánula láser + Mantenimiento preventivo anual,Sí,Se coordinó con el cliente por retraso de repuesto importado,Coordinador Técnico,COT-2023-0094,INF-2023-0094,PEN,1911.3
2023,Recepción,2023-07-28,2023-07-30,2,Clínica Primavera SAC,Clínica,Miraflores,Administración,989089901,clínicaprima5@hotmail.com,"Av. Los Próceres 1654, Miraflores",Ultrasonido,Emme,Ultrasonic 1500,EMM-4507,N/A,Descalibración,Calibración de equipo + Mantenimiento preventivo anual,Sí,"Equipo antiguo, se recomienda mantenimiento anual",Practicante,COT-2023-0250,INF-2023-0250,PEN,261.93
2023,Recepción,2023-07-29,2023-08-03,5,Corporación de Servicios Médicos del Sur,Clínica,Chosica,Administración,966722344,corporaciónd6@hotmail.com,"Av. El Sol 418, Chosica",Magnetoterapia,Emme,Magnetomed 7200,EMM-3917,Cable de aplicador,Falso contacto en cable de aplicador (bobina),Cambio de cable de aplicador + Mantenimiento preventivo anual,Sí,Sin observaciones adicionales,Coordinador Técnico,COT-2023-0201,INF-2023-0201,PEN,225.27
2023,Recepción,2023-07-30,2023-08-10,11,Trauma Médika EIRL,Clínica (VIP),Comas,Recepción,948840994,traumamédika12@gmail.com,"Av. Las Torres 1874, Comas",Electroterapia,Emme,Therapic 9200,EMM-6499,Electrodos,Electrodos desgastados,Cambio de electrodos,No,Se coordinó con el cliente por retraso de repuesto importado,Coordinador Técnico,COT-2023-0005,INF-2023-0005,USD,254.85
2023,Recepción,2023-08-06,2023-08-11,5,Hospital Nacional Docente,Institución,San Juan de Lurigancho,Coordinación,959684848,hospitalnaci14@hotmail.com,"Av. Las Torres 1472, San Juan de Lurigancho",Electroterapia,Biomedikal,Impulse 3000T,BIO-5932,Cable de electrodos,Falso contacto en cable de electrodos,Cambio de cable de electrodos,No,"Equipo antiguo, se recomienda mantenimiento anual",Practicante,COT-2023-0229,INF-2023-0229,PEN,236.19
2023,Recepción,2023-08-08,2023-08-09,1,NoPain Centro de Rehabilitación,Clínica,Comas,Recepción,955176955,nopaincentro7@gmail.com,"Av. Los Próceres 878, Comas",Ultrasonido,Carsi,Sonomed IV,CAR-8391,Cable de aplicador US,Falso contacto en cable de aplicador,Cambio de cable de aplicador,No,Se coordinó con el cliente por retraso de repuesto importado,Coordinador Técnico,COT-2023-0044,INF-2023-0044,PEN,188.39
2023,Recepción,2023-08-09,2023-08-19,10,Clínica Primavera SAC,Clínica,Miraflores,Administración,989089901,clínicaprima5@hotmail.com,"Av. Los Próceres 1654, Miraflores",Ultrasonido,Carsi,Sonomed V,CAR-5514,N/A,Descalibración,Calibración de equipo + Mantenimiento preventivo anual,Sí,Se coordinó con el cliente por retraso de repuesto importado,Coordinador Técnico,COT-2023-0067,INF-2023-0067,PEN,270.91
2023,Recepción,2023-08-10,2023-08-11,1,Trauma Médika EIRL,Clínica (VIP),Comas,Recepción,948840994,traumamédika12@gmail.com,"Av. Las Torres 1874, Comas",Dermatoscopios,Dermlitex,DL5,DER-8798,Lente,Mantenimiento por limpieza de lente,Limpieza y mantenimiento de lente,No,Se coordinó con el cliente por retraso de repuesto importado,Coordinador Técnico,COT-2023-0195,INF-2023-0195,USD,297.41
2023,Visita,2023-08-13,2023-08-16,3,Clínica Los Álamos SAC,Clínica,Magdalena,Coordinación,995899313,clínicalosál17@outlook.com,"Av. Las Flores 549, Magdalena",Magnetoterapia,Meditek,Magnetherp 330 NG,MED-6050,N/A,Falla en placa de control (reparable),Reparación de placa de control,No,Se coordinó con el cliente por retraso de repuesto importado,Coordinador Técnico,COT-2023-0151,INF-2023-0151,PEN,306.21
2023,Recepción,2023-08-18,2023-08-19,1,Carlos Alberto Santos,Paciente / equipo propio,Chosica,Administración,997226012,carlosalbert4@outlook.com,"Av. Las Flores 959, Chosica",Electroterapia,Biomedikal,Quadstar II,BIO-2173,Electrodos,Electrodos desgastados,Cambio de electrodos + Mantenimiento preventivo anual,Sí,"Equipo antiguo, se recomienda mantenimiento anual",Coordinador Técnico,COT-2023-0119,INF-2023-0119,PEN,124.36
2023,Recepción,2023-08-18,2023-08-19,1,Federación Peruana de Voleibol,Institución (VIP),San Miguel,Administración,935808537,federaciónpe11@outlook.com,"Av. Los Próceres 193, San Miguel",Bicicleta Estacionaria,Xterra,7.0R,XTE-6901,N/A,Armado / instalación inicial,Armado e instalación,No,Equipo con uso intensivo diario,Coordinador Técnico,COT-2023-0143,INF-2023-0143,PEN,797.58
2023,Recepción,2023-08-19,2023-08-23,4,Trauma Médika EIRL,Clínica (VIP),Comas,Recepción,948840994,traumamédika12@gmail.com,"Av. Las Torres 1874, Comas",Ultrasonido,Emme,Ultrasonic 1500,EMM-9700,N/A,Descalibración,Calibración de equipo,No,Sin observaciones adicionales,Coordinador Técnico,COT-2023-0251,INF-2023-0251,USD,467.89
2023,Recepción,2023-08-20,2023-08-22,2,Patricia Gómez Vásquez EIRL,Consultorio independiente,Cercado de Lima,Administración,924942603,patriciagóme0@gmail.com,"Av. La Marina 663, Cercado de Lima",Magnetoterapia,Emme,Magnetomed 7200,EMM-8474,Carcasa de bobina,Rotura de carcasa de bobina plana (orejas de correa),Cambio de carcasa de accesorio + Mantenimiento preventivo anual,Sí,"Equipo antiguo, se recomienda mantenimiento anual",Coordinador Técnico,COT-2023-0025,INF-2023-0025,PEN,208.63
2023,Recepción,2023-08-27,2023-08-28,1,Mefyre - Cuerpo de Emergencias,Institución,La Molina,Recepción,928728463,mefyrecuerpo1@outlook.com,"Av. Los Próceres 1485, La Molina",Bicicleta Estacionaria,Ergolines,Ergoselect 200P,ERG-2900,N/A,Armado / instalación inicial,Armado e instalación,No,Equipo con uso intensivo diario,Coordinador Técnico,COT-2023-0176,INF-2023-0176,PEN,219.02
2023,Visita,2023-08-30,2023-09-07,8,Federación Peruana de Voleibol,Institución (VIP),San Miguel,Administración,935808537,federaciónpe11@outlook.com,"Av. Los Próceres 193, San Miguel",Laser baja potencia,Carsi,Lasermed 100mW,CAR-1612,Cánula láser,Falso contacto en cable de cánula láser,Cambio de cable de cánula láser,No,Se coordinó con el cliente por retraso de repuesto importado,Coordinador Técnico,COT-2023-0115,INF-2023-0115,PEN,518.11
2023,Recepción,2023-09-01,2023-09-05,4,Corporación de Servicios Médicos del Sur,Clínica,Chosica,Administración,966722344,corporaciónd6@hotmail.com,"Av. El Sol 418, Chosica",Magnetoterapia,Storz Medikal,Magnetolith,STO-6403,N/A,Descalibración,Calibración de equipo + Mantenimiento preventivo anual,Sí,Sin observaciones adicionales,Coordinador Técnico,COT-2023-0185,INF-2023-0185,PEN,293.17
2023,Recepción,2023-09-02,2023-09-09,7,Carlos Alberto Santos,Paciente / equipo propio,Chosica,Administración,997226012,carlosalbert4@outlook.com,"Av. Las Flores 959, Chosica",Laser baja potencia,Carsi,Lasermed 100mW,CAR-2577,N/A,Descalibración,Calibración de equipo,No,Sin observaciones adicionales,Coordinador Técnico,COT-2023-0084,INF-2023-0084,PEN,72.93
2023,Recepción,2023-09-02,2023-09-07,5,Mefyre - Cuerpo de Emergencias,Institución,La Molina,Recepción,928728463,mefyrecuerpo1@outlook.com,"Av. Los Próceres 1485, La Molina",Ultrasonido,Carsi,Sonomed V,CAR-7852,Cable de poder,Falla en cable de poder,Cambio de cable de poder + Mantenimiento preventivo anual,Sí,Cliente solicitó revisión urgente,Coordinador Técnico,COT-2023-0202,INF-2023-0202,PEN,166.31
2023,Recepción,2023-09-03,2023-09-07,4,Maribel Salud SAC,Clínica,San Miguel,Administración,966629388,maribelsalud2@gmail.com,"Av. Los Próceres 291, San Miguel",Magnetoterapia,Meditek,Magnetherp 440,MED-8524,Cable de poder,Falla en cable de poder,Cambio de cable de poder + Mantenimiento preventivo anual,Sí,,Coordinador Técnico,COT-2023-0206,INF-2023-0206,PEN,163.13
2023,Recepción,2023-09-05,2023-09-08,3,Alfa y Omega Rehabilitación,Clínica,La Molina,Administración,977827638,alfayomegare3@outlook.com,"Av. Los Próceres 1249, La Molina",Ultrasonido,Emme,Ultrasonic 1500,EMM-7436,Cable de aplicador US,Falso contacto en cable de aplicador,Cambio de cable de aplicador,No,Sin observaciones adicionales,Coordinador Técnico,COT-2023-0117,INF-2023-0117,PEN,95.46
2023,Visita,2023-09-05,2023-09-10,5,Federación Peruana de Voleibol,Institución (VIP),San Miguel,Administración,935808537,federaciónpe11@outlook.com,"Av. Los Próceres 193, San Miguel",Laser baja potencia,Carsi,Lasermed 60mW,CAR-6187,N/A,Falla en placa de control (reparable),Reparación de placa de control,No,"Cliente rechazó cambio de placa, se optó por reparación",Coordinador Técnico,COT-2023-0216,INF-2023-0216,PEN,1283.02
2023,Recepción,2023-09-05,2023-09-06,1,Maribel Salud SAC,Clínica,San Miguel,Administración,966629388,maribelsalud2@gmail.com,"Av. Los Próceres 291, San Miguel",Ultrasonido,Emme,Ultrasonic 1300,EMM-7911,Fusible,Fusible quemado,Cambio de fusibles + Mantenimiento preventivo anual,Sí,Se coordinó con el cliente por retraso de repuesto importado,Practicante,COT-2023-0086,INF-2023-0086,PEN,172.66
2023,Recepción,2023-09-06,2023-09-10,4,Lic. Mónica Torres Fisioterapia,Consultorio independiente,Los Olivos,Coordinación,942857966,licmónicator16@gmail.com,"Av. Central 877, Los Olivos",Laser baja potencia,Carsi,Lasermed 60mW,CAR-1472,N/A,Descalibración,Calibración de equipo,No,,Coordinador Técnico,COT-2023-0020,INF-2023-0020,PEN,112.79
2023,Recepción,2023-09-08,2023-09-11,3,NoPain Centro de Rehabilitación,Clínica,Comas,Recepción,955176955,nopaincentro7@gmail.com,"Av. Los Próceres 878, Comas",Ultrasonido,Emme,Ultrasonic 1500,EMM-3764,Cable de aplicador US,Falso contacto en cable de aplicador,Cambio de cable de aplicador + Mantenimiento preventivo anual,Sí,Equipo con uso intensivo diario,Coordinador Técnico,COT-2023-0268,INF-2023-0268,PEN,294.54
2023,Recepción,2023-09-11,2023-09-14,3,Patricia Gómez Vásquez EIRL,Consultorio independiente,Cercado de Lima,Administración,924942603,patriciagóme0@gmail.com,"Av. La Marina 663, Cercado de Lima",Laser baja potencia,Carsi,Lasermed 100mW,CAR-3877,N/A,Descalibración,Calibración de equipo + Mantenimiento preventivo anual,Sí,Cliente solicitó revisión urgente,Practicante,COT-2023-0148,INF-2023-0148,PEN,186.99
2023,Visita,2023-09-12,2023-09-14,2,Carlos Alberto Santos,Paciente / equipo propio,Chosica,Administración,997226012,carlosalbert4@outlook.com,"Av. Las Flores 959, Chosica",Laser baja potencia,Carsi,Lasermed 100mW,CAR-4354,Fusible,Fusible quemado,Cambio de fusibles + Mantenimiento preventivo anual,Sí,Cliente solicitó revisión urgente,Coordinador Técnico,COT-2023-0209,INF-2023-0209,PEN,100.33
2023,Recepción,2023-09-12,2023-09-16,4,Clínica Primavera SAC,Clínica,Miraflores,Administración,989089901,clínicaprima5@hotmail.com,"Av. Los Próceres 1654, Miraflores",Magnetoterapia,Emme,Magnetomed 7200,EMM-6832,Carcasa de bobina,Rotura de carcasa de bobina plana (orejas de correa),Cambio de carcasa de accesorio + Mantenimiento preventivo anual,Sí,Equipo con uso intensivo diario,Coordinador Técnico,COT-2023-0228,INF-2023-0228,PEN,181.06
2023,Visita,2023-09-12,2023-09-16,4,Maribel Salud SAC,Clínica,San Miguel,Administración,966629388,maribelsalud2@gmail.com,"Av. Los Próceres 291, San Miguel",Laser baja potencia,Carsi,Lasermed 60mW,CAR-9246,Teclado membrana,Falla en teclado membrana,Cambio de teclado membrana,No,"Cliente rechazó cambio de placa, se optó por reparación",Coordinador Técnico,COT-2023-0010,INF-2023-0010,PEN,182.75
2023,Recepción,2023-09-13,2023-09-23,10,IAFAS Fuerza Aeroespacial del Perú,Institución (VIP),Ate,Coordinación,984093639,iafasfuerzaa10@hotmail.com,"Av. La Marina 1366, Ate",Compreseros Calientes,Nacional Perú,Compresero 24 unid.,NAC-3348,N/A,Descalibración de temperatura,Calibración de temperatura + Mantenimiento preventivo anual,Sí,Sin observaciones adicionales,Coordinador Técnico,COT-2023-0239,INF-2023-0239,PEN,945.8
2023,Recepción,2023-09-14,2023-09-20,6,Parroquia Nuestra Señora de Chaclacayo,Institución,San Borja,Recepción,956164955,parroquianue8@outlook.com,"Av. El Sol 1752, San Borja",Compreseros Calientes,Nacional Perú,Compresero 12 unid.,NAC-3639,Resistencia,Resistencia dañada,Cambio de resistencia + Mantenimiento preventivo anual,Sí,Cliente solicitó revisión urgente,Coordinador Técnico,COT-2023-0060,INF-2023-0060,PEN,139.15
2023,Visita,2023-09-16,2023-09-18,2,Centro de Rehabilitación Vitalis,Clínica,Jesús María,Coordinación,917507864,centrodereha18@gmail.com,"Av. Los Próceres 1748, Jesús María",Magnetoterapia,Storz Medikal,Magnetolith,STO-7114,Carcasa de bobina,Rotura de carcasa de bobina plana (orejas de correa),Cambio de carcasa de accesorio,No,"Cliente rechazó cambio de placa, se optó por reparación",Coordinador Técnico,COT-2023-0227,INF-2023-0227,PEN,159.91
2023,Recepción,2023-09-17,2023-09-19,2,Fisioterapia San Rafael,Consultorio independiente,Chosica,Administración,996977837,fisioterapia15@gmail.com,"Av. Las Flores 1400, Chosica",Magnetoterapia,Storz Medikal,Magnetolith,STO-1229,Cable de aplicador,Falso contacto en cable de aplicador (bobina),Cambio de cable de aplicador,No,"Cliente rechazó cambio de placa, se optó por reparación",Coordinador Técnico,COT-2023-0235,INF-2023-0235,PEN,134.74
2023,Recepción,2023-09-18,2023-09-19,1,Trauma Médika EIRL,Clínica (VIP),Comas,Recepción,948840994,traumamédika12@gmail.com,"Av. Las Torres 1874, Comas",Electroterapia,Emme,Therapic 9400,EMM-8629,Cable de electrodos,Falso contacto en cable de electrodos,Cambio de cable de electrodos,No,"Cliente rechazó cambio de placa, se optó por reparación",Practicante,COT-2023-0158,INF-2023-0158,USD,339.74
2023,Recepción,2023-09-19,2023-09-26,7,Federación Peruana de Voleibol,Institución (VIP),San Miguel,Administración,935808537,federaciónpe11@outlook.com,"Av. Los Próceres 193, San Miguel",Ultrasonido,Emme,Ultrasonic 1500,EMM-2326,Cable de aplicador US,Falso contacto en cable de aplicador,Cambio de cable de aplicador,No,"Cliente rechazó cambio de placa, se optó por reparación",Coordinador Técnico,COT-2023-0208,INF-2023-0208,PEN,839.95
2023,Recepción,2023-09-20,2023-09-21,1,Alfa y Omega Rehabilitación,Clínica,La Molina,Administración,977827638,alfayomegare3@outlook.com,"Av. Los Próceres 1249, La Molina",Magnetoterapia,Emme,Magnetomed 8400,EMM-3859,Cable de aplicador,Falso contacto en cable de aplicador (bobina),Cambio de cable de aplicador + Mantenimiento preventivo anual,Sí,,Coordinador Técnico,COT-2023-0085,INF-2023-0085,PEN,196.59
2023,Recepción,2023-09-20,2023-09-22,2,Maribel Salud SAC,Clínica,San Miguel,Administración,966629388,maribelsalud2@gmail.com,"Av. Los Próceres 291, San Miguel",Compreseros Calientes,Nacional Perú,Compresero 6 unid.,NAC-6253,Termostato,Termostato dañado,Cambio de termostato + Mantenimiento preventivo anual,Sí,Equipo con uso intensivo diario,Coordinador Técnico,COT-2023-0095,INF-2023-0095,PEN,222.57
2023,Recepción,2023-09-23,2023-10-04,11,Parroquia Nuestra Señora de Chaclacayo,Institución,San Borja,Recepción,956164955,parroquianue8@outlook.com,"Av. El Sol 1752, San Borja",Magnetoterapia,Storz Medikal,Magnetolith,STO-3733,N/A,Descalibración,Calibración de equipo,No,,Practicante,COT-2023-0110,INF-2023-0110,PEN,149.87
2023,Recepción,2023-09-24,2023-10-01,7,Universidad Nacional del Centro,Institución,San Isidro,Coordinación,947308985,universidadn13@hotmail.com,"Av. La Marina 1808, San Isidro",Magnetoterapia,Emme,Magnetomed 7200,EMM-1511,Fusible,Fusible quemado,Cambio de fusibles + Mantenimiento preventivo anual,Sí,,Coordinador Técnico,COT-2023-0053,INF-2023-0053,PEN,229.78
2023,Recepción,2023-09-24,2023-09-30,6,Trauma Médika EIRL,Clínica (VIP),Comas,Recepción,948840994,traumamédika12@gmail.com,"Av. Las Torres 1874, Comas",Masoterapia,Genérico,Equipo de masoterapia,GEN-2687,N/A,Caso particular / falla no recurrente,Reparación según diagnóstico particular + Mantenimiento preventivo anual,Sí,Equipo con uso intensivo diario,Coordinador Técnico,COT-2023-0088,INF-2023-0088,USD,1610.17
2023,Recepción,2023-09-25,2023-10-06,11,Maribel Salud SAC,Clínica,San Miguel,Administración,966629388,maribelsalud2@gmail.com,"Av. Los Próceres 291, San Miguel",Laser baja potencia,Carsi,Lasermed 100mW,CAR-8635,Teclado membrana,Falla en teclado membrana,Cambio de teclado membrana + Mantenimiento preventivo anual,Sí,Cliente solicitó revisión urgente,Coordinador Técnico,COT-2023-0243,INF-2023-0243,PEN,241.29
2023,Recepción,2023-09-26,2023-09-28,2,Mefyre - Cuerpo de Emergencias,Institución,La Molina,Recepción,928728463,mefyrecuerpo1@outlook.com,"Av. Los Próceres 1485, La Molina",Electroterapia,Biomedikal,Quadstar II,BIO-9364,Electrodos,Electrodos desgastados,Cambio de electrodos + Mantenimiento preventivo anual,Sí,"Cliente rechazó cambio de placa, se optó por reparación",Coordinador Técnico,COT-2023-0071,INF-2023-0071,PEN,167.96
2023,Recepción,2023-09-27,2023-10-02,5,Maribel Salud SAC,Clínica,San Miguel,Administración,966629388,maribelsalud2@gmail.com,"Av. Los Próceres 291, San Miguel",Ultrasonido,Emme,Ultrasonic 1300,EMM-2382,N/A,Descalibración,Calibración de equipo,No,Sin observaciones adicionales,Coordinador Técnico,COT-2023-0267,INF-2023-0267,PEN,119.48
2023,Recepción,2023-09-29,2023-10-08,9,Corporación de Servicios Médicos del Sur,Clínica,Chosica,Administración,966722344,corporaciónd6@hotmail.com,"Av. El Sol 418, Chosica",Ultrasonido,Emme,Ultrasonic 1300,EMM-8577,Aplicador US,Desgaste de cristal piezoeléctrico de aplicador,Cambio de piezoeléctrico de aplicador,No,,Practicante,COT-2023-0149,INF-2023-0149,PEN,373.04
2023,Recepción,2023-09-29,2023-10-06,7,Alfa y Omega Rehabilitación,Clínica,La Molina,Administración,977827638,alfayomegare3@outlook.com,"Av. Los Próceres 1249, La Molina",Magnetoterapia,Meditek,Magnetherp 330 NG,MED-1895,Carcasa de bobina,Rotura de carcasa de bobina plana (orejas de correa),Cambio de carcasa de accesorio + Mantenimiento preventivo anual,Sí,Se coordinó con el cliente por retraso de repuesto importado,Coordinador Técnico,COT-2023-0261,INF-2023-0261,PEN,229.51
2023,Recepción,2023-10-05,2023-10-06,1,Patricia Gómez Vásquez EIRL,Consultorio independiente,Cercado de Lima,Administración,924942603,patriciagóme0@gmail.com,"Av. La Marina 663, Cercado de Lima",Laser baja potencia,Carsi,Lasermed 100mW,CAR-8702,Teclado membrana,Falla en teclado membrana,Cambio de teclado membrana + Mantenimiento preventivo anual,Sí,Cliente solicitó revisión urgente,Coordinador Técnico,COT-2023-0097,INF-2023-0097,PEN,212.85
2023,Recepción,2023-10-06,2023-10-07,1,Seguro Social de Salud,Institución (VIP),Chosica,Encargado de compras,971662963,segurosocial9@outlook.com,"Av. Los Próceres 1988, Chosica",Laser baja potencia,Carsi,Lasermed 100mW,CAR-8362,Cánula láser,Falso contacto en cable de cánula láser,Cambio de cable de cánula láser + Mantenimiento preventivo anual,Sí,Se coordinó con el cliente por retraso de repuesto importado,Coordinador Técnico,COT-2023-0138,INF-2023-0138,PEN,1538.6
2023,Recepción,2023-10-07,2023-10-13,6,Mefyre - Cuerpo de Emergencias,Institución,La Molina,Recepción,928728463,mefyrecuerpo1@outlook.com,"Av. Los Próceres 1485, La Molina",Laser alta potencia,Emme,Lasermed 2200,EMM-5243,N/A,Descalibración,Calibración de equipo + Mantenimiento preventivo anual,Sí,Equipo con uso intensivo diario,Coordinador Técnico,COT-2023-0184,INF-2023-0184,PEN,227.77
2023,Recepción,2023-10-08,2023-10-10,2,Patricia Gómez Vásquez EIRL,Consultorio independiente,Cercado de Lima,Administración,924942603,patriciagóme0@gmail.com,"Av. La Marina 663, Cercado de Lima",Electroterapia,Biomedikal,Impulse 3000T,BIO-1701,N/A,Falla en placa de control por caída (equipo portátil),Reparación de placa de control,No,Se coordinó con el cliente por retraso de repuesto importado,Coordinador Técnico,COT-2023-0056,INF-2023-0056,PEN,215.09
2023,Recepción,2023-10-11,2023-10-13,2,Carlos Alberto Santos,Paciente / equipo propio,Chosica,Administración,997226012,carlosalbert4@outlook.com,"Av. Las Flores 959, Chosica",Magnetoterapia,Emme,Magnetomed 8400,EMM-6918,Cable de aplicador,Falso contacto en cable de aplicador (bobina),Cambio de cable de aplicador + Mantenimiento preventivo anual,Sí,Se coordinó con el cliente por retraso de repuesto importado,Coordinador Técnico,COT-2023-0237,INF-2023-0237,PEN,108.87
2023,Recepción,2023-10-12,2023-10-14,2,Parroquia Nuestra Señora de Chaclacayo,Institución,San Borja,Recepción,956164955,parroquianue8@outlook.com,"Av. El Sol 1752, San Borja",Magnetoterapia,Meditek,Magnetherp 440,MED-4633,Cable de aplicador,Falso contacto en cable de aplicador (bobina),Cambio de cable de aplicador,No,Equipo con uso intensivo diario,Coordinador Técnico,COT-2023-0026,INF-2023-0026,PEN,167.32
2023,Recepción,2023-10-12,2023-10-18,6,Carlos Alberto Santos,Paciente / equipo propio,Chosica,Administración,997226012,carlosalbert4@outlook.com,"Av. Las Flores 959, Chosica",Electroterapia,Emme,Therapic 9400,EMM-1022,N/A,Falla en placa de control (equipo grande),Reparación de placa de control,No,,Coordinador Técnico,COT-2023-0207,INF-2023-0207,PEN,262.83
2023,Recepción,2023-10-14,2023-10-26,12,Patricia Gómez Vásquez EIRL,Consultorio independiente,Cercado de Lima,Administración,924942603,patriciagóme0@gmail.com,"Av. La Marina 663, Cercado de Lima",Electroterapia,Emme,Therapic 9400,EMM-7165,N/A,Falla en placa de control (equipo grande),Reparación de placa de control + Mantenimiento preventivo anual,Sí,Sin observaciones adicionales,Coordinador Técnico,COT-2023-0244,INF-2023-0244,PEN,464.95
2023,Recepción,2023-10-14,2023-10-22,8,Corporación de Servicios Médicos del Sur,Clínica,Chosica,Administración,966722344,corporaciónd6@hotmail.com,"Av. El Sol 418, Chosica",Electroterapia,Emme,Therapic 9200,EMM-3744,Electrodos,Electrodos desgastados,Cambio de electrodos + Mantenimiento preventivo anual,Sí,Equipo con uso intensivo diario,Coordinador Técnico,COT-2023-0172,INF-2023-0172,PEN,203.37
2023,Recepción,2023-10-15,2023-10-22,7,Maribel Salud SAC,Clínica,San Miguel,Administración,966629388,maribelsalud2@gmail.com,"Av. Los Próceres 291, San Miguel",Compreseros Calientes,Nacional Perú,Compresero 6 unid.,NAC-4263,N/A,Descalibración de temperatura,Calibración de temperatura,No,Sin observaciones adicionales,Practicante,COT-2023-0098,INF-2023-0098,PEN,87.57
2023,Recepción,2023-10-15,2023-10-18,3,Lic. Mónica Torres Fisioterapia,Consultorio independiente,Los Olivos,Coordinación,942857966,licmónicator16@gmail.com,"Av. Central 877, Los Olivos",Magnetoterapia,Emme,Magnetomed 7200,EMM-4010,Cable de aplicador,Falso contacto en cable de aplicador (bobina),Cambio de cable de aplicador,No,Se coordinó con el cliente por retraso de repuesto importado,Coordinador Técnico,COT-2023-0265,INF-2023-0265,PEN,128.4
2023,Recepción,2023-10-16,2023-10-28,12,Lic. Mónica Torres Fisioterapia,Consultorio independiente,Los Olivos,Coordinación,942857966,licmónicator16@gmail.com,"Av. Central 877, Los Olivos",Magnetoterapia,Meditek,Magnetherp 440,MED-9470,Teclado membrana,Falla en teclado membrana,Cambio de teclado membrana + Mantenimiento preventivo anual,Sí,"Cliente rechazó cambio de placa, se optó por reparación",Coordinador Técnico,COT-2023-0083,INF-2023-0083,PEN,250.29
2023,Recepción,2023-10-18,2023-10-20,2,Fisioterapia San Rafael,Consultorio independiente,Chosica,Administración,996977837,fisioterapia15@gmail.com,"Av. Las Flores 1400, Chosica",Electroterapia,Emme,Therapic 9400,EMM-8898,Cable de electrodos,Falso contacto en cable de electrodos,Cambio de cable de electrodos,No,Equipo con uso intensivo diario,Coordinador Técnico,COT-2023-0186,INF-2023-0186,PEN,88.26
2023,Recepción,2023-10-18,2023-10-23,5,Patricia Gómez Vásquez EIRL,Consultorio independiente,Cercado de Lima,Administración,924942603,patriciagóme0@gmail.com,"Av. La Marina 663, Cercado de Lima",Magnetoterapia,Emme,Magnetomed 7200,EMM-5075,Cable de poder,Falla en cable de poder,Cambio de cable de poder,No,"Cliente rechazó cambio de placa, se optó por reparación",Coordinador Técnico,COT-2023-0109,INF-2023-0109,PEN,85.58
2023,Visita,2023-10-18,2023-10-19,1,Seguro Social de Salud,Institución (VIP),Chosica,Encargado de compras,971662963,segurosocial9@outlook.com,"Av. Los Próceres 1988, Chosica",Compreseros Calientes,Nacional Perú,Compresero 6 unid.,NAC-4170,Fusible,Fusible quemado,Cambio de fusibles,No,"Equipo antiguo, se recomienda mantenimiento anual",Coordinador Técnico,COT-2023-0036,INF-2023-0036,PEN,521.54
2023,Recepción,2023-10-19,2023-10-25,6,Parroquia Nuestra Señora de Chaclacayo,Institución,San Borja,Recepción,956164955,parroquianue8@outlook.com,"Av. El Sol 1752, San Borja",Ultrasonido,Emme,Ultrasonic 1500,EMM-6860,N/A,Descalibración,Calibración de equipo,No,"Cliente rechazó cambio de placa, se optó por reparación",Coordinador Técnico,COT-2023-0045,INF-2023-0045,PEN,94.1
2023,Recepción,2023-10-19,2023-10-20,1,Mefyre - Cuerpo de Emergencias,Institución,La Molina,Recepción,928728463,mefyrecuerpo1@outlook.com,"Av. Los Próceres 1485, La Molina",Magnetoterapia,Emme,Magnetomed 7200,EMM-1612,Cable de aplicador,Falso contacto en cable de aplicador (bobina),Cambio de cable de aplicador,No,Sin observaciones adicionales,Coordinador Técnico,COT-2023-0012,INF-2023-0012,PEN,160.56
2023,Recepción,2023-10-20,2023-10-23,3,Mefyre - Cuerpo de Emergencias,Institución,La Molina,Recepción,928728463,mefyrecuerpo1@outlook.com,"Av. Los Próceres 1485, La Molina",Compreseros Calientes,Nacional Perú,Compresero 6 unid.,NAC-4804,Termostato,Termostato dañado,Cambio de termostato + Mantenimiento preventivo anual,Sí,Cliente solicitó revisión urgente,Coordinador Técnico,COT-2023-0131,INF-2023-0131,PEN,258.03
2023,Recepción,2023-10-22,2023-10-31,9,Clínica Primavera SAC,Clínica,Miraflores,Administración,989089901,clínicaprima5@hotmail.com,"Av. Los Próceres 1654, Miraflores",Laser baja potencia,Carsi,Lasermed 100mW,CAR-5761,N/A,Descalibración,Calibración de equipo + Mantenimiento preventivo anual,Sí,,Coordinador Técnico,COT-2023-0238,INF-2023-0238,PEN,284.26
2023,Visita,2023-10-25,2023-10-28,3,Centro de Rehabilitación Vitalis,Clínica,Jesús María,Coordinación,917507864,centrodereha18@gmail.com,"Av. Los Próceres 1748, Jesús María",Magnetoterapia,Meditek,Magnetherp 440,MED-6778,N/A,Descalibración,Calibración de equipo,No,"Equipo antiguo, se recomienda mantenimiento anual",Coordinador Técnico,COT-2023-0210,INF-2023-0210,PEN,157.05
2023,Recepción,2023-10-26,2023-10-28,2,Parroquia Nuestra Señora de Chaclacayo,Institución,San Borja,Recepción,956164955,parroquianue8@outlook.com,"Av. El Sol 1752, San Borja",Ultrasonido,Emme,Ultrasonic 1300,EMM-8795,Teclado membrana,Falla en teclado membrana,Cambio de teclado membrana,No,Se coordinó con el cliente por retraso de repuesto importado,Coordinador Técnico,COT-2023-0241,INF-2023-0241,PEN,233.51
2023,Recepción,2023-10-26,2023-11-01,6,Clínica Los Álamos SAC,Clínica,Magdalena,Coordinación,995899313,clínicalosál17@outlook.com,"Av. Las Flores 549, Magdalena",Magnetoterapia,Storz Medikal,Magnetolith,STO-3363,N/A,Descalibración,Calibración de equipo + Mantenimiento preventivo anual,Sí,Equipo con uso intensivo diario,Coordinador Técnico,COT-2023-0259,INF-2023-0259,PEN,248.99
2023,Recepción,2023-10-27,2023-10-29,2,Parroquia Nuestra Señora de Chaclacayo,Institución,San Borja,Recepción,956164955,parroquianue8@outlook.com,"Av. El Sol 1752, San Borja",Electroterapia,Emme,Therapic 9400,EMM-9369,Cable de electrodos,Falso contacto en cable de electrodos,Cambio de cable de electrodos,No,"Equipo antiguo, se recomienda mantenimiento anual",Coordinador Técnico,COT-2023-0062,INF-2023-0062,PEN,143.17
2023,Recepción,2023-10-28,2023-11-02,5,Universidad Nacional del Centro,Institución,San Isidro,Coordinación,947308985,universidadn13@hotmail.com,"Av. La Marina 1808, San Isidro",Magnetoterapia,Meditek,Magnetherp 330 NG,MED-2055,Carcasa de bobina,Rotura de carcasa de bobina plana (orejas de correa),Cambio de carcasa de accesorio + Mantenimiento preventivo anual,Sí,Se coordinó con el cliente por retraso de repuesto importado,Coordinador Técnico,COT-2023-0254,INF-2023-0254,PEN,416.61
2023,Recepción,2023-10-29,2023-11-02,4,Trauma Médika EIRL,Clínica (VIP),Comas,Recepción,948840994,traumamédika12@gmail.com,"Av. Las Torres 1874, Comas",Camilla de Tracción,Everyway,ET-800,EVE-5970,N/A,Descalibración de fuerza de tracción,Calibración de fuerza de tracción,No,Sin observaciones adicionales,Practicante,COT-2023-0130,INF-2023-0130,USD,690.51
2023,Recepción,2023-10-30,2023-11-05,6,NoPain Centro de Rehabilitación,Clínica,Comas,Recepción,955176955,nopaincentro7@gmail.com,"Av. Los Próceres 878, Comas",Electroterapia,Biomedikal,Biostim NMS,BIO-3785,N/A,Falla en placa de control por caída (equipo portátil),Reparación de placa de control + Mantenimiento preventivo anual,Sí,,Coordinador Técnico,COT-2023-0004,INF-2023-0004,PEN,552.34
2023,Recepción,2023-10-30,2023-11-02,3,Mefyre - Cuerpo de Emergencias,Institución,La Molina,Recepción,928728463,mefyrecuerpo1@outlook.com,"Av. Los Próceres 1485, La Molina",Magnetoterapia,Emme,Magnetomed 8400,EMM-4271,Cable de aplicador,Falso contacto en cable de aplicador (bobina),Cambio de cable de aplicador,No,Cliente solicitó revisión urgente,Coordinador Técnico,COT-2023-0077,INF-2023-0077,PEN,209.19
2023,Recepción,2023-11-01,2023-11-03,2,Carlos Alberto Santos,Paciente / equipo propio,Chosica,Administración,997226012,carlosalbert4@outlook.com,"Av. Las Flores 959, Chosica",Laser baja potencia,Carsi,Lasermed 60mW,CAR-3234,Cánula láser,Falso contacto en cable de cánula láser,Cambio de cable de cánula láser,No,Se coordinó con el cliente por retraso de repuesto importado,Coordinador Técnico,COT-2023-0046,INF-2023-0046,PEN,97.28
2023,Visita,2023-11-02,2023-11-06,4,Patricia Gómez Vásquez EIRL,Consultorio independiente,Cercado de Lima,Administración,924942603,patriciagóme0@gmail.com,"Av. La Marina 663, Cercado de Lima",Magnetoterapia,Storz Medikal,Magnetolith,STO-9966,Carcasa de bobina,Rotura de carcasa de bobina plana (orejas de correa),Cambio de carcasa de accesorio + Mantenimiento preventivo anual,Sí,"Equipo antiguo, se recomienda mantenimiento anual",Coordinador Técnico,COT-2023-0013,INF-2023-0013,PEN,189.67
2023,Visita,2023-11-04,2023-11-10,6,Carlos Alberto Santos,Paciente / equipo propio,Chosica,Administración,997226012,carlosalbert4@outlook.com,"Av. Las Flores 959, Chosica",Laser baja potencia,Carsi,Lasermed 100mW,CAR-8248,Cánula láser,Falso contacto en cable de cánula láser,Cambio de cable de cánula láser,No,Sin observaciones adicionales,Coordinador Técnico,COT-2023-0262,INF-2023-0262,PEN,101.3
2023,Recepción,2023-11-04,2023-11-10,6,Patricia Gómez Vásquez EIRL,Consultorio independiente,Cercado de Lima,Administración,924942603,patriciagóme0@gmail.com,"Av. La Marina 663, Cercado de Lima",Ultrasonido,Carsi,Sonomed V,CAR-4613,N/A,Descalibración,Calibración de equipo,No,Equipo con uso intensivo diario,Coordinador Técnico,COT-2023-0192,INF-2023-0192,PEN,119.77
2023,Recepción,2023-11-07,2023-11-09,2,Fisioterapia San Rafael,Consultorio independiente,Chosica,Administración,996977837,fisioterapia15@gmail.com,"Av. Las Flores 1400, Chosica",Magnetoterapia,Meditek,Magnetherp 200,MED-3627,Carcasa de bobina,Rotura de carcasa de bobina plana (orejas de correa),Cambio de carcasa de accesorio,No,Equipo con uso intensivo diario,Coordinador Técnico,COT-2023-0015,INF-2023-0015,PEN,97.77
2023,Visita,2023-11-10,2023-11-15,5,Carlos Alberto Santos,Paciente / equipo propio,Chosica,Administración,997226012,carlosalbert4@outlook.com,"Av. Las Flores 959, Chosica",Laser baja potencia,Carsi,Lasermed 100mW,CAR-2838,Cánula láser,Falso contacto en cable de cánula láser,Cambio de cable de cánula láser,No,"Equipo antiguo, se recomienda mantenimiento anual",Coordinador Técnico,COT-2023-0152,INF-2023-0152,PEN,80.27
2023,Recepción,2023-11-13,2023-11-15,2,Clínica Primavera SAC,Clínica,Miraflores,Administración,989089901,clínicaprima5@hotmail.com,"Av. Los Próceres 1654, Miraflores",Ultrasonido,Emme,Ultrasonic 1300,EMM-9161,N/A,Descalibración,Calibración de equipo + Mantenimiento preventivo anual,Sí,,Coordinador Técnico,COT-2023-0169,INF-2023-0169,PEN,206.68
2023,Recepción,2023-11-15,2023-11-24,9,Alfa y Omega Rehabilitación,Clínica,La Molina,Administración,977827638,alfayomegare3@outlook.com,"Av. Los Próceres 1249, La Molina",Laser baja potencia,Carsi,Lasermed 60mW,CAR-9470,Cánula láser,Falso contacto en cable de cánula láser,Cambio de cable de cánula láser + Mantenimiento preventivo anual,Sí,Cliente solicitó revisión urgente,Practicante,COT-2023-0136,INF-2023-0136,PEN,185.38
2023,Recepción,2023-11-15,2023-11-18,3,Clínica Primavera SAC,Clínica,Miraflores,Administración,989089901,clínicaprima5@hotmail.com,"Av. Los Próceres 1654, Miraflores",Magnetoterapia,Storz Medikal,Magnetolith,STO-9148,Cable de aplicador,Falso contacto en cable de aplicador (bobina),Cambio de cable de aplicador + Mantenimiento preventivo anual,Sí,Se coordinó con el cliente por retraso de repuesto importado,Coordinador Técnico,COT-2023-0024,INF-2023-0024,PEN,200.47
2023,Recepción,2023-11-16,2023-11-19,3,Corporación de Servicios Médicos del Sur,Clínica,Chosica,Administración,966722344,corporaciónd6@hotmail.com,"Av. El Sol 418, Chosica",Ultrasonido,Carsi,Sonomed IV,CAR-5788,Cable de aplicador US,Falso contacto en cable de aplicador,Cambio de cable de aplicador + Mantenimiento preventivo anual,Sí,Sin observaciones adicionales,Coordinador Técnico,COT-2023-0211,INF-2023-0211,PEN,285.88
2023,Recepción,2023-11-17,2023-11-18,1,IAFAS Fuerza Aeroespacial del Perú,Institución (VIP),Ate,Coordinación,984093639,iafasfuerzaa10@hotmail.com,"Av. La Marina 1366, Ate",Electroterapia,Biomedikal,Biostim NMS,BIO-7649,N/A,Falla en placa de control por caída (equipo portátil),Reparación de placa de control + Mantenimiento preventivo anual,Sí,"Equipo antiguo, se recomienda mantenimiento anual",Coordinador Técnico,COT-2023-0058,INF-2023-0058,PEN,1997.26
2023,Recepción,2023-11-18,2023-11-26,8,Lic. Rosa Ibarra Terapia Física,Consultorio independiente,Jesús María,Encargado de compras,924716857,licrosaibarr24@gmail.com,"Av. La Marina 427, Jesús María",Ultrasonido,Emme,Ultrasonic 1500,EMM-5890,Cable de aplicador US,Falso contacto en cable de aplicador,Cambio de cable de aplicador,No,Se coordinó con el cliente por retraso de repuesto importado,Coordinador Técnico,COT-2023-0001,INF-2023-0001,PEN,124.38
2023,Recepción,2023-11-20,2023-11-27,7,Clínica Los Álamos SAC,Clínica,Magdalena,Coordinación,995899313,clínicalosál17@outlook.com,"Av. Las Flores 549, Magdalena",Electroterapia,Emme,Therapic 9400,EMM-3299,Electrodos,Electrodos desgastados,Cambio de electrodos,No,Sin observaciones adicionales,Coordinador Técnico,COT-2023-0055,INF-2023-0055,PEN,107.89
2023,Recepción,2023-12-01,2023-12-05,4,Instituto Peruano del Deporte - Sede Sur,Institución,La Molina,Encargado de compras,997971488,institutoper20@hotmail.com,"Av. Central 1911, La Molina",Electroterapia,Emme,Therapic 9200,EMM-5623,N/A,Descalibración,Calibración de equipo + Mantenimiento preventivo anual,Sí,,Coordinador Técnico,COT-2023-0166,INF-2023-0166,PEN,615.08
2023,Recepción,2023-12-02,2023-12-08,6,Clínica Primavera SAC,Clínica,Miraflores,Administración,989089901,clínicaprima5@hotmail.com,"Av. Los Próceres 1654, Miraflores",Magnetoterapia,Emme,Magnetomed 7200,EMM-7162,N/A,Descalibración,Calibración de equipo,No,,Coordinador Técnico,COT-2023-0194,INF-2023-0194,PEN,113.34
2023,Recepción,2023-12-02,2023-12-08,6,Patricia Gómez Vásquez EIRL,Consultorio independiente,Cercado de Lima,Administración,924942603,patriciagóme0@gmail.com,"Av. La Marina 663, Cercado de Lima",Magnetoterapia,Storz Medikal,Magnetolith,STO-3932,Carcasa de bobina,Rotura de carcasa de bobina plana (orejas de correa),Cambio de carcasa de accesorio + Mantenimiento preventivo anual,Sí,Se coordinó con el cliente por retraso de repuesto importado,Coordinador Técnico,COT-2023-0157,INF-2023-0157,PEN,130.21
2023,Recepción,2023-12-03,2023-12-07,4,Seguro Social de Salud,Institución (VIP),Chosica,Encargado de compras,971662963,segurosocial9@outlook.com,"Av. Los Próceres 1988, Chosica",Ondas de Choque Radial,Ztorz Medikal,Masterpuls MP ONE,ZTO-8530,Aplicador,Aplicador superó límite de disparos,Cambio de aplicador por límite de disparos + Mantenimiento preventivo anual,Sí,,Coordinador Técnico,COT-2023-0187,INF-2023-0187,PEN,15585.96
2023,Recepción,2023-12-04,2023-12-06,2,Carlos Alberto Santos,Paciente / equipo propio,Chosica,Administración,997226012,carlosalbert4@outlook.com,"Av. Las Flores 959, Chosica",Magnetoterapia,Meditek,Magnetherp 330,MED-2426,Cable de aplicador,Falso contacto en cable de aplicador (bobina),Cambio de cable de aplicador + Mantenimiento preventivo anual,Sí,"Equipo antiguo, se recomienda mantenimiento anual",Coordinador Técnico,COT-2023-0154,INF-2023-0154,PEN,129.86
2023,Recepción,2023-12-05,2023-12-10,5,Mefyre - Cuerpo de Emergencias,Institución,La Molina,Recepción,928728463,mefyrecuerpo1@outlook.com,"Av. Los Próceres 1485, La Molina",Laser alta potencia,Emme,Vikate 8W,EMM-4438,N/A,Descalibración,Calibración de equipo,No,Cliente solicitó revisión urgente,Coordinador Técnico,COT-2023-0232,INF-2023-0232,PEN,168.8
2023,Recepción,2023-12-06,2023-12-10,4,Patricia Gómez Vásquez EIRL,Consultorio independiente,Cercado de Lima,Administración,924942603,patriciagóme0@gmail.com,"Av. La Marina 663, Cercado de Lima",Ultrasonido,Emme,Ultrasonic 1500,EMM-8952,Cable de aplicador US,Falso contacto en cable de aplicador,Cambio de cable de aplicador,No,Cliente solicitó revisión urgente,Coordinador Técnico,COT-2023-0106,INF-2023-0106,PEN,163.86
2023,Recepción,2023-12-06,2023-12-12,6,Mefyre - Cuerpo de Emergencias,Institución,La Molina,Recepción,928728463,mefyrecuerpo1@outlook.com,"Av. Los Próceres 1485, La Molina",Ultrasonido,Carsi,Sonomed IV,CAR-3384,Aplicador US,Desgaste de cristal piezoeléctrico de aplicador,Cambio de piezoeléctrico de aplicador,No,,Coordinador Técnico,COT-2023-0234,INF-2023-0234,PEN,334.12
2023,Recepción,2023-12-07,2023-12-08,1,Parroquia Nuestra Señora de Chaclacayo,Institución,San Borja,Recepción,956164955,parroquianue8@outlook.com,"Av. El Sol 1752, San Borja",Magnetoterapia,Meditek,Magnetherp 200,MED-2965,Carcasa de bobina,Rotura de carcasa de bobina plana (orejas de correa),Cambio de carcasa de accesorio + Mantenimiento preventivo anual,Sí,Equipo con uso intensivo diario,Coordinador Técnico,COT-2023-0181,INF-2023-0181,PEN,246.45
2023,Visita,2023-12-09,2023-12-11,2,Clínica Los Álamos SAC,Clínica,Magdalena,Coordinación,995899313,clínicalosál17@outlook.com,"Av. Las Flores 549, Magdalena",Electroterapia,Biomedikal,Impulse 3000T,BIO-8106,Electrodos,Electrodos desgastados,Cambio de electrodos,No,"Cliente rechazó cambio de placa, se optó por reparación",Coordinador Técnico,COT-2023-0253,INF-2023-0253,PEN,125.6
2023,Recepción,2023-12-09,2023-12-10,1,Hospital Nacional Docente,Institución,San Juan de Lurigancho,Coordinación,959684848,hospitalnaci14@hotmail.com,"Av. Las Torres 1472, San Juan de Lurigancho",Ultrasonido,Emme,Ultrasonic 1500,EMM-1003,N/A,Descalibración,Calibración de equipo + Mantenimiento preventivo anual,Sí,Se coordinó con el cliente por retraso de repuesto importado,Practicante,COT-2023-0112,INF-2023-0112,PEN,379.35
2023,Recepción,2023-12-10,2023-12-19,9,Patricia Gómez Vásquez EIRL,Consultorio independiente,Cercado de Lima,Administración,924942603,patriciagóme0@gmail.com,"Av. La Marina 663, Cercado de Lima",Laser baja potencia,Carsi,Lasermed 60mW,CAR-2835,N/A,Falla en placa de potencia (reparable),Reparación de placa de potencia + Mantenimiento preventivo anual,Sí,Se coordinó con el cliente por retraso de repuesto importado,Coordinador Técnico,COT-2023-0212,INF-2023-0212,PEN,521.01
2023,Recepción,2023-12-10,2023-12-11,1,Trauma Médika EIRL,Clínica (VIP),Comas,Recepción,948840994,traumamédika12@gmail.com,"Av. Las Torres 1874, Comas",Magnetoterapia,Emme,Magnetomed 8400,EMM-1930,Fusible,Fusible quemado,Cambio de fusibles + Mantenimiento preventivo anual,Sí,,Coordinador Técnico,COT-2023-0002,INF-2023-0002,USD,526.59
2023,Visita,2023-12-11,2023-12-12,1,Mefyre - Cuerpo de Emergencias,Institución,La Molina,Recepción,928728463,mefyrecuerpo1@outlook.com,"Av. Los Próceres 1485, La Molina",Electroterapia,Emme,Therapic 9400,EMM-8496,Cable de electrodos,Falso contacto en cable de electrodos,Cambio de cable de electrodos,No,Cliente solicitó revisión urgente,Coordinador Técnico,COT-2023-0007,INF-2023-0007,PEN,126.83
2023,Recepción,2023-12-11,2023-12-13,2,Fisiosalud Andina SAC,Clínica,La Molina,Recepción,928566572,fisiosaludan23@outlook.com,"Av. Central 286, La Molina",Laser baja potencia,Carsi,Lasermed 60mW,CAR-4327,N/A,Falla en placa de potencia (reparable),Reparación de placa de potencia + Mantenimiento preventivo anual,Sí,"Cliente rechazó cambio de placa, se optó por reparación",Coordinador Técnico,COT-2023-0035,INF-2023-0035,PEN,587.07
2023,Recepción,2023-12-11,2023-12-17,6,Patricia Gómez Vásquez EIRL,Consultorio independiente,Cercado de Lima,Administración,924942603,patriciagóme0@gmail.com,"Av. La Marina 663, Cercado de Lima",Dermatoscopios,Dermlitex,Lumio,DER-5480,Lente,Mantenimiento por limpieza de lente,Limpieza y mantenimiento de lente + Mantenimiento preventivo anual,Sí,,Coordinador Técnico,COT-2023-0057,INF-2023-0057,PEN,147.44
2023,Recepción,2023-12-11,2023-12-13,2,Patricia Gómez Vásquez EIRL,Consultorio independiente,Cercado de Lima,Administración,924942603,patriciagóme0@gmail.com,"Av. La Marina 663, Cercado de Lima",Electroterapia,Biomedikal,Impulse 3000T,BIO-7623,N/A,Descalibración,Calibración de equipo,No,Equipo con uso intensivo diario,Coordinador Técnico,COT-2023-0240,INF-2023-0240,PEN,96.02
2023,Visita,2023-12-11,2023-12-29,18,Lic. Rosa Ibarra Terapia Física,Consultorio independiente,Jesús María,Encargado de compras,924716857,licrosaibarr24@gmail.com,"Av. La Marina 427, Jesús María",Electroterapia,Biomedikal,Biostim NMS,BIO-9869,Cable de electrodos,Falso contacto en cable de electrodos,Cambio de cable de electrodos + Mantenimiento preventivo anual,Sí,Se coordinó con el cliente por retraso de repuesto importado,Coordinador Técnico,COT-2023-0128,INF-2023-0128,PEN,138.83
2023,Recepción,2023-12-13,2023-12-14,1,Carlos Alberto Santos,Paciente / equipo propio,Chosica,Administración,997226012,carlosalbert4@outlook.com,"Av. Las Flores 959, Chosica",Electroterapia,Biomedikal,Quadstar II,BIO-7112,Electrodos,Electrodos desgastados,Cambio de electrodos,No,Equipo con uso intensivo diario,Coordinador Técnico,COT-2023-0009,INF-2023-0009,PEN,36.2
2023,Recepción,2023-12-14,2023-12-16,2,Universidad Nacional del Centro,Institución,San Isidro,Coordinación,947308985,universidadn13@hotmail.com,"Av. La Marina 1808, San Isidro",Magnetoterapia,Storz Medikal,Magnetolith,STO-6688,Carcasa de bobina,Rotura de carcasa de bobina plana (orejas de correa),Cambio de carcasa de accesorio + Mantenimiento preventivo anual,Sí,Sin observaciones adicionales,Coordinador Técnico,COT-2023-0091,INF-2023-0091,PEN,470.97
2023,Recepción,2023-12-14,2023-12-16,2,NoPain Centro de Rehabilitación,Clínica,Comas,Recepción,955176955,nopaincentro7@gmail.com,"Av. Los Próceres 878, Comas",Dermatoscopios,Dermlitex,Lumio S,DER-5355,Batería,Batería agotada / dañada,Cambio de batería + Mantenimiento preventivo anual,Sí,"Cliente rechazó cambio de placa, se optó por reparación",Coordinador Técnico,COT-2023-0108,INF-2023-0108,PEN,228.08
2023,Recepción,2023-12-16,2023-12-21,5,Federación Peruana de Voleibol,Institución (VIP),San Miguel,Administración,935808537,federaciónpe11@outlook.com,"Av. Los Próceres 193, San Miguel",Laser baja potencia,Carsi,Lasermed 60mW,CAR-1706,Cánula láser,Falso contacto en cable de cánula láser,Cambio de cable de cánula láser,No,Equipo con uso intensivo diario,Coordinador Técnico,COT-2023-0198,INF-2023-0198,PEN,708.32
2023,Recepción,2023-12-16,2023-12-19,3,Lic. Mónica Torres Fisioterapia,Consultorio independiente,Los Olivos,Coordinación,942857966,licmónicator16@gmail.com,"Av. Central 877, Los Olivos",Compreseros Calientes,Nacional Perú,Compresero 12 unid.,NAC-8240,N/A,Descalibración de temperatura,Calibración de temperatura + Mantenimiento preventivo anual,Sí,"Cliente rechazó cambio de placa, se optó por reparación",Coordinador Técnico,COT-2023-0231,INF-2023-0231,PEN,144.09
2023,Recepción,2023-12-17,2023-12-18,1,Carlos Alberto Santos,Paciente / equipo propio,Chosica,Administración,997226012,carlosalbert4@outlook.com,"Av. Las Flores 959, Chosica",Magnetoterapia,Emme,Magnetomed 7200,EMM-5653,N/A,Descalibración,Calibración de equipo,No,Cliente solicitó revisión urgente,Coordinador Técnico,COT-2023-0123,INF-2023-0123,PEN,62.61
2023,Recepción,2023-12-17,2023-12-27,10,Patricia Gómez Vásquez EIRL,Consultorio independiente,Cercado de Lima,Administración,924942603,patriciagóme0@gmail.com,"Av. La Marina 663, Cercado de Lima",Laser baja potencia,Carsi,Lasermed 60mW,CAR-1643,N/A,Descalibración,Calibración de equipo,No,"Cliente rechazó cambio de placa, se optó por reparación",Practicante,COT-2023-0135,INF-2023-0135,PEN,123.03
2023,Recepción,2023-12-17,2023-12-20,3,Parroquia Nuestra Señora de Chaclacayo,Institución,San Borja,Recepción,956164955,parroquianue8@outlook.com,"Av. El Sol 1752, San Borja",Ultrasonido,Emme,Ultrasonic 1300,EMM-4560,Aplicador US,Desgaste de cristal piezoeléctrico de aplicador,Cambio de piezoeléctrico de aplicador + Mantenimiento preventivo anual,Sí,Cliente solicitó revisión urgente,Practicante,COT-2023-0031,INF-2023-0031,PEN,325.69
2023,Recepción,2023-12-18,2023-12-20,2,Policlínico San Judas,Clínica,Chosica,Coordinación,988461803,policlínicos22@hotmail.com,"Av. Las Flores 917, Chosica",Ultrasonido,Emme,Ultrasonic 1500,EMM-7090,N/A,Descalibración,Calibración de equipo,No,Sin observaciones adicionales,Coordinador Técnico,COT-2023-0111,INF-2023-0111,PEN,179.23
2023,Recepción,2023-12-18,2023-12-21,3,Mefyre - Cuerpo de Emergencias,Institución,La Molina,Recepción,928728463,mefyrecuerpo1@outlook.com,"Av. Los Próceres 1485, La Molina",Dermatoscopios,Dermlitex,DL100,DER-4453,Lente,Mantenimiento por limpieza de lente,Limpieza y mantenimiento de lente,No,Se coordinó con el cliente por retraso de repuesto importado,Coordinador Técnico,COT-2023-0042,INF-2023-0042,PEN,91.99
2023,Recepción,2023-12-19,2023-12-21,2,Fisioterapia San Rafael,Consultorio independiente,Chosica,Administración,996977837,fisioterapia15@gmail.com,"Av. Las Flores 1400, Chosica",Electroterapia,Emme,Therapic 9200,EMM-3369,Cable de electrodos,Falso contacto en cable de electrodos,Cambio de cable de electrodos + Mantenimiento preventivo anual,Sí,Cliente solicitó revisión urgente,Coordinador Técnico,COT-2023-0139,INF-2023-0139,PEN,224.14
2023,Recepción,2023-12-19,2023-12-22,3,Instituto Peruano del Deporte - Sede Sur,Institución,La Molina,Encargado de compras,997971488,institutoper20@hotmail.com,"Av. Central 1911, La Molina",Compreseros Calientes,Nacional Perú,Compresero 12 unid.,NAC-9374,N/A,Descalibración de temperatura,Calibración de temperatura + Mantenimiento preventivo anual,Sí,"Equipo antiguo, se recomienda mantenimiento anual",Practicante,COT-2023-0079,INF-2023-0079,PEN,506.58
2023,Recepción,2023-12-19,2023-12-25,6,Corporación de Servicios Médicos del Sur,Clínica,Chosica,Administración,966722344,corporaciónd6@hotmail.com,"Av. El Sol 418, Chosica",Magnetoterapia,Storz Medikal,Magnetolith,STO-3262,Cable de aplicador,Falso contacto en cable de aplicador (bobina),Cambio de cable de aplicador,No,,Coordinador Técnico,COT-2023-0068,INF-2023-0068,PEN,141.32
2023,Recepción,2023-12-20,2023-12-27,7,Patricia Gómez Vásquez EIRL,Consultorio independiente,Cercado de Lima,Administración,924942603,patriciagóme0@gmail.com,"Av. La Marina 663, Cercado de Lima",Laser baja potencia,Carsi,Lasermed 60mW,CAR-6866,Cánula láser,Falso contacto en cable de cánula láser,Cambio de cable de cánula láser + Mantenimiento preventivo anual,Sí,Equipo con uso intensivo diario,Coordinador Técnico,COT-2023-0038,INF-2023-0038,PEN,224.65
2023,Recepción,2023-12-20,2024-01-01,12,Patricia Gómez Vásquez EIRL,Consultorio independiente,Cercado de Lima,Administración,924942603,patriciagóme0@gmail.com,"Av. La Marina 663, Cercado de Lima",Magnetoterapia,Meditek,Magnetherp 200,MED-3822,N/A,Descalibración,Calibración de equipo + Mantenimiento preventivo anual,Sí,Se coordinó con el cliente por retraso de repuesto importado,Coordinador Técnico,COT-2023-0191,INF-2023-0191,PEN,165.33
2023,Visita,2023-12-20,2023-12-26,6,Centro Médico El Progreso,Clínica,San Miguel,Encargado de compras,918526544,centromédico25@hotmail.com,"Av. Central 1320, San Miguel",Ultrasonido,Emme,Ultrasonic 1500,EMM-4592,N/A,Descalibración,Calibración de equipo + Mantenimiento preventivo anual,Sí,Sin observaciones adicionales,Coordinador Técnico,COT-2023-0197,INF-2023-0197,PEN,241.86
2023,Recepción,2023-12-20,2023-12-21,1,Mefyre - Cuerpo de Emergencias,Institución,La Molina,Recepción,928728463,mefyrecuerpo1@outlook.com,"Av. Los Próceres 1485, La Molina",Magnetoterapia,Storz Medikal,Magnetolith,STO-5644,Cable de aplicador,Falso contacto en cable de aplicador (bobina),Cambio de cable de aplicador + Mantenimiento preventivo anual,Sí,Equipo con uso intensivo diario,Practicante,COT-2023-0061,INF-2023-0061,PEN,314.57
2023,Recepción,2023-12-21,2023-12-23,2,Lic. Rosa Ibarra Terapia Física,Consultorio independiente,Jesús María,Encargado de compras,924716857,licrosaibarr24@gmail.com,"Av. La Marina 427, Jesús María",Laser baja potencia,Carsi,Lasermed 60mW,CAR-3316,Cánula láser,Falso contacto en cable de cánula láser,Cambio de cable de cánula láser,No,Equipo con uso intensivo diario,Practicante,COT-2023-0047,INF-2023-0047,PEN,105.73
2023,Recepción,2023-12-22,2023-12-24,2,Mefyre - Cuerpo de Emergencias,Institución,La Molina,Recepción,928728463,mefyrecuerpo1@outlook.com,"Av. Los Próceres 1485, La Molina",Ultrasonido,Carsi,Sonomed IV,CAR-2387,Cable de aplicador US,Falso contacto en cable de aplicador,Cambio de cable de aplicador,No,Cliente solicitó revisión urgente,Practicante,COT-2023-0168,INF-2023-0168,PEN,152.41
2023,Recepción,2023-12-24,2023-12-31,7,Clínica Los Álamos SAC,Clínica,Magdalena,Coordinación,995899313,clínicalosál17@outlook.com,"Av. Las Flores 549, Magdalena",Magnetoterapia,Storz Medikal,Magnetolith,STO-3519,Teclado membrana,Falla en teclado membrana,Cambio de teclado membrana + Mantenimiento preventivo anual,Sí,Equipo con uso intensivo diario,Practicante,COT-2023-0043,INF-2023-0043,PEN,380.58
2023,Visita,2023-12-25,2023-12-29,4,Mefyre - Cuerpo de Emergencias,Institución,La Molina,Recepción,928728463,mefyrecuerpo1@outlook.com,"Av. Los Próceres 1485, La Molina",Compreseros Calientes,Nacional Perú,Compresero 24 unid.,NAC-6201,Resistencia,Resistencia dañada,Cambio de resistencia + Mantenimiento preventivo anual,Sí,Equipo con uso intensivo diario,Practicante,COT-2023-0129,INF-2023-0129,PEN,219.05
2023,Recepción,2023-12-25,2023-12-29,4,Mefyre - Cuerpo de Emergencias,Institución,La Molina,Recepción,928728463,mefyrecuerpo1@outlook.com,"Av. Los Próceres 1485, La Molina",Electroterapia,Biomedikal,Biostim NMS,BIO-4281,Cable de electrodos,Falso contacto en cable de electrodos,Cambio de cable de electrodos + Mantenimiento preventivo anual,Sí,"Cliente rechazó cambio de placa, se optó por reparación",Coordinador Técnico,COT-2023-0072,INF-2023-0072,PEN,226.13
2023,Visita,2023-12-28,2023-12-31,3,Centro de Rehabilitación Vitalis,Clínica,Jesús María,Coordinación,917507864,centrodereha18@gmail.com,"Av. Los Próceres 1748, Jesús María",Electroterapia,Biomedikal,Quadstar II,BIO-6421,Electrodos,Electrodos desgastados,Cambio de electrodos + Mantenimiento preventivo anual,Sí,"Equipo antiguo, se recomienda mantenimiento anual",Coordinador Técnico,COT-2023-0023,INF-2023-0023,PEN,159.0
2023,Visita,2023-12-28,2023-12-31,3,Clínica Primavera SAC,Clínica,Miraflores,Administración,989089901,clínicaprima5@hotmail.com,"Av. Los Próceres 1654, Miraflores",Ultrasonido,Carsi,Sonomed V,CAR-1187,Cable de aplicador US,Falso contacto en cable de aplicador,Cambio de cable de aplicador,No,Se coordinó con el cliente por retraso de repuesto importado,Coordinador Técnico,COT-2023-0116,INF-2023-0116,PEN,192.45
2023,Recepción,2023-12-30,2024-01-09,10,Parroquia Nuestra Señora de Chaclacayo,Institución,San Borja,Recepción,956164955,parroquianue8@outlook.com,"Av. El Sol 1752, San Borja",Ultrasonido,Carsi,Sonomed V,CAR-8006,Cable de aplicador US,Falso contacto en cable de aplicador,Cambio de cable de aplicador + Mantenimiento preventivo anual,Sí,"Equipo antiguo, se recomienda mantenimiento anual",Coordinador Técnico,COT-2023-0221,INF-2023-0221,PEN,237.48
2023,Recepción,2023-12-30,2023-12-31,1,Federación Peruana de Voleibol,Institución (VIP),San Miguel,Administración,935808537,federaciónpe11@outlook.com,"Av. Los Próceres 193, San Miguel",Ultrasonido,Carsi,Sonomed V,CAR-6640,Cable de aplicador US,Falso contacto en cable de aplicador,Cambio de cable de aplicador,No,Equipo con uso intensivo diario,Practicante,COT-2023-0165,INF-2023-0165,PEN,654.32
2024,Recepción,2024-01-15,2024-01-17,2,Parroquia Nuestra Señora de Chaclacayo,Institución,San Borja,Recepción,956164955,parroquianue8@outlook.com,"Av. El Sol 1752, San Borja",Ultrasonido,Carsi,Sonomed V,CAR-7599,Cable de aplicador US,Falso contacto en cable de aplicador,Cambio de cable de aplicador,No,Equipo con uso intensivo diario,Coordinador Técnico,COT-2024-0236,INF-2024-0236,PEN,120.71
2024,Recepción,2024-01-16,2024-01-20,4,Trauma Médika EIRL,Clínica (VIP),Comas,Recepción,948840994,traumamédika12@gmail.com,"Av. Las Torres 1874, Comas",Electroterapia,Biomedikal,Impulse 3000T,BIO-9990,N/A,Descalibración,Calibración de equipo,No,,Encargado de Servicio Técnico,COT-2024-0127,INF-2024-0127,USD,628.89
2024,Recepción,2024-01-21,2024-01-22,1,Patricia Gómez Vásquez EIRL,Consultorio independiente,Cercado de Lima,Administración,924942603,patriciagóme0@gmail.com,"Av. La Marina 663, Cercado de Lima",Camilla de Tracción,Everyway,ET-800,EVE-5409,N/A,Descalibración de fuerza de tracción,Calibración de fuerza de tracción,No,"Cliente rechazó cambio de placa, se optó por reparación",Practicante,COT-2024-0052,INF-2024-0052,PEN,98.7
2024,Recepción,2024-01-22,2024-01-23,1,Mefyre - Cuerpo de Emergencias,Institución,La Molina,Recepción,928728463,mefyrecuerpo1@outlook.com,"Av. Los Próceres 1485, La Molina",Ultrasonido,Emme,Ultrasonic 1300,EMM-8734,Cable de aplicador US,Falso contacto en cable de aplicador,Cambio de cable de aplicador,No,"Equipo antiguo, se recomienda mantenimiento anual",Encargado de Servicio Técnico,COT-2024-0168,INF-2024-0168,PEN,189.37
2024,Recepción,2024-01-25,2024-01-26,1,Mefyre - Cuerpo de Emergencias,Institución,La Molina,Recepción,928728463,mefyrecuerpo1@outlook.com,"Av. Los Próceres 1485, La Molina",Magnetoterapia,Emme,Magnetomed 8400,EMM-2369,N/A,Falla en placa de potencia (reparable),Reparación de placa de potencia + Mantenimiento preventivo anual,Sí,Cliente solicitó revisión urgente,Encargado de Servicio Técnico,COT-2024-0209,INF-2024-0209,PEN,574.97
2024,Recepción,2024-01-28,2024-02-02,5,Lic. Rosa Ibarra Terapia Física,Consultorio independiente,Jesús María,Encargado de compras,924716857,licrosaibarr24@gmail.com,"Av. La Marina 427, Jesús María",Electroterapia,Biomedikal,Quadstar II,BIO-1732,Teclado,Falla en teclado / perillas,Cambio de teclado o perillas,No,"Cliente rechazó cambio de placa, se optó por reparación",Encargado de Servicio Técnico,COT-2024-0299,INF-2024-0299,PEN,142.03
2024,Recepción,2024-02-01,2024-02-05,4,Centro de Rehabilitación Vitalis,Clínica,Jesús María,Coordinación,917507864,centrodereha18@gmail.com,"Av. Los Próceres 1748, Jesús María",Ultrasonido,Emme,Ultrasonic 1500,EMM-6798,N/A,Falla en placa de potencia (reparable),Reparación de placa de potencia,No,Equipo con uso intensivo diario,Encargado de Servicio Técnico,COT-2024-0159,INF-2024-0159,PEN,429.27
2024,Recepción,2024-02-04,2024-02-15,11,Clínica Primavera SAC,Clínica,Miraflores,Administración,989089901,clínicaprima5@hotmail.com,"Av. Los Próceres 1654, Miraflores",Masoterapia,Genérico,Equipo de masoterapia,GEN-3591,N/A,Caso particular / falla no recurrente,Reparación según diagnóstico particular,No,Equipo con uso intensivo diario,Encargado de Servicio Técnico,COT-2024-0192,INF-2024-0192,PEN,381.96
2024,Recepción,2024-02-05,2024-02-12,7,Parroquia Nuestra Señora de Chaclacayo,Institución,San Borja,Recepción,956164955,parroquianue8@outlook.com,"Av. El Sol 1752, San Borja",Compresero Frío,Nacional Perú,Compresero frío 6 unid.,NAC-7135,N/A,Mantenimiento preventivo (sin falla registrada),Mantenimiento preventivo general,No,"Equipo antiguo, se recomienda mantenimiento anual",Encargado de Servicio Técnico,COT-2024-0042,INF-2024-0042,PEN,80.48
2024,Recepción,2024-02-06,2024-02-11,5,Lic. Jorge Injante Terapia Física,Consultorio independiente,San Isidro,Coordinación,945935572,licjorgeinja19@gmail.com,"Av. Las Torres 1970, San Isidro",Electroterapia,Emme,Therapic 9400,EMM-8669,N/A,Falla en placa de control por caída (equipo portátil),Reparación de placa de control + Mantenimiento preventivo anual,Sí,Cliente solicitó revisión urgente,Practicante,COT-2024-0003,INF-2024-0003,PEN,292.82
2024,Recepción,2024-02-07,2024-02-17,10,Patricia Gómez Vásquez EIRL,Consultorio independiente,Cercado de Lima,Administración,924942603,patriciagóme0@gmail.com,"Av. La Marina 663, Cercado de Lima",Electroterapia,Biomedikal,Biostim NMS,BIO-5496,N/A,Descalibración,Calibración de equipo + Mantenimiento preventivo anual,Sí,Cliente solicitó revisión urgente,Encargado de Servicio Técnico,COT-2024-0084,INF-2024-0084,PEN,187.11
2024,Visita,2024-02-08,2024-02-11,3,Fisioterapia San Rafael,Consultorio independiente,Chosica,Administración,996977837,fisioterapia15@gmail.com,"Av. Las Flores 1400, Chosica",Electroterapia,Emme,Therapic 9200,EMM-8434,Cable de electrodos,Falso contacto en cable de electrodos,Cambio de cable de electrodos,No,Equipo con uso intensivo diario,Encargado de Servicio Técnico,COT-2024-0290,INF-2024-0290,PEN,122.28
2024,Recepción,2024-02-08,2024-02-10,2,Carlos Alberto Santos,Paciente / equipo propio,Chosica,Administración,997226012,carlosalbert4@outlook.com,"Av. Las Flores 959, Chosica",Electroterapia,Emme,Therapic 9400,EMM-3826,Teclado,Falla en teclado / perillas,Cambio de teclado o perillas,No,Se coordinó con el cliente por retraso de repuesto importado,Encargado de Servicio Técnico,COT-2024-0139,INF-2024-0139,PEN,88.56
2024,Visita,2024-02-10,2024-02-18,8,Patricia Gómez Vásquez EIRL,Consultorio independiente,Cercado de Lima,Administración,924942603,patriciagóme0@gmail.com,"Av. La Marina 663, Cercado de Lima",Lampara Infrarroja,Genérico,Lámpara infrarroja,GEN-7218,N/A,Mantenimiento preventivo (sin falla registrada),Mantenimiento preventivo general,No,"Equipo antiguo, se recomienda mantenimiento anual",Encargado de Servicio Técnico,COT-2024-0240,INF-2024-0240,PEN,68.8
2024,Recepción,2024-02-11,2024-02-26,15,Patricia Gómez Vásquez EIRL,Consultorio independiente,Cercado de Lima,Administración,924942603,patriciagóme0@gmail.com,"Av. La Marina 663, Cercado de Lima",Magnetoterapia,Emme,Magnetomed 8400,EMM-1745,N/A,Descalibración,Calibración de equipo + Mantenimiento preventivo anual,Sí,Equipo con uso intensivo diario,Encargado de Servicio Técnico,COT-2024-0002,INF-2024-0002,PEN,225.09
2024,Recepción,2024-02-12,2024-02-13,1,Mefyre - Cuerpo de Emergencias,Institución,La Molina,Recepción,928728463,mefyrecuerpo1@outlook.com,"Av. Los Próceres 1485, La Molina",Laser baja potencia,Carsi,Lasermed 60mW,CAR-3125,Cánula láser,Falso contacto en cable de cánula láser,Cambio de cable de cánula láser + Mantenimiento preventivo anual,Sí,"Cliente rechazó cambio de placa, se optó por reparación",Practicante,COT-2024-0287,INF-2024-0287,PEN,289.69
2024,Recepción,2024-02-20,2024-02-21,1,NoPain Centro de Rehabilitación,Clínica,Comas,Recepción,955176955,nopaincentro7@gmail.com,"Av. Los Próceres 878, Comas",Magnetoterapia,Storz Medikal,Magnetolith,STO-4305,Cable de aplicador,Falso contacto en cable de aplicador (bobina),Cambio de cable de aplicador + Mantenimiento preventivo anual,Sí,Se coordinó con el cliente por retraso de repuesto importado,Encargado de Servicio Técnico,COT-2024-0197,INF-2024-0197,PEN,194.31
2024,Recepción,2024-02-28,2024-03-06,7,Lic. Rosa Ibarra Terapia Física,Consultorio independiente,Jesús María,Encargado de compras,924716857,licrosaibarr24@gmail.com,"Av. La Marina 427, Jesús María",Compreseros Calientes,Nacional Perú,Compresero 12 unid.,NAC-7302,Resistencia,Resistencia dañada,Cambio de resistencia + Mantenimiento preventivo anual,Sí,Sin observaciones adicionales,Practicante,COT-2024-0291,INF-2024-0291,PEN,164.22
2024,Visita,2024-03-01,2024-03-07,6,Clínica Bienestar Total EIRL,Clínica,San Juan de Lurigancho,Coordinación,945551614,clínicabiene21@gmail.com,"Av. Las Torres 1625, San Juan de Lurigancho",Bicicleta Estacionaria,Ergolines,Ergoselect 200P,ERG-3496,N/A,Armado / instalación inicial,Armado e instalación,No,Cliente solicitó revisión urgente,Encargado de Servicio Técnico,COT-2024-0228,INF-2024-0228,PEN,257.19
2024,Recepción,2024-03-01,2024-03-07,6,Parroquia Nuestra Señora de Chaclacayo,Institución,San Borja,Recepción,956164955,parroquianue8@outlook.com,"Av. El Sol 1752, San Borja",Magnetoterapia,Emme,Magnetomed 8400,EMM-9401,Carcasa de bobina,Rotura de carcasa de bobina plana (orejas de correa),Cambio de carcasa de accesorio + Mantenimiento preventivo anual,Sí,Sin observaciones adicionales,Coordinador Técnico,COT-2024-0174,INF-2024-0174,PEN,159.72
2024,Visita,2024-03-01,2024-03-03,2,Alfa y Omega Rehabilitación,Clínica,La Molina,Administración,977827638,alfayomegare3@outlook.com,"Av. Los Próceres 1249, La Molina",Magnetoterapia,Meditek,Magnetherp 330 NG,MED-6907,Cable de poder,Falla en cable de poder,Cambio de cable de poder + Mantenimiento preventivo anual,Sí,Se coordinó con el cliente por retraso de repuesto importado,Encargado de Servicio Técnico,COT-2024-0169,INF-2024-0169,PEN,210.63
2024,Recepción,2024-03-01,2024-03-05,4,Seguro Social de Salud,Institución (VIP),Chosica,Encargado de compras,971662963,segurosocial9@outlook.com,"Av. Los Próceres 1988, Chosica",Ultrasonido,Emme,Ultrasonic 1300,EMM-8293,N/A,Descalibración,Calibración de equipo,No,Se coordinó con el cliente por retraso de repuesto importado,Coordinador Técnico,COT-2024-0058,INF-2024-0058,PEN,1135.54
2024,Recepción,2024-03-02,2024-03-04,2,Federación Peruana de Voleibol,Institución (VIP),San Miguel,Administración,935808537,federaciónpe11@outlook.com,"Av. Los Próceres 193, San Miguel",Ultrasonido,Carsi,Sonomed IV,CAR-3943,Cable de aplicador US,Falso contacto en cable de aplicador,Cambio de cable de aplicador,No,Equipo con uso intensivo diario,Practicante,COT-2024-0138,INF-2024-0138,PEN,479.56
2024,Recepción,2024-03-02,2024-03-06,4,IAFAS Fuerza Aeroespacial del Perú,Institución (VIP),Ate,Coordinación,984093639,iafasfuerzaa10@hotmail.com,"Av. La Marina 1366, Ate",Magnetoterapia,Emme,Magnetomed 7200,EMM-1685,Carcasa de bobina,Rotura de carcasa de bobina plana (orejas de correa),Cambio de carcasa de accesorio + Mantenimiento preventivo anual,Sí,Equipo con uso intensivo diario,Coordinador Técnico,COT-2024-0122,INF-2024-0122,PEN,1040.67
2024,Recepción,2024-03-02,2024-03-03,1,Clínica Los Álamos SAC,Clínica,Magdalena,Coordinación,995899313,clínicalosál17@outlook.com,"Av. Las Flores 549, Magdalena",Electroterapia,Emme,Therapic 9400,EMM-4519,Cable de electrodos,Falso contacto en cable de electrodos,Cambio de cable de electrodos,No,Sin observaciones adicionales,Encargado de Servicio Técnico,COT-2024-0039,INF-2024-0039,PEN,128.24
2024,Visita,2024-03-03,2024-03-06,3,Instituto Peruano del Deporte - Sede Sur,Institución,La Molina,Encargado de compras,997971488,institutoper20@hotmail.com,"Av. Central 1911, La Molina",Laser baja potencia,Carsi,Lasermed 100mW,CAR-1269,Teclado membrana,Falla en teclado membrana,Cambio de teclado membrana,No,"Cliente rechazó cambio de placa, se optó por reparación",Encargado de Servicio Técnico,COT-2024-0217,INF-2024-0217,PEN,631.42
2024,Recepción,2024-03-03,2024-03-09,6,NoPain Centro de Rehabilitación,Clínica,Comas,Recepción,955176955,nopaincentro7@gmail.com,"Av. Los Próceres 878, Comas",Ultrasonido,Emme,Ultrasonic 1500,EMM-1674,N/A,Falla en placa de potencia (reparable),Reparación de placa de potencia + Mantenimiento preventivo anual,Sí,Sin observaciones adicionales,Encargado de Servicio Técnico,COT-2024-0082,INF-2024-0082,PEN,418.99
2024,Recepción,2024-03-03,2024-03-07,4,Seguro Social de Salud,Institución (VIP),Chosica,Encargado de compras,971662963,segurosocial9@outlook.com,"Av. Los Próceres 1988, Chosica",Compreseros Calientes,Nacional Perú,Compresero 12 unid.,NAC-8657,N/A,Descalibración de temperatura,Calibración de temperatura,No,"Cliente rechazó cambio de placa, se optó por reparación",Coordinador Técnico,COT-2024-0072,INF-2024-0072,PEN,623.45
2024,Recepción,2024-03-04,2024-03-06,2,Seguro Social de Salud,Institución (VIP),Chosica,Encargado de compras,971662963,segurosocial9@outlook.com,"Av. Los Próceres 1988, Chosica",Laser baja potencia,Carsi,Lasermed 60mW,CAR-4148,Cánula láser,Falso contacto en cable de cánula láser,Cambio de cable de cánula láser,No,Cliente solicitó revisión urgente,Encargado de Servicio Técnico,COT-2024-0166,INF-2024-0166,PEN,747.32
2024,Recepción,2024-03-04,2024-03-07,3,Clínica Bienestar Total EIRL,Clínica,San Juan de Lurigancho,Coordinación,945551614,clínicabiene21@gmail.com,"Av. Las Torres 1625, San Juan de Lurigancho",Magnetoterapia,Meditek,Magnetherp 200,MED-2205,Cable de aplicador,Falso contacto en cable de aplicador (bobina),Cambio de cable de aplicador,No,Sin observaciones adicionales,Encargado de Servicio Técnico,COT-2024-0226,INF-2024-0226,PEN,158.92
2024,Visita,2024-03-04,2024-03-11,7,Patricia Gómez Vásquez EIRL,Consultorio independiente,Cercado de Lima,Administración,924942603,patriciagóme0@gmail.com,"Av. La Marina 663, Cercado de Lima",Ultrasonido,Emme,Ultrasonic 1300,EMM-6396,Cable de aplicador US,Falso contacto en cable de aplicador,Cambio de cable de aplicador,No,Se coordinó con el cliente por retraso de repuesto importado,Encargado de Servicio Técnico,COT-2024-0149,INF-2024-0149,PEN,145.66
2024,Recepción,2024-03-05,2024-03-09,4,Corporación de Servicios Médicos del Sur,Clínica,Chosica,Administración,966722344,corporaciónd6@hotmail.com,"Av. El Sol 418, Chosica",Electroterapia,Emme,Therapic 9400,EMM-5073,Cable de electrodos,Falso contacto en cable de electrodos,Cambio de cable de electrodos,No,"Cliente rechazó cambio de placa, se optó por reparación",Encargado de Servicio Técnico,COT-2024-0014,INF-2024-0014,PEN,151.59
2024,Recepción,2024-03-05,2024-03-19,14,Parroquia Nuestra Señora de Chaclacayo,Institución,San Borja,Recepción,956164955,parroquianue8@outlook.com,"Av. El Sol 1752, San Borja",Magnetoterapia,Emme,Magnetomed 8400,EMM-1068,Carcasa de bobina,Rotura de carcasa de bobina plana (orejas de correa),Cambio de carcasa de accesorio + Mantenimiento preventivo anual,Sí,Equipo con uso intensivo diario,Practicante,COT-2024-0113,INF-2024-0113,PEN,203.47
2024,Recepción,2024-03-05,2024-03-11,6,Centro de Rehabilitación Vitalis,Clínica,Jesús María,Coordinación,917507864,centrodereha18@gmail.com,"Av. Los Próceres 1748, Jesús María",Laser baja potencia,Carsi,Lasermed 60mW,CAR-8279,N/A,Descalibración,Calibración de equipo,No,,Encargado de Servicio Técnico,COT-2024-0182,INF-2024-0182,PEN,133.24
2024,Recepción,2024-03-06,2024-03-08,2,Carlos Alberto Santos,Paciente / equipo propio,Chosica,Administración,997226012,carlosalbert4@outlook.com,"Av. Las Flores 959, Chosica",Ultrasonido,Emme,Ultrasonic 1500,EMM-5754,Teclado membrana,Falla en teclado membrana,Cambio de teclado membrana + Mantenimiento preventivo anual,Sí,,Coordinador Técnico,COT-2024-0325,INF-2024-0325,PEN,225.73
2024,Recepción,2024-03-06,2024-03-12,6,Federación Peruana de Voleibol,Institución (VIP),San Miguel,Administración,935808537,federaciónpe11@outlook.com,"Av. Los Próceres 193, San Miguel",Electroterapia,Emme,Therapic 9400,EMM-4482,Cable de electrodos,Falso contacto en cable de electrodos,Cambio de cable de electrodos + Mantenimiento preventivo anual,Sí,Cliente solicitó revisión urgente,Encargado de Servicio Técnico,COT-2024-0120,INF-2024-0120,PEN,867.95
2024,Recepción,2024-03-07,2024-03-08,1,Centro de Rehabilitación Vitalis,Clínica,Jesús María,Coordinación,917507864,centrodereha18@gmail.com,"Av. Los Próceres 1748, Jesús María",Electroterapia,Emme,Therapic 9400,EMM-3569,Cable de electrodos,Falso contacto en cable de electrodos,Cambio de cable de electrodos,No,"Cliente rechazó cambio de placa, se optó por reparación",Encargado de Servicio Técnico,COT-2024-0041,INF-2024-0041,PEN,117.89
2024,Recepción,2024-03-08,2024-03-13,5,Maribel Salud SAC,Clínica,San Miguel,Administración,966629388,maribelsalud2@gmail.com,"Av. Los Próceres 291, San Miguel",Laser baja potencia,Carsi,Lasermed 100mW,CAR-3427,Fusible,Fusible quemado,Cambio de fusibles + Mantenimiento preventivo anual,Sí,"Equipo antiguo, se recomienda mantenimiento anual",Encargado de Servicio Técnico,COT-2024-0175,INF-2024-0175,PEN,113.92
2024,Recepción,2024-03-08,2024-03-09,1,Seguro Social de Salud,Institución (VIP),Chosica,Encargado de compras,971662963,segurosocial9@outlook.com,"Av. Los Próceres 1988, Chosica",Magnetoterapia,Emme,Magnetomed 8400,EMM-1940,N/A,Descalibración,Calibración de equipo,No,Equipo con uso intensivo diario,Encargado de Servicio Técnico,COT-2024-0154,INF-2024-0154,PEN,1166.92
2024,Recepción,2024-03-09,2024-03-17,8,Maribel Salud SAC,Clínica,San Miguel,Administración,966629388,maribelsalud2@gmail.com,"Av. Los Próceres 291, San Miguel",Ultrasonido,Emme,Ultrasonic 1300,EMM-8037,N/A,Descalibración,Calibración de equipo + Mantenimiento preventivo anual,Sí,Equipo con uso intensivo diario,Encargado de Servicio Técnico,COT-2024-0329,INF-2024-0329,PEN,262.35
2024,Visita,2024-03-10,2024-03-11,1,Maribel Salud SAC,Clínica,San Miguel,Administración,966629388,maribelsalud2@gmail.com,"Av. Los Próceres 291, San Miguel",Bicicleta Estacionaria,Xterra,7.0R,XTE-3198,N/A,Armado / instalación inicial,Armado e instalación,No,"Cliente rechazó cambio de placa, se optó por reparación",Encargado de Servicio Técnico,COT-2024-0146,INF-2024-0146,PEN,289.1
2024,Recepción,2024-03-12,2024-03-13,1,Instituto Peruano del Deporte - Sede Sur,Institución,La Molina,Encargado de compras,997971488,institutoper20@hotmail.com,"Av. Central 1911, La Molina",Electroterapia,Biomedikal,Impulse 3000T,BIO-1834,Teclado,Falla en teclado / perillas,Cambio de teclado o perillas,No,Sin observaciones adicionales,Encargado de Servicio Técnico,COT-2024-0157,INF-2024-0157,PEN,441.6
2024,Recepción,2024-03-12,2024-03-17,5,Hospital Nacional Docente,Institución,San Juan de Lurigancho,Coordinación,959684848,hospitalnaci14@hotmail.com,"Av. Las Torres 1472, San Juan de Lurigancho",Magnetoterapia,Storz Medikal,Magnetolith,STO-6341,Fusible,Fusible quemado,Cambio de fusibles + Mantenimiento preventivo anual,Sí,Sin observaciones adicionales,Coordinador Técnico,COT-2024-0096,INF-2024-0096,PEN,204.24
2024,Visita,2024-03-14,2024-03-16,2,Clínica Bienestar Total EIRL,Clínica,San Juan de Lurigancho,Coordinación,945551614,clínicabiene21@gmail.com,"Av. Las Torres 1625, San Juan de Lurigancho",Dermatoscopios,Dermlitex,DL100,DER-1358,Lente,Mantenimiento por limpieza de lente,Limpieza y mantenimiento de lente,No,Cliente solicitó revisión urgente,Practicante,COT-2024-0172,INF-2024-0172,PEN,91.43
2024,Recepción,2024-03-14,2024-03-17,3,Maribel Salud SAC,Clínica,San Miguel,Administración,966629388,maribelsalud2@gmail.com,"Av. Los Próceres 291, San Miguel",Magnetoterapia,Emme,Magnetomed 7200,EMM-2035,Cable de poder,Falla en cable de poder,Cambio de cable de poder + Mantenimiento preventivo anual,Sí,Cliente solicitó revisión urgente,Coordinador Técnico,COT-2024-0101,INF-2024-0101,PEN,128.55
2024,Recepción,2024-03-15,2024-03-16,1,IAFAS Fuerza Aeroespacial del Perú,Institución (VIP),Ate,Coordinación,984093639,iafasfuerzaa10@hotmail.com,"Av. La Marina 1366, Ate",Magnetoterapia,Emme,Magnetomed 8400,EMM-7522,N/A,Falla en placa de potencia (reparable),Reparación de placa de potencia + Mantenimiento preventivo anual,Sí,Se coordinó con el cliente por retraso de repuesto importado,Encargado de Servicio Técnico,COT-2024-0321,INF-2024-0321,PEN,3085.46
2024,Recepción,2024-03-15,2024-03-20,5,Carlos Alberto Santos,Paciente / equipo propio,Chosica,Administración,997226012,carlosalbert4@outlook.com,"Av. Las Flores 959, Chosica",Laser baja potencia,Carsi,Lasermed 60mW,CAR-7931,N/A,Descalibración,Calibración de equipo + Mantenimiento preventivo anual,Sí,Equipo con uso intensivo diario,Encargado de Servicio Técnico,COT-2024-0012,INF-2024-0012,PEN,166.28
2024,Recepción,2024-03-16,2024-03-19,3,IAFAS Fuerza Aeroespacial del Perú,Institución (VIP),Ate,Coordinación,984093639,iafasfuerzaa10@hotmail.com,"Av. La Marina 1366, Ate",Laser baja potencia,Carsi,Lasermed 60mW,CAR-8056,N/A,Falla en placa de control (reparable),Reparación de placa de control,No,"Equipo antiguo, se recomienda mantenimiento anual",Encargado de Servicio Técnico,COT-2024-0254,INF-2024-0254,PEN,1166.72
2024,Recepción,2024-03-16,2024-03-18,2,Clínica Los Álamos SAC,Clínica,Magdalena,Coordinación,995899313,clínicalosál17@outlook.com,"Av. Las Flores 549, Magdalena",Magnetoterapia,Emme,Magnetomed 7200,EMM-1010,Carcasa de bobina,Rotura de carcasa de bobina plana (orejas de correa),Cambio de carcasa de accesorio + Mantenimiento preventivo anual,Sí,Equipo con uso intensivo diario,Coordinador Técnico,COT-2024-0258,INF-2024-0258,PEN,203.34
2024,Recepción,2024-03-17,2024-03-18,1,Corporación de Servicios Médicos del Sur,Clínica,Chosica,Administración,966722344,corporaciónd6@hotmail.com,"Av. El Sol 418, Chosica",Dermatoscopios,Dermlitex,Lumio,DER-1113,Lente,Mantenimiento por limpieza de lente,Limpieza y mantenimiento de lente + Mantenimiento preventivo anual,Sí,Cliente solicitó revisión urgente,Practicante,COT-2024-0160,INF-2024-0160,PEN,198.55
2024,Visita,2024-03-17,2024-03-18,1,Patricia Gómez Vásquez EIRL,Consultorio independiente,Cercado de Lima,Administración,924942603,patriciagóme0@gmail.com,"Av. La Marina 663, Cercado de Lima",Ultrasonido,Carsi,Sonomed V,CAR-9602,Fusible,Fusible quemado,Cambio de fusibles + Mantenimiento preventivo anual,Sí,Sin observaciones adicionales,Encargado de Servicio Técnico,COT-2024-0271,INF-2024-0271,PEN,146.39
2024,Recepción,2024-03-18,2024-03-25,7,Carlos Alberto Santos,Paciente / equipo propio,Chosica,Administración,997226012,carlosalbert4@outlook.com,"Av. Las Flores 959, Chosica",Laser baja potencia,Carsi,Lasermed 60mW,CAR-8932,N/A,Descalibración,Calibración de equipo,No,"Cliente rechazó cambio de placa, se optó por reparación",Practicante,COT-2024-0305,INF-2024-0305,PEN,90.34
2024,Recepción,2024-03-18,2024-04-01,14,Centro Médico El Progreso,Clínica,San Miguel,Encargado de compras,918526544,centromédico25@hotmail.com,"Av. Central 1320, San Miguel",Magnetoterapia,Meditek,Magnetherp 440,MED-3809,Cable de aplicador,Falso contacto en cable de aplicador (bobina),Cambio de cable de aplicador,No,"Equipo antiguo, se recomienda mantenimiento anual",Practicante,COT-2024-0104,INF-2024-0104,PEN,194.95
2024,Recepción,2024-03-19,2024-03-21,2,Maribel Salud SAC,Clínica,San Miguel,Administración,966629388,maribelsalud2@gmail.com,"Av. Los Próceres 291, San Miguel",Laser baja potencia,Carsi,Lasermed 100mW,CAR-4004,Cánula láser,Falso contacto en cable de cánula láser,Cambio de cable de cánula láser,No,Sin observaciones adicionales,Encargado de Servicio Técnico,COT-2024-0261,INF-2024-0261,PEN,190.78
2024,Visita,2024-03-19,2024-03-20,1,Maribel Salud SAC,Clínica,San Miguel,Administración,966629388,maribelsalud2@gmail.com,"Av. Los Próceres 291, San Miguel",Ultrasonido,Emme,Ultrasonic 1300,EMM-3014,N/A,Descalibración,Calibración de equipo,No,Sin observaciones adicionales,Encargado de Servicio Técnico,COT-2024-0256,INF-2024-0256,PEN,136.81
2024,Recepción,2024-03-19,2024-04-06,18,Alfa y Omega Rehabilitación,Clínica,La Molina,Administración,977827638,alfayomegare3@outlook.com,"Av. Los Próceres 1249, La Molina",Laser baja potencia,Carsi,Lasermed 100mW,CAR-6930,Teclado membrana,Falla en teclado membrana,Cambio de teclado membrana + Mantenimiento preventivo anual,Sí,Cliente solicitó revisión urgente,Encargado de Servicio Técnico,COT-2024-0304,INF-2024-0304,PEN,247.02
2024,Recepción,2024-03-22,2024-03-23,1,Clínica Bienestar Total EIRL,Clínica,San Juan de Lurigancho,Coordinación,945551614,clínicabiene21@gmail.com,"Av. Las Torres 1625, San Juan de Lurigancho",Electroterapia,Emme,Therapic 9400,EMM-3664,Cable de electrodos,Falso contacto en cable de electrodos,Cambio de cable de electrodos + Mantenimiento preventivo anual,Sí,"Equipo antiguo, se recomienda mantenimiento anual",Encargado de Servicio Técnico,COT-2024-0257,INF-2024-0257,PEN,221.52
2024,Recepción,2024-03-22,2024-03-23,1,Clínica Primavera SAC,Clínica,Miraflores,Administración,989089901,clínicaprima5@hotmail.com,"Av. Los Próceres 1654, Miraflores",Laser baja potencia,Carsi,Lasermed 100mW,CAR-5573,Teclado membrana,Falla en teclado membrana,Cambio de teclado membrana + Mantenimiento preventivo anual,Sí,,Encargado de Servicio Técnico,COT-2024-0098,INF-2024-0098,PEN,308.19
2024,Recepción,2024-03-23,2024-03-25,2,Patricia Gómez Vásquez EIRL,Consultorio independiente,Cercado de Lima,Administración,924942603,patriciagóme0@gmail.com,"Av. La Marina 663, Cercado de Lima",Electroterapia,Biomedikal,Impulse 3000T,BIO-1583,N/A,Falla en placa de control por caída (equipo portátil),Reparación de placa de control,No,Se coordinó con el cliente por retraso de repuesto importado,Encargado de Servicio Técnico,COT-2024-0317,INF-2024-0317,PEN,390.61
2024,Recepción,2024-03-23,2024-03-27,4,Alfa y Omega Rehabilitación,Clínica,La Molina,Administración,977827638,alfayomegare3@outlook.com,"Av. Los Próceres 1249, La Molina",Ultrasonido,Emme,Ultrasonic 1500,EMM-8753,Cable de aplicador US,Falso contacto en cable de aplicador,Cambio de cable de aplicador,No,"Equipo antiguo, se recomienda mantenimiento anual",Encargado de Servicio Técnico,COT-2024-0203,INF-2024-0203,PEN,173.37
2024,Recepción,2024-03-23,2024-03-25,2,Maribel Salud SAC,Clínica,San Miguel,Administración,966629388,maribelsalud2@gmail.com,"Av. Los Próceres 291, San Miguel",Camilla de Tracción,Everyway,ET-800,EVE-8082,N/A,Descalibración de fuerza de tracción,Calibración de fuerza de tracción,No,Sin observaciones adicionales,Encargado de Servicio Técnico,COT-2024-0315,INF-2024-0315,PEN,172.73
2024,Recepción,2024-03-25,2024-03-26,1,Carlos Alberto Santos,Paciente / equipo propio,Chosica,Administración,997226012,carlosalbert4@outlook.com,"Av. Las Flores 959, Chosica",Compreseros Calientes,Nacional Perú,Compresero 6 unid.,NAC-3915,N/A,Descalibración de temperatura,Calibración de temperatura + Mantenimiento preventivo anual,Sí,Cliente solicitó revisión urgente,Encargado de Servicio Técnico,COT-2024-0099,INF-2024-0099,PEN,94.31
2024,Recepción,2024-03-25,2024-03-27,2,Patricia Gómez Vásquez EIRL,Consultorio independiente,Cercado de Lima,Administración,924942603,patriciagóme0@gmail.com,"Av. La Marina 663, Cercado de Lima",Ultrasonido,Emme,Ultrasonic 1300,EMM-9333,Cable de aplicador US,Falso contacto en cable de aplicador,Cambio de cable de aplicador,No,,Encargado de Servicio Técnico,COT-2024-0051,INF-2024-0051,PEN,137.31
2024,Recepción,2024-03-27,2024-04-01,5,Mefyre - Cuerpo de Emergencias,Institución,La Molina,Recepción,928728463,mefyrecuerpo1@outlook.com,"Av. Los Próceres 1485, La Molina",Electroterapia,Emme,Therapic 9400,EMM-8053,Cable de electrodos,Falso contacto en cable de electrodos,Cambio de cable de electrodos + Mantenimiento preventivo anual,Sí,"Cliente rechazó cambio de placa, se optó por reparación",Coordinador Técnico,COT-2024-0312,INF-2024-0312,PEN,288.0
2024,Recepción,2024-03-27,2024-03-29,2,Maribel Salud SAC,Clínica,San Miguel,Administración,966629388,maribelsalud2@gmail.com,"Av. Los Próceres 291, San Miguel",Ultrasonido,Carsi,Sonomed IV,CAR-2818,Cable de aplicador US,Falso contacto en cable de aplicador,Cambio de cable de aplicador + Mantenimiento preventivo anual,Sí,"Equipo antiguo, se recomienda mantenimiento anual",Coordinador Técnico,COT-2024-0076,INF-2024-0076,PEN,237.63
2024,Recepción,2024-03-27,2024-04-07,11,Seguro Social de Salud,Institución (VIP),Chosica,Encargado de compras,971662963,segurosocial9@outlook.com,"Av. Los Próceres 1988, Chosica",Ultrasonido,Carsi,Sonomed IV,CAR-2680,Cable de aplicador US,Falso contacto en cable de aplicador,Cambio de cable de aplicador,No,"Cliente rechazó cambio de placa, se optó por reparación",Encargado de Servicio Técnico,COT-2024-0183,INF-2024-0183,PEN,632.06
2024,Visita,2024-03-28,2024-04-01,4,Lic. Mónica Torres Fisioterapia,Consultorio independiente,Los Olivos,Coordinación,942857966,licmónicator16@gmail.com,"Av. Central 877, Los Olivos",Electroterapia,Biomedikal,Impulse 3000T,BIO-2428,Electrodos,Electrodos desgastados,Cambio de electrodos + Mantenimiento preventivo anual,Sí,Sin observaciones adicionales,Coordinador Técnico,COT-2024-0202,INF-2024-0202,PEN,135.6
2024,Recepción,2024-03-29,2024-04-02,4,Corporación de Servicios Médicos del Sur,Clínica,Chosica,Administración,966722344,corporaciónd6@hotmail.com,"Av. El Sol 418, Chosica",Magnetoterapia,Meditek,Magnetherp 200,MED-8949,Carcasa de bobina,Rotura de carcasa de bobina plana (orejas de correa),Cambio de carcasa de accesorio + Mantenimiento preventivo anual,Sí,Sin observaciones adicionales,Encargado de Servicio Técnico,COT-2024-0006,INF-2024-0006,PEN,235.9
2024,Recepción,2024-03-29,2024-03-30,1,Carlos Alberto Santos,Paciente / equipo propio,Chosica,Administración,997226012,carlosalbert4@outlook.com,"Av. Las Flores 959, Chosica",Magnetoterapia,Storz Medikal,Magnetolith,STO-8371,Cable de aplicador,Falso contacto en cable de aplicador (bobina),Cambio de cable de aplicador + Mantenimiento preventivo anual,Sí,"Cliente rechazó cambio de placa, se optó por reparación",Coordinador Técnico,COT-2024-0016,INF-2024-0016,PEN,158.02
2024,Visita,2024-03-30,2024-04-04,5,Patricia Gómez Vásquez EIRL,Consultorio independiente,Cercado de Lima,Administración,924942603,patriciagóme0@gmail.com,"Av. La Marina 663, Cercado de Lima",Magnetoterapia,Storz Medikal,Magnetolith,STO-9982,Cable de aplicador,Falso contacto en cable de aplicador (bobina),Cambio de cable de aplicador,No,Se coordinó con el cliente por retraso de repuesto importado,Encargado de Servicio Técnico,COT-2024-0303,INF-2024-0303,PEN,175.26
2024,Recepción,2024-03-30,2024-04-04,5,Clínica Primavera SAC,Clínica,Miraflores,Administración,989089901,clínicaprima5@hotmail.com,"Av. Los Próceres 1654, Miraflores",Compresero Frío,Nacional Perú,Compresero frío 6 unid.,NAC-3503,N/A,Mantenimiento preventivo (sin falla registrada),Mantenimiento preventivo general,No,"Cliente rechazó cambio de placa, se optó por reparación",Encargado de Servicio Técnico,COT-2024-0112,INF-2024-0112,PEN,153.72
2024,Visita,2024-03-30,2024-04-05,6,Patricia Gómez Vásquez EIRL,Consultorio independiente,Cercado de Lima,Administración,924942603,patriciagóme0@gmail.com,"Av. La Marina 663, Cercado de Lima",Laser baja potencia,Carsi,Lasermed 100mW,CAR-9412,Teclado membrana,Falla en teclado membrana,Cambio de teclado membrana,No,Cliente solicitó revisión urgente,Practicante,COT-2024-0244,INF-2024-0244,PEN,169.46
2024,Recepción,2024-03-31,2024-04-09,9,Parroquia Nuestra Señora de Chaclacayo,Institución,San Borja,Recepción,956164955,parroquianue8@outlook.com,"Av. El Sol 1752, San Borja",Magnetoterapia,Emme,Magnetomed 7200,EMM-7229,Cable de aplicador,Falso contacto en cable de aplicador (bobina),Cambio de cable de aplicador + Mantenimiento preventivo anual,Sí,"Cliente rechazó cambio de placa, se optó por reparación",Practicante,COT-2024-0131,INF-2024-0131,PEN,176.4
2024,Recepción,2024-04-01,2024-04-02,1,Corporación de Servicios Médicos del Sur,Clínica,Chosica,Administración,966722344,corporaciónd6@hotmail.com,"Av. El Sol 418, Chosica",Ultrasonido,Emme,Ultrasonic 1300,EMM-6883,N/A,Descalibración,Calibración de equipo + Mantenimiento preventivo anual,Sí,Equipo con uso intensivo diario,Encargado de Servicio Técnico,COT-2024-0083,INF-2024-0083,PEN,191.98
2024,Recepción,2024-04-02,2024-04-04,2,Seguro Social de Salud,Institución (VIP),Chosica,Encargado de compras,971662963,segurosocial9@outlook.com,"Av. Los Próceres 1988, Chosica",Camilla de Tracción,Everyway,ET-800,EVE-2516,N/A,Descalibración de fuerza de tracción,Calibración de fuerza de tracción + Mantenimiento preventivo anual,Sí,Sin observaciones adicionales,Encargado de Servicio Técnico,COT-2024-0010,INF-2024-0010,PEN,1603.26
2024,Recepción,2024-04-03,2024-04-07,4,Trauma Médika EIRL,Clínica (VIP),Comas,Recepción,948840994,traumamédika12@gmail.com,"Av. Las Torres 1874, Comas",Compreseros Calientes,Nacional Perú,Compresero 6 unid.,NAC-7043,Interruptor,Falla en interruptor de encendido,Cambio de interruptor de encendido,No,,Practicante,COT-2024-0239,INF-2024-0239,USD,250.14
2024,Recepción,2024-04-03,2024-04-09,6,Universidad Nacional del Centro,Institución,San Isidro,Coordinación,947308985,universidadn13@hotmail.com,"Av. La Marina 1808, San Isidro",Dermatoscopios,Dermlitex,DL4,DER-5523,N/A,Falla en placa por caída,Reparación de placa por caída,No,Sin observaciones adicionales,Encargado de Servicio Técnico,COT-2024-0316,INF-2024-0316,PEN,563.56
2024,Recepción,2024-04-03,2024-04-06,3,Clínica Primavera SAC,Clínica,Miraflores,Administración,989089901,clínicaprima5@hotmail.com,"Av. Los Próceres 1654, Miraflores",Electroterapia,Emme,Therapic 9200,EMM-2915,N/A,Falla en placa de control por caída (equipo portátil),Reparación de placa de control + Mantenimiento preventivo anual,Sí,Sin observaciones adicionales,Practicante,COT-2024-0022,INF-2024-0022,PEN,429.25
2024,Visita,2024-04-04,2024-04-08,4,Alfa y Omega Rehabilitación,Clínica,La Molina,Administración,977827638,alfayomegare3@outlook.com,"Av. Los Próceres 1249, La Molina",Magnetoterapia,Emme,Magnetomed 7200,EMM-5675,Cable de aplicador,Falso contacto en cable de aplicador (bobina),Cambio de cable de aplicador,No,Cliente solicitó revisión urgente,Encargado de Servicio Técnico,COT-2024-0049,INF-2024-0049,PEN,195.82
2024,Recepción,2024-04-08,2024-04-10,2,Mefyre - Cuerpo de Emergencias,Institución,La Molina,Recepción,928728463,mefyrecuerpo1@outlook.com,"Av. Los Próceres 1485, La Molina",Laser baja potencia,Carsi,Lasermed 100mW,CAR-8675,Cánula láser,Falso contacto en cable de cánula láser,Cambio de cable de cánula láser + Mantenimiento preventivo anual,Sí,Cliente solicitó revisión urgente,Coordinador Técnico,COT-2024-0023,INF-2024-0023,PEN,261.1
2024,Visita,2024-04-10,2024-04-12,2,Patricia Gómez Vásquez EIRL,Consultorio independiente,Cercado de Lima,Administración,924942603,patriciagóme0@gmail.com,"Av. La Marina 663, Cercado de Lima",Magnetoterapia,Meditek,Magnetherp 200,MED-5626,Carcasa de bobina,Rotura de carcasa de bobina plana (orejas de correa),Cambio de carcasa de accesorio,No,Sin observaciones adicionales,Encargado de Servicio Técnico,COT-2024-0198,INF-2024-0198,PEN,72.61
2024,Recepción,2024-04-10,2024-04-11,1,Maribel Salud SAC,Clínica,San Miguel,Administración,966629388,maribelsalud2@gmail.com,"Av. Los Próceres 291, San Miguel",Electroterapia,Emme,Therapic 9400,EMM-4971,Cable de electrodos,Falso contacto en cable de electrodos,Cambio de cable de electrodos,No,Se coordinó con el cliente por retraso de repuesto importado,Encargado de Servicio Técnico,COT-2024-0242,INF-2024-0242,PEN,138.62
2024,Recepción,2024-04-10,2024-04-15,5,Policlínico San Judas,Clínica,Chosica,Coordinación,988461803,policlínicos22@hotmail.com,"Av. Las Flores 917, Chosica",Magnetoterapia,Meditek,Magnetherp 330,MED-3004,Teclado membrana,Falla en teclado membrana,Cambio de teclado membrana + Mantenimiento preventivo anual,Sí,"Cliente rechazó cambio de placa, se optó por reparación",Encargado de Servicio Técnico,COT-2024-0043,INF-2024-0043,PEN,266.22
2024,Recepción,2024-04-11,2024-04-12,1,Parroquia Nuestra Señora de Chaclacayo,Institución,San Borja,Recepción,956164955,parroquianue8@outlook.com,"Av. El Sol 1752, San Borja",Magnetoterapia,Meditek,Magnetherp 330,MED-8539,Cable de aplicador,Falso contacto en cable de aplicador (bobina),Cambio de cable de aplicador,No,Sin observaciones adicionales,Practicante,COT-2024-0093,INF-2024-0093,PEN,188.31
2024,Visita,2024-04-13,2024-04-19,6,NoPain Centro de Rehabilitación,Clínica,Comas,Recepción,955176955,nopaincentro7@gmail.com,"Av. Los Próceres 878, Comas",Magnetoterapia,Storz Medikal,Magnetolith,STO-5104,Cable de aplicador,Falso contacto en cable de aplicador (bobina),Cambio de cable de aplicador + Mantenimiento preventivo anual,Sí,,Encargado de Servicio Técnico,COT-2024-0295,INF-2024-0295,PEN,162.98
2024,Visita,2024-04-13,2024-04-16,3,Carlos Alberto Santos,Paciente / equipo propio,Chosica,Administración,997226012,carlosalbert4@outlook.com,"Av. Las Flores 959, Chosica",Magnetoterapia,Meditek,Magnetherp 200,MED-5562,Cable de aplicador,Falso contacto en cable de aplicador (bobina),Cambio de cable de aplicador + Mantenimiento preventivo anual,Sí,Se coordinó con el cliente por retraso de repuesto importado,Coordinador Técnico,COT-2024-0103,INF-2024-0103,PEN,119.24
2024,Recepción,2024-04-13,2024-04-18,5,Fisioterapia San Rafael,Consultorio independiente,Chosica,Administración,996977837,fisioterapia15@gmail.com,"Av. Las Flores 1400, Chosica",Laser baja potencia,Carsi,Lasermed 100mW,CAR-4903,N/A,Descalibración,Calibración de equipo,No,Cliente solicitó revisión urgente,Practicante,COT-2024-0294,INF-2024-0294,PEN,117.39
2024,Recepción,2024-04-14,2024-04-17,3,Carlos Alberto Santos,Paciente / equipo propio,Chosica,Administración,997226012,carlosalbert4@outlook.com,"Av. Las Flores 959, Chosica",Ultrasonido,Carsi,Sonomed IV,CAR-7008,Cable de poder,Falla en cable de poder,Cambio de cable de poder + Mantenimiento preventivo anual,Sí,"Cliente rechazó cambio de placa, se optó por reparación",Encargado de Servicio Técnico,COT-2024-0204,INF-2024-0204,PEN,153.01
2024,Recepción,2024-04-18,2024-04-20,2,Parroquia Nuestra Señora de Chaclacayo,Institución,San Borja,Recepción,956164955,parroquianue8@outlook.com,"Av. El Sol 1752, San Borja",Magnetoterapia,Meditek,Magnetherp 330,MED-7628,Cable de aplicador,Falso contacto en cable de aplicador (bobina),Cambio de cable de aplicador,No,Sin observaciones adicionales,Encargado de Servicio Técnico,COT-2024-0248,INF-2024-0248,PEN,100.91
2024,Visita,2024-04-18,2024-04-19,1,Instituto Peruano del Deporte - Sede Sur,Institución,La Molina,Encargado de compras,997971488,institutoper20@hotmail.com,"Av. Central 1911, La Molina",Laser baja potencia,Carsi,Lasermed 100mW,CAR-6127,Cánula láser,Falso contacto en cable de cánula láser,Cambio de cable de cánula láser,No,"Cliente rechazó cambio de placa, se optó por reparación",Encargado de Servicio Técnico,COT-2024-0145,INF-2024-0145,PEN,349.67
2024,Recepción,2024-04-19,2024-04-25,6,Mefyre - Cuerpo de Emergencias,Institución,La Molina,Recepción,928728463,mefyrecuerpo1@outlook.com,"Av. Los Próceres 1485, La Molina",Laser baja potencia,Carsi,Lasermed 100mW,CAR-8559,Cánula láser,Falso contacto en cable de cánula láser,Cambio de cable de cánula láser,No,"Equipo antiguo, se recomienda mantenimiento anual",Coordinador Técnico,COT-2024-0086,INF-2024-0086,PEN,196.46
2024,Recepción,2024-04-21,2024-05-01,10,NoPain Centro de Rehabilitación,Clínica,Comas,Recepción,955176955,nopaincentro7@gmail.com,"Av. Los Próceres 878, Comas",Electroterapia,Emme,Therapic 9200,EMM-5164,N/A,Falla en placa de control por caída (equipo portátil),Reparación de placa de control + Mantenimiento preventivo anual,Sí,Se coordinó con el cliente por retraso de repuesto importado,Encargado de Servicio Técnico,COT-2024-0147,INF-2024-0147,PEN,544.59
2024,Recepción,2024-04-21,2024-04-22,1,Patricia Gómez Vásquez EIRL,Consultorio independiente,Cercado de Lima,Administración,924942603,patriciagóme0@gmail.com,"Av. La Marina 663, Cercado de Lima",Ultrasonido,Carsi,Sonomed V,CAR-8282,N/A,Descalibración,Calibración de equipo,No,Equipo con uso intensivo diario,Coordinador Técnico,COT-2024-0270,INF-2024-0270,PEN,132.03
2024,Recepción,2024-04-22,2024-04-26,4,Hospital Nacional Docente,Institución,San Juan de Lurigancho,Coordinación,959684848,hospitalnaci14@hotmail.com,"Av. Las Torres 1472, San Juan de Lurigancho",Magnetoterapia,Meditek,Magnetherp 330,MED-1131,Cable de aplicador,Falso contacto en cable de aplicador (bobina),Cambio de cable de aplicador + Mantenimiento preventivo anual,Sí,Sin observaciones adicionales,Encargado de Servicio Técnico,COT-2024-0164,INF-2024-0164,PEN,485.11
2024,Recepción,2024-04-23,2024-04-27,4,NoPain Centro de Rehabilitación,Clínica,Comas,Recepción,955176955,nopaincentro7@gmail.com,"Av. Los Próceres 878, Comas",Ultrasonido,Emme,Ultrasonic 1300,EMM-2594,Teclado membrana,Falla en teclado membrana,Cambio de teclado membrana + Mantenimiento preventivo anual,Sí,Cliente solicitó revisión urgente,Encargado de Servicio Técnico,COT-2024-0136,INF-2024-0136,PEN,368.09
2024,Recepción,2024-04-23,2024-04-28,5,Clínica Bienestar Total EIRL,Clínica,San Juan de Lurigancho,Coordinación,945551614,clínicabiene21@gmail.com,"Av. Las Torres 1625, San Juan de Lurigancho",Electroterapia,Emme,Therapic 9200,EMM-3586,Cable de electrodos,Falso contacto en cable de electrodos,Cambio de cable de electrodos,No,"Equipo antiguo, se recomienda mantenimiento anual",Practicante,COT-2024-0280,INF-2024-0280,PEN,122.21
2024,Visita,2024-04-23,2024-04-30,7,Mefyre - Cuerpo de Emergencias,Institución,La Molina,Recepción,928728463,mefyrecuerpo1@outlook.com,"Av. Los Próceres 1485, La Molina",Ultrasonido,Emme,Ultrasonic 1500,EMM-7422,N/A,Descalibración,Calibración de equipo + Mantenimiento preventivo anual,Sí,,Encargado de Servicio Técnico,COT-2024-0222,INF-2024-0222,PEN,270.37
2024,Recepción,2024-04-24,2024-04-28,4,Trauma Médika EIRL,Clínica (VIP),Comas,Recepción,948840994,traumamédika12@gmail.com,"Av. Las Torres 1874, Comas",Magnetoterapia,Storz Medikal,Magnetolith,STO-5966,Cable de aplicador,Falso contacto en cable de aplicador (bobina),Cambio de cable de aplicador + Mantenimiento preventivo anual,Sí,"Equipo antiguo, se recomienda mantenimiento anual",Encargado de Servicio Técnico,COT-2024-0110,INF-2024-0110,USD,732.01
2024,Recepción,2024-04-24,2024-04-25,1,Universidad Nacional del Centro,Institución,San Isidro,Coordinación,947308985,universidadn13@hotmail.com,"Av. La Marina 1808, San Isidro",Magnetoterapia,Meditek,Magnetherp 200,MED-9652,N/A,Descalibración,Calibración de equipo,No,Se coordinó con el cliente por retraso de repuesto importado,Practicante,COT-2024-0156,INF-2024-0156,PEN,332.23
2024,Visita,2024-04-24,2024-04-29,5,Instituto Peruano del Deporte - Sede Sur,Institución,La Molina,Encargado de compras,997971488,institutoper20@hotmail.com,"Av. Central 1911, La Molina",Ultrasonido,Carsi,Sonomed IV,CAR-2300,Cable de aplicador US,Falso contacto en cable de aplicador,Cambio de cable de aplicador,No,Equipo con uso intensivo diario,Encargado de Servicio Técnico,COT-2024-0106,INF-2024-0106,PEN,333.12
2024,Recepción,2024-04-24,2024-04-26,2,Patricia Gómez Vásquez EIRL,Consultorio independiente,Cercado de Lima,Administración,924942603,patriciagóme0@gmail.com,"Av. La Marina 663, Cercado de Lima",Electroterapia,Emme,Therapic 9200,EMM-4868,Cable de electrodos,Falso contacto en cable de electrodos,Cambio de cable de electrodos,No,,Encargado de Servicio Técnico,COT-2024-0037,INF-2024-0037,PEN,72.38
2024,Visita,2024-04-24,2024-04-30,6,NoPain Centro de Rehabilitación,Clínica,Comas,Recepción,955176955,nopaincentro7@gmail.com,"Av. Los Próceres 878, Comas",Laser baja potencia,Carsi,Lasermed 100mW,CAR-5583,N/A,Descalibración,Calibración de equipo,No,"Cliente rechazó cambio de placa, se optó por reparación",Encargado de Servicio Técnico,COT-2024-0033,INF-2024-0033,PEN,118.23
2024,Recepción,2024-04-25,2024-05-01,6,Corporación de Servicios Médicos del Sur,Clínica,Chosica,Administración,966722344,corporaciónd6@hotmail.com,"Av. El Sol 418, Chosica",Magnetoterapia,Meditek,Magnetherp 440,MED-8031,Cable de aplicador,Falso contacto en cable de aplicador (bobina),Cambio de cable de aplicador + Mantenimiento preventivo anual,Sí,Cliente solicitó revisión urgente,Coordinador Técnico,COT-2024-0165,INF-2024-0165,PEN,189.61
2024,Recepción,2024-04-27,2024-05-03,6,IAFAS Fuerza Aeroespacial del Perú,Institución (VIP),Ate,Coordinación,984093639,iafasfuerzaa10@hotmail.com,"Av. La Marina 1366, Ate",Ultrasonido,Emme,Ultrasonic 1300,EMM-5864,Fusible,Fusible quemado,Cambio de fusibles + Mantenimiento preventivo anual,Sí,Cliente solicitó revisión urgente,Encargado de Servicio Técnico,COT-2024-0210,INF-2024-0210,PEN,748.73
2024,Recepción,2024-04-27,2024-04-30,3,Patricia Gómez Vásquez EIRL,Consultorio independiente,Cercado de Lima,Administración,924942603,patriciagóme0@gmail.com,"Av. La Marina 663, Cercado de Lima",Compreseros Calientes,Nacional Perú,Compresero 6 unid.,NAC-9644,Cable de poder,Falla en cable de poder,Cambio de cable de poder + Mantenimiento preventivo anual,Sí,"Cliente rechazó cambio de placa, se optó por reparación",Encargado de Servicio Técnico,COT-2024-0243,INF-2024-0243,PEN,156.97
2024,Visita,2024-04-28,2024-05-06,8,Lic. Jorge Injante Terapia Física,Consultorio independiente,San Isidro,Coordinación,945935572,licjorgeinja19@gmail.com,"Av. Las Torres 1970, San Isidro",Electroterapia,Emme,Therapic 9200,EMM-1289,Cable de electrodos,Falso contacto en cable de electrodos,Cambio de cable de electrodos,No,"Cliente rechazó cambio de placa, se optó por reparación",Encargado de Servicio Técnico,COT-2024-0105,INF-2024-0105,PEN,104.98
2024,Recepción,2024-04-28,2024-04-29,1,Maribel Salud SAC,Clínica,San Miguel,Administración,966629388,maribelsalud2@gmail.com,"Av. Los Próceres 291, San Miguel",Dermatoscopios,Dermlitex,Lumio,DER-5286,Botonera,Botones dañados,Cambio de botones + Mantenimiento preventivo anual,Sí,Se coordinó con el cliente por retraso de repuesto importado,Coordinador Técnico,COT-2024-0322,INF-2024-0322,PEN,176.65
2024,Recepción,2024-04-29,2024-05-03,4,Clínica Primavera SAC,Clínica,Miraflores,Administración,989089901,clínicaprima5@hotmail.com,"Av. Los Próceres 1654, Miraflores",Ultrasonido,Emme,Ultrasonic 1300,EMM-1430,Aplicador US,Desgaste de cristal piezoeléctrico de aplicador,Cambio de piezoeléctrico de aplicador,No,Cliente solicitó revisión urgente,Encargado de Servicio Técnico,COT-2024-0220,INF-2024-0220,PEN,381.81
2024,Visita,2024-04-29,2024-05-05,6,Corporación de Servicios Médicos del Sur,Clínica,Chosica,Administración,966722344,corporaciónd6@hotmail.com,"Av. El Sol 418, Chosica",Compresero Frío,Nacional Perú,Compresero frío 6 unid.,NAC-1934,N/A,Mantenimiento preventivo (sin falla registrada),Mantenimiento preventivo general,No,Se coordinó con el cliente por retraso de repuesto importado,Encargado de Servicio Técnico,COT-2024-0205,INF-2024-0205,PEN,159.3
2024,Recepción,2024-04-30,2024-05-03,3,Patricia Gómez Vásquez EIRL,Consultorio independiente,Cercado de Lima,Administración,924942603,patriciagóme0@gmail.com,"Av. La Marina 663, Cercado de Lima",Magnetoterapia,Storz Medikal,Magnetolith,STO-9789,Carcasa de bobina,Rotura de carcasa de bobina plana (orejas de correa),Cambio de carcasa de accesorio + Mantenimiento preventivo anual,Sí,Sin observaciones adicionales,Encargado de Servicio Técnico,COT-2024-0091,INF-2024-0091,PEN,157.12
2024,Recepción,2024-05-02,2024-05-06,4,Carlos Alberto Santos,Paciente / equipo propio,Chosica,Administración,997226012,carlosalbert4@outlook.com,"Av. Las Flores 959, Chosica",Ultrasonido,Carsi,Sonomed V,CAR-4190,N/A,Descalibración,Calibración de equipo,No,"Equipo antiguo, se recomienda mantenimiento anual",Encargado de Servicio Técnico,COT-2024-0196,INF-2024-0196,PEN,108.2
2024,Recepción,2024-05-04,2024-05-10,6,Maribel Salud SAC,Clínica,San Miguel,Administración,966629388,maribelsalud2@gmail.com,"Av. Los Próceres 291, San Miguel",Electroterapia,Biomedikal,Quadstar II,BIO-1173,N/A,Falla en placa de control por caída (equipo portátil),Reparación de placa de control,No,Sin observaciones adicionales,Encargado de Servicio Técnico,COT-2024-0068,INF-2024-0068,PEN,391.67
2024,Recepción,2024-05-07,2024-05-09,2,NoPain Centro de Rehabilitación,Clínica,Comas,Recepción,955176955,nopaincentro7@gmail.com,"Av. Los Próceres 878, Comas",Magnetoterapia,Storz Medikal,Magnetolith,STO-1870,Cable de aplicador,Falso contacto en cable de aplicador (bobina),Cambio de cable de aplicador + Mantenimiento preventivo anual,Sí,Sin observaciones adicionales,Encargado de Servicio Técnico,COT-2024-0246,INF-2024-0246,PEN,187.39
2024,Recepción,2024-05-08,2024-05-13,5,Patricia Gómez Vásquez EIRL,Consultorio independiente,Cercado de Lima,Administración,924942603,patriciagóme0@gmail.com,"Av. La Marina 663, Cercado de Lima",Dermatoscopios,Dermlitex,DL4W,DER-3879,Batería,Batería agotada / dañada,Cambio de batería + Mantenimiento preventivo anual,Sí,"Cliente rechazó cambio de placa, se optó por reparación",Practicante,COT-2024-0150,INF-2024-0150,PEN,141.27
2024,Recepción,2024-05-11,2024-05-16,5,Mefyre - Cuerpo de Emergencias,Institución,La Molina,Recepción,928728463,mefyrecuerpo1@outlook.com,"Av. Los Próceres 1485, La Molina",Electroterapia,Emme,Therapic 9200,EMM-7782,Cable de electrodos,Falso contacto en cable de electrodos,Cambio de cable de electrodos,No,"Cliente rechazó cambio de placa, se optó por reparación",Encargado de Servicio Técnico,COT-2024-0188,INF-2024-0188,PEN,134.48
2024,Recepción,2024-05-13,2024-05-24,11,Lic. Mónica Torres Fisioterapia,Consultorio independiente,Los Olivos,Coordinación,942857966,licmónicator16@gmail.com,"Av. Central 877, Los Olivos",Ultrasonido,Carsi,Sonomed IV,CAR-5423,Cable de aplicador US,Falso contacto en cable de aplicador,Cambio de cable de aplicador,No,,Coordinador Técnico,COT-2024-0327,INF-2024-0327,PEN,81.02
2024,Recepción,2024-05-13,2024-05-20,7,Fisiosalud Andina SAC,Clínica,La Molina,Recepción,928566572,fisiosaludan23@outlook.com,"Av. Central 286, La Molina",Masoterapia,Genérico,Equipo de masoterapia,GEN-8101,N/A,Caso particular / falla no recurrente,Reparación según diagnóstico particular + Mantenimiento preventivo anual,Sí,,Encargado de Servicio Técnico,COT-2024-0111,INF-2024-0111,PEN,265.68
2024,Recepción,2024-05-14,2024-05-17,3,Patricia Gómez Vásquez EIRL,Consultorio independiente,Cercado de Lima,Administración,924942603,patriciagóme0@gmail.com,"Av. La Marina 663, Cercado de Lima",Ultrasonido,Carsi,Sonomed V,CAR-4335,Cable de aplicador US,Falso contacto en cable de aplicador,Cambio de cable de aplicador + Mantenimiento preventivo anual,Sí,Cliente solicitó revisión urgente,Encargado de Servicio Técnico,COT-2024-0289,INF-2024-0289,PEN,225.58
2024,Recepción,2024-05-16,2024-05-22,6,Corporación de Servicios Médicos del Sur,Clínica,Chosica,Administración,966722344,corporaciónd6@hotmail.com,"Av. El Sol 418, Chosica",Ultrasonido,Emme,Ultrasonic 1300,EMM-9955,Cable de aplicador US,Falso contacto en cable de aplicador,Cambio de cable de aplicador,No,Se coordinó con el cliente por retraso de repuesto importado,Practicante,COT-2024-0330,INF-2024-0330,PEN,187.31
2024,Recepción,2024-05-21,2024-05-29,8,Federación Peruana de Voleibol,Institución (VIP),San Miguel,Administración,935808537,federaciónpe11@outlook.com,"Av. Los Próceres 193, San Miguel",Ultrasonido,Emme,Ultrasonic 1500,EMM-8168,N/A,Falla en placa de potencia (reparable),Reparación de placa de potencia + Mantenimiento preventivo anual,Sí,Se coordinó con el cliente por retraso de repuesto importado,Encargado de Servicio Técnico,COT-2024-0276,INF-2024-0276,PEN,2303.05
2024,Recepción,2024-05-24,2024-05-27,3,Patricia Gómez Vásquez EIRL,Consultorio independiente,Cercado de Lima,Administración,924942603,patriciagóme0@gmail.com,"Av. La Marina 663, Cercado de Lima",Ultrasonido,Emme,Ultrasonic 1300,EMM-1256,Cable de poder,Falla en cable de poder,Cambio de cable de poder,No,"Cliente rechazó cambio de placa, se optó por reparación",Encargado de Servicio Técnico,COT-2024-0177,INF-2024-0177,PEN,118.05
2024,Recepción,2024-06-02,2024-06-04,2,Clínica Los Álamos SAC,Clínica,Magdalena,Coordinación,995899313,clínicalosál17@outlook.com,"Av. Las Flores 549, Magdalena",Magnetoterapia,Meditek,Magnetherp 330,MED-4015,Cable de aplicador,Falso contacto en cable de aplicador (bobina),Cambio de cable de aplicador + Mantenimiento preventivo anual,Sí,,Encargado de Servicio Técnico,COT-2024-0267,INF-2024-0267,PEN,289.12
2024,Visita,2024-06-02,2024-06-06,4,NoPain Centro de Rehabilitación,Clínica,Comas,Recepción,955176955,nopaincentro7@gmail.com,"Av. Los Próceres 878, Comas",Laser baja potencia,Carsi,Lasermed 100mW,CAR-9810,N/A,Falla en placa de potencia (reparable),Reparación de placa de potencia + Mantenimiento preventivo anual,Sí,"Equipo antiguo, se recomienda mantenimiento anual",Encargado de Servicio Técnico,COT-2024-0095,INF-2024-0095,PEN,422.04
2024,Recepción,2024-06-03,2024-06-11,8,Mefyre - Cuerpo de Emergencias,Institución,La Molina,Recepción,928728463,mefyrecuerpo1@outlook.com,"Av. Los Próceres 1485, La Molina",Laser baja potencia,Carsi,Lasermed 60mW,CAR-6716,Fusible,Fusible quemado,Cambio de fusibles + Mantenimiento preventivo anual,Sí,Sin observaciones adicionales,Coordinador Técnico,COT-2024-0206,INF-2024-0206,PEN,173.6
2024,Recepción,2024-06-11,2024-06-16,5,Mefyre - Cuerpo de Emergencias,Institución,La Molina,Recepción,928728463,mefyrecuerpo1@outlook.com,"Av. Los Próceres 1485, La Molina",Ultrasonido,Emme,Ultrasonic 1500,EMM-8852,Cable de aplicador US,Falso contacto en cable de aplicador,Cambio de cable de aplicador + Mantenimiento preventivo anual,Sí,Se coordinó con el cliente por retraso de repuesto importado,Encargado de Servicio Técnico,COT-2024-0162,INF-2024-0162,PEN,277.74
2024,Recepción,2024-06-12,2024-06-17,5,Clínica Bienestar Total EIRL,Clínica,San Juan de Lurigancho,Coordinación,945551614,clínicabiene21@gmail.com,"Av. Las Torres 1625, San Juan de Lurigancho",Compreseros Calientes,Nacional Perú,Compresero 24 unid.,NAC-7251,Cable de poder,Falla en cable de poder,Cambio de cable de poder + Mantenimiento preventivo anual,Sí,"Equipo antiguo, se recomienda mantenimiento anual",Encargado de Servicio Técnico,COT-2024-0216,INF-2024-0216,PEN,188.08
2024,Recepción,2024-06-12,2024-06-20,8,Alfa y Omega Rehabilitación,Clínica,La Molina,Administración,977827638,alfayomegare3@outlook.com,"Av. Los Próceres 1249, La Molina",Laser baja potencia,Carsi,Lasermed 100mW,CAR-4925,N/A,Falla en placa de potencia (reparable),Reparación de placa de potencia + Mantenimiento preventivo anual,Sí,"Equipo antiguo, se recomienda mantenimiento anual",Encargado de Servicio Técnico,COT-2024-0123,INF-2024-0123,PEN,520.9
2024,Recepción,2024-06-13,2024-06-17,4,Fisioterapia San Rafael,Consultorio independiente,Chosica,Administración,996977837,fisioterapia15@gmail.com,"Av. Las Flores 1400, Chosica",Laser baja potencia,Carsi,Lasermed 60mW,CAR-1947,Cánula láser,Falso contacto en cable de cánula láser,Cambio de cable de cánula láser + Mantenimiento preventivo anual,Sí,Se coordinó con el cliente por retraso de repuesto importado,Encargado de Servicio Técnico,COT-2024-0032,INF-2024-0032,PEN,234.5
2024,Recepción,2024-06-14,2024-06-25,11,IAFAS Fuerza Aeroespacial del Perú,Institución (VIP),Ate,Coordinación,984093639,iafasfuerzaa10@hotmail.com,"Av. La Marina 1366, Ate",Dermatoscopios,Dermlitex,DL200HR,DER-6278,Lente,Mantenimiento por limpieza de lente,Limpieza y mantenimiento de lente,No,Equipo con uso intensivo diario,Encargado de Servicio Técnico,COT-2024-0125,INF-2024-0125,PEN,448.26
2024,Recepción,2024-06-14,2024-06-20,6,Clínica Los Álamos SAC,Clínica,Magdalena,Coordinación,995899313,clínicalosál17@outlook.com,"Av. Las Flores 549, Magdalena",Compreseros Calientes,Nacional Perú,Compresero 6 unid.,NAC-5764,N/A,Descalibración de temperatura,Calibración de temperatura + Mantenimiento preventivo anual,Sí,Equipo con uso intensivo diario,Encargado de Servicio Técnico,COT-2024-0021,INF-2024-0021,PEN,243.63
2024,Recepción,2024-06-14,2024-06-17,3,Federación Peruana de Voleibol,Institución (VIP),San Miguel,Administración,935808537,federaciónpe11@outlook.com,"Av. Los Próceres 193, San Miguel",Ultrasonido,Carsi,Sonomed V,CAR-2933,Cable de aplicador US,Falso contacto en cable de aplicador,Cambio de cable de aplicador,No,"Cliente rechazó cambio de placa, se optó por reparación",Encargado de Servicio Técnico,COT-2024-0285,INF-2024-0285,PEN,713.57
2024,Recepción,2024-06-15,2024-06-17,2,Mefyre - Cuerpo de Emergencias,Institución,La Molina,Recepción,928728463,mefyrecuerpo1@outlook.com,"Av. Los Próceres 1485, La Molina",Ultrasonido,Carsi,Sonomed V,CAR-9630,Teclado membrana,Falla en teclado membrana,Cambio de teclado membrana + Mantenimiento preventivo anual,Sí,Cliente solicitó revisión urgente,Encargado de Servicio Técnico,COT-2024-0180,INF-2024-0180,PEN,422.78
2024,Recepción,2024-06-16,2024-06-19,3,Mefyre - Cuerpo de Emergencias,Institución,La Molina,Recepción,928728463,mefyrecuerpo1@outlook.com,"Av. Los Próceres 1485, La Molina",Magnetoterapia,Storz Medikal,Magnetolith,STO-4253,Fusible,Fusible quemado,Cambio de fusibles + Mantenimiento preventivo anual,Sí,Se coordinó con el cliente por retraso de repuesto importado,Encargado de Servicio Técnico,COT-2024-0318,INF-2024-0318,PEN,194.71
2024,Recepción,2024-06-17,2024-06-21,4,Lic. Rosa Ibarra Terapia Física,Consultorio independiente,Jesús María,Encargado de compras,924716857,licrosaibarr24@gmail.com,"Av. La Marina 427, Jesús María",Ultrasonido,Carsi,Sonomed V,CAR-3059,Fusible,Fusible quemado,Cambio de fusibles + Mantenimiento preventivo anual,Sí,Se coordinó con el cliente por retraso de repuesto importado,Practicante,COT-2024-0213,INF-2024-0213,PEN,143.79
2024,Recepción,2024-06-18,2024-06-27,9,Mefyre - Cuerpo de Emergencias,Institución,La Molina,Recepción,928728463,mefyrecuerpo1@outlook.com,"Av. Los Próceres 1485, La Molina",Compresero Frío,Nacional Perú,Compresero frío 12 unid.,NAC-6387,N/A,Mantenimiento preventivo (sin falla registrada),Mantenimiento preventivo general,No,"Cliente rechazó cambio de placa, se optó por reparación",Encargado de Servicio Técnico,COT-2024-0089,INF-2024-0089,PEN,110.91
2024,Recepción,2024-06-18,2024-06-23,5,Mefyre - Cuerpo de Emergencias,Institución,La Molina,Recepción,928728463,mefyrecuerpo1@outlook.com,"Av. Los Próceres 1485, La Molina",Ultrasonido,Carsi,Sonomed V,CAR-3102,Aplicador US,Desgaste de cristal piezoeléctrico de aplicador,Cambio de piezoeléctrico de aplicador,No,"Equipo antiguo, se recomienda mantenimiento anual",Encargado de Servicio Técnico,COT-2024-0087,INF-2024-0087,PEN,206.02
2024,Recepción,2024-06-20,2024-06-25,5,Mefyre - Cuerpo de Emergencias,Institución,La Molina,Recepción,928728463,mefyrecuerpo1@outlook.com,"Av. Los Próceres 1485, La Molina",Electroterapia,Emme,Therapic 9400,EMM-3369,Electrodos,Electrodos desgastados,Cambio de electrodos + Mantenimiento preventivo anual,Sí,Equipo con uso intensivo diario,Encargado de Servicio Técnico,COT-2024-0071,INF-2024-0071,PEN,166.13
2024,Recepción,2024-06-20,2024-06-21,1,Maribel Salud SAC,Clínica,San Miguel,Administración,966629388,maribelsalud2@gmail.com,"Av. Los Próceres 291, San Miguel",Magnetoterapia,Storz Medikal,Magnetolith,STO-2788,N/A,Descalibración,Calibración de equipo + Mantenimiento preventivo anual,Sí,Se coordinó con el cliente por retraso de repuesto importado,Encargado de Servicio Técnico,COT-2024-0247,INF-2024-0247,PEN,201.64
2024,Recepción,2024-06-21,2024-06-26,5,Alfa y Omega Rehabilitación,Clínica,La Molina,Administración,977827638,alfayomegare3@outlook.com,"Av. Los Próceres 1249, La Molina",Ondas de Choque Radial,Ztorz Medikal,Masterpuls MP200,ZTO-4098,Aplicador,Aplicador superó límite de disparos,Cambio de aplicador por límite de disparos,No,,Encargado de Servicio Técnico,COT-2024-0078,INF-2024-0078,PEN,1944.26
2024,Recepción,2024-06-21,2024-06-24,3,Parroquia Nuestra Señora de Chaclacayo,Institución,San Borja,Recepción,956164955,parroquianue8@outlook.com,"Av. El Sol 1752, San Borja",Compreseros Calientes,Nacional Perú,Compresero 24 unid.,NAC-4943,Resistencia,Resistencia dañada,Cambio de resistencia,No,Cliente solicitó revisión urgente,Encargado de Servicio Técnico,COT-2024-0268,INF-2024-0268,PEN,82.75
2024,Recepción,2024-06-21,2024-06-23,2,Carlos Alberto Santos,Paciente / equipo propio,Chosica,Administración,997226012,carlosalbert4@outlook.com,"Av. Las Flores 959, Chosica",Magnetoterapia,Emme,Magnetomed 7200,EMM-9042,Cable de aplicador,Falso contacto en cable de aplicador (bobina),Cambio de cable de aplicador + Mantenimiento preventivo anual,Sí,,Encargado de Servicio Técnico,COT-2024-0011,INF-2024-0011,PEN,173.73
2024,Visita,2024-06-22,2024-06-26,4,Patricia Gómez Vásquez EIRL,Consultorio independiente,Cercado de Lima,Administración,924942603,patriciagóme0@gmail.com,"Av. La Marina 663, Cercado de Lima",Magnetoterapia,Storz Medikal,Magnetolith,STO-6292,N/A,Descalibración,Calibración de equipo,No,Sin observaciones adicionales,Encargado de Servicio Técnico,COT-2024-0063,INF-2024-0063,PEN,155.45
2024,Visita,2024-06-24,2024-06-27,3,Clínica Primavera SAC,Clínica,Miraflores,Administración,989089901,clínicaprima5@hotmail.com,"Av. Los Próceres 1654, Miraflores",Compreseros Calientes,Nacional Perú,Compresero 6 unid.,NAC-2789,N/A,Descalibración de temperatura,Calibración de temperatura,No,"Cliente rechazó cambio de placa, se optó por reparación",Coordinador Técnico,COT-2024-0293,INF-2024-0293,PEN,145.0
2024,Recepción,2024-06-24,2024-06-25,1,Clínica Primavera SAC,Clínica,Miraflores,Administración,989089901,clínicaprima5@hotmail.com,"Av. Los Próceres 1654, Miraflores",Electroterapia,Biomedikal,Quadstar II,BIO-2339,Electrodos,Electrodos desgastados,Cambio de electrodos + Mantenimiento preventivo anual,Sí,,Encargado de Servicio Técnico,COT-2024-0015,INF-2024-0015,PEN,175.0
2024,Recepción,2024-06-24,2024-07-03,9,Patricia Gómez Vásquez EIRL,Consultorio independiente,Cercado de Lima,Administración,924942603,patriciagóme0@gmail.com,"Av. La Marina 663, Cercado de Lima",Ultrasonido,Emme,Ultrasonic 1300,EMM-3460,Cable de poder,Falla en cable de poder,Cambio de cable de poder,No,Equipo con uso intensivo diario,Encargado de Servicio Técnico,COT-2024-0199,INF-2024-0199,PEN,92.2
2024,Visita,2024-06-25,2024-06-29,4,Federación Peruana de Voleibol,Institución (VIP),San Miguel,Administración,935808537,federaciónpe11@outlook.com,"Av. Los Próceres 193, San Miguel",Magnetoterapia,Storz Medikal,Magnetolith,STO-1527,Cable de aplicador,Falso contacto en cable de aplicador (bobina),Cambio de cable de aplicador + Mantenimiento preventivo anual,Sí,Cliente solicitó revisión urgente,Encargado de Servicio Técnico,COT-2024-0088,INF-2024-0088,PEN,1121.61
2024,Recepción,2024-06-27,2024-06-28,1,Corporación de Servicios Médicos del Sur,Clínica,Chosica,Administración,966722344,corporaciónd6@hotmail.com,"Av. El Sol 418, Chosica",Laser baja potencia,Carsi,Lasermed 100mW,CAR-3955,Cánula láser,Falso contacto en cable de cánula láser,Cambio de cable de cánula láser + Mantenimiento preventivo anual,Sí,Se coordinó con el cliente por retraso de repuesto importado,Encargado de Servicio Técnico,COT-2024-0179,INF-2024-0179,PEN,276.19
2024,Recepción,2024-06-27,2024-07-06,9,Fisioterapia San Rafael,Consultorio independiente,Chosica,Administración,996977837,fisioterapia15@gmail.com,"Av. Las Flores 1400, Chosica",Laser baja potencia,Carsi,Lasermed 100mW,CAR-5081,Cánula láser,Falso contacto en cable de cánula láser,Cambio de cable de cánula láser,No,Cliente solicitó revisión urgente,Encargado de Servicio Técnico,COT-2024-0094,INF-2024-0094,PEN,159.28
2024,Recepción,2024-06-30,2024-07-05,5,Lic. Rosa Ibarra Terapia Física,Consultorio independiente,Jesús María,Encargado de compras,924716857,licrosaibarr24@gmail.com,"Av. La Marina 427, Jesús María",Camilla de Tracción,Everyway,ET-800,EVE-1162,N/A,Descalibración de fuerza de tracción,Calibración de fuerza de tracción,No,"Cliente rechazó cambio de placa, se optó por reparación",Encargado de Servicio Técnico,COT-2024-0211,INF-2024-0211,PEN,118.5
2024,Visita,2024-07-02,2024-07-05,3,Patricia Gómez Vásquez EIRL,Consultorio independiente,Cercado de Lima,Administración,924942603,patriciagóme0@gmail.com,"Av. La Marina 663, Cercado de Lima",Ultrasonido,Emme,Ultrasonic 1300,EMM-3803,Aplicador US,Desgaste de cristal piezoeléctrico de aplicador,Cambio de piezoeléctrico de aplicador + Mantenimiento preventivo anual,Sí,"Cliente rechazó cambio de placa, se optó por reparación",Encargado de Servicio Técnico,COT-2024-0235,INF-2024-0235,PEN,386.66
2024,Visita,2024-07-03,2024-07-09,6,Alfa y Omega Rehabilitación,Clínica,La Molina,Administración,977827638,alfayomegare3@outlook.com,"Av. Los Próceres 1249, La Molina",Ultrasonido,Emme,Ultrasonic 1500,EMM-7799,Cable de aplicador US,Falso contacto en cable de aplicador,Cambio de cable de aplicador,No,"Equipo antiguo, se recomienda mantenimiento anual",Coordinador Técnico,COT-2024-0030,INF-2024-0030,PEN,118.73
2024,Recepción,2024-07-04,2024-07-08,4,Parroquia Nuestra Señora de Chaclacayo,Institución,San Borja,Recepción,956164955,parroquianue8@outlook.com,"Av. El Sol 1752, San Borja",Ultrasonido,Emme,Ultrasonic 1500,EMM-2225,N/A,Descalibración,Calibración de equipo + Mantenimiento preventivo anual,Sí,"Cliente rechazó cambio de placa, se optó por reparación",Practicante,COT-2024-0234,INF-2024-0234,PEN,233.16
2024,Recepción,2024-07-05,2024-07-14,9,Hospital Nacional Docente,Institución,San Juan de Lurigancho,Coordinación,959684848,hospitalnaci14@hotmail.com,"Av. Las Torres 1472, San Juan de Lurigancho",Ondas de Choque Radial,Ztorz Medikal,Masterpuls MP ONE,ZTO-5137,Aplicador,Aplicador superó límite de disparos,Cambio de aplicador por límite de disparos + Mantenimiento preventivo anual,Sí,,Encargado de Servicio Técnico,COT-2024-0171,INF-2024-0171,PEN,2872.65
2024,Recepción,2024-07-06,2024-07-09,3,Clínica Primavera SAC,Clínica,Miraflores,Administración,989089901,clínicaprima5@hotmail.com,"Av. Los Próceres 1654, Miraflores",Laser alta potencia,Emme,Bipower Lux SP,EMM-4436,N/A,Descalibración,Calibración de equipo,No,Cliente solicitó revisión urgente,Encargado de Servicio Técnico,COT-2024-0214,INF-2024-0214,PEN,160.09
2024,Visita,2024-07-08,2024-07-14,6,Parroquia Nuestra Señora de Chaclacayo,Institución,San Borja,Recepción,956164955,parroquianue8@outlook.com,"Av. El Sol 1752, San Borja",Dermatoscopios,Dermlitex,DL5,DER-1284,Lente,Mantenimiento por limpieza de lente,Limpieza y mantenimiento de lente,No,"Cliente rechazó cambio de placa, se optó por reparación",Encargado de Servicio Técnico,COT-2024-0251,INF-2024-0251,PEN,79.52
2024,Recepción,2024-07-08,2024-07-17,9,Maribel Salud SAC,Clínica,San Miguel,Administración,966629388,maribelsalud2@gmail.com,"Av. Los Próceres 291, San Miguel",Dermatoscopios,Dermlitex,DL4,DER-2738,Lente,Mantenimiento por limpieza de lente,Limpieza y mantenimiento de lente + Mantenimiento preventivo anual,Sí,Cliente solicitó revisión urgente,Practicante,COT-2024-0313,INF-2024-0313,PEN,171.39
2024,Recepción,2024-07-09,2024-07-14,5,Lic. Jorge Injante Terapia Física,Consultorio independiente,San Isidro,Coordinación,945935572,licjorgeinja19@gmail.com,"Av. Las Torres 1970, San Isidro",Magnetoterapia,Emme,Magnetomed 8400,EMM-3651,Cable de aplicador,Falso contacto en cable de aplicador (bobina),Cambio de cable de aplicador + Mantenimiento preventivo anual,Sí,Cliente solicitó revisión urgente,Coordinador Técnico,COT-2024-0161,INF-2024-0161,PEN,139.55
2024,Recepción,2024-07-13,2024-07-17,4,Clínica Primavera SAC,Clínica,Miraflores,Administración,989089901,clínicaprima5@hotmail.com,"Av. Los Próceres 1654, Miraflores",Compreseros Calientes,Nacional Perú,Compresero 12 unid.,NAC-1845,N/A,Descalibración de temperatura,Calibración de temperatura,No,,Encargado de Servicio Técnico,COT-2024-0221,INF-2024-0221,PEN,93.49
2024,Recepción,2024-07-13,2024-07-21,8,Centro de Rehabilitación Vitalis,Clínica,Jesús María,Coordinación,917507864,centrodereha18@gmail.com,"Av. Los Próceres 1748, Jesús María",Ultrasonido,Carsi,Sonomed IV,CAR-9788,Cable de aplicador US,Falso contacto en cable de aplicador,Cambio de cable de aplicador,No,,Encargado de Servicio Técnico,COT-2024-0142,INF-2024-0142,PEN,177.79
2024,Recepción,2024-07-16,2024-07-24,8,Seguro Social de Salud,Institución (VIP),Chosica,Encargado de compras,971662963,segurosocial9@outlook.com,"Av. Los Próceres 1988, Chosica",Laser baja potencia,Carsi,Lasermed 60mW,CAR-7125,N/A,Descalibración,Calibración de equipo,No,"Cliente rechazó cambio de placa, se optó por reparación",Encargado de Servicio Técnico,COT-2024-0080,INF-2024-0080,PEN,911.34
2024,Recepción,2024-07-18,2024-07-30,12,Lic. Jorge Injante Terapia Física,Consultorio independiente,San Isidro,Coordinación,945935572,licjorgeinja19@gmail.com,"Av. Las Torres 1970, San Isidro",Ultrasonido,Carsi,Sonomed V,CAR-6115,Cable de aplicador US,Falso contacto en cable de aplicador,Cambio de cable de aplicador,No,"Cliente rechazó cambio de placa, se optó por reparación",Encargado de Servicio Técnico,COT-2024-0035,INF-2024-0035,PEN,93.85
2024,Recepción,2024-07-19,2024-07-21,2,Patricia Gómez Vásquez EIRL,Consultorio independiente,Cercado de Lima,Administración,924942603,patriciagóme0@gmail.com,"Av. La Marina 663, Cercado de Lima",Laser baja potencia,Carsi,Lasermed 100mW,CAR-2106,Teclado membrana,Falla en teclado membrana,Cambio de teclado membrana,No,"Cliente rechazó cambio de placa, se optó por reparación",Encargado de Servicio Técnico,COT-2024-0069,INF-2024-0069,PEN,146.18
2024,Recepción,2024-07-20,2024-07-26,6,Parroquia Nuestra Señora de Chaclacayo,Institución,San Borja,Recepción,956164955,parroquianue8@outlook.com,"Av. El Sol 1752, San Borja",Laser baja potencia,Carsi,Lasermed 100mW,CAR-7471,Fusible,Fusible quemado,Cambio de fusibles,No,,Encargado de Servicio Técnico,COT-2024-0018,INF-2024-0018,PEN,81.59
2024,Recepción,2024-07-20,2024-07-22,2,Centro de Rehabilitación Vitalis,Clínica,Jesús María,Coordinación,917507864,centrodereha18@gmail.com,"Av. Los Próceres 1748, Jesús María",Ultrasonido,Emme,Ultrasonic 1500,EMM-6210,N/A,Descalibración,Calibración de equipo,No,,Encargado de Servicio Técnico,COT-2024-0151,INF-2024-0151,PEN,98.92
2024,Recepción,2024-07-21,2024-07-24,3,IAFAS Fuerza Aeroespacial del Perú,Institución (VIP),Ate,Coordinación,984093639,iafasfuerzaa10@hotmail.com,"Av. La Marina 1366, Ate",Electroterapia,Biomedikal,Biostim NMS,BIO-8880,N/A,Falla en placa de control (equipo grande),Reparación de placa de control,No,"Equipo antiguo, se recomienda mantenimiento anual",Encargado de Servicio Técnico,COT-2024-0320,INF-2024-0320,PEN,1654.48
2024,Recepción,2024-07-22,2024-07-25,3,Alfa y Omega Rehabilitación,Clínica,La Molina,Administración,977827638,alfayomegare3@outlook.com,"Av. Los Próceres 1249, La Molina",Magnetoterapia,Emme,Magnetomed 7200,EMM-2847,Teclado membrana,Falla en teclado membrana,Cambio de teclado membrana + Mantenimiento preventivo anual,Sí,"Equipo antiguo, se recomienda mantenimiento anual",Encargado de Servicio Técnico,COT-2024-0253,INF-2024-0253,PEN,368.83
2024,Recepción,2024-07-24,2024-07-29,5,Clínica Primavera SAC,Clínica,Miraflores,Administración,989089901,clínicaprima5@hotmail.com,"Av. Los Próceres 1654, Miraflores",Electroterapia,Biomedikal,Biostim NMS,BIO-3257,Cable de electrodos,Falso contacto en cable de electrodos,Cambio de cable de electrodos + Mantenimiento preventivo anual,Sí,Equipo con uso intensivo diario,Encargado de Servicio Técnico,COT-2024-0029,INF-2024-0029,PEN,237.6
2024,Recepción,2024-07-26,2024-07-28,2,Fisiosalud Andina SAC,Clínica,La Molina,Recepción,928566572,fisiosaludan23@outlook.com,"Av. Central 286, La Molina",Magnetoterapia,Meditek,Magnetherp 330,MED-1422,Cable de aplicador,Falso contacto en cable de aplicador (bobina),Cambio de cable de aplicador,No,"Equipo antiguo, se recomienda mantenimiento anual",Encargado de Servicio Técnico,COT-2024-0314,INF-2024-0314,PEN,111.07
2024,Recepción,2024-07-27,2024-08-07,11,Lic. Rosa Ibarra Terapia Física,Consultorio independiente,Jesús María,Encargado de compras,924716857,licrosaibarr24@gmail.com,"Av. La Marina 427, Jesús María",Laser baja potencia,Carsi,Lasermed 60mW,CAR-5312,Cánula láser,Falso contacto en cable de cánula láser,Cambio de cable de cánula láser + Mantenimiento preventivo anual,Sí,"Cliente rechazó cambio de placa, se optó por reparación",Encargado de Servicio Técnico,COT-2024-0004,INF-2024-0004,PEN,155.78
2024,Recepción,2024-07-27,2024-07-28,1,NoPain Centro de Rehabilitación,Clínica,Comas,Recepción,955176955,nopaincentro7@gmail.com,"Av. Los Próceres 878, Comas",Ultrasonido,Carsi,Sonomed V,CAR-9633,N/A,Descalibración,Calibración de equipo + Mantenimiento preventivo anual,Sí,"Cliente rechazó cambio de placa, se optó por reparación",Coordinador Técnico,COT-2024-0189,INF-2024-0189,PEN,169.23
2024,Visita,2024-07-28,2024-08-02,5,Instituto Peruano del Deporte - Sede Sur,Institución,La Molina,Encargado de compras,997971488,institutoper20@hotmail.com,"Av. Central 1911, La Molina",Electroterapia,Biomedikal,Biostim NMS,BIO-7783,N/A,Falla en placa de control (equipo grande),Reparación de placa de control + Mantenimiento preventivo anual,Sí,Sin observaciones adicionales,Practicante,COT-2024-0215,INF-2024-0215,PEN,830.22
2024,Recepción,2024-07-31,2024-08-07,7,Patricia Gómez Vásquez EIRL,Consultorio independiente,Cercado de Lima,Administración,924942603,patriciagóme0@gmail.com,"Av. La Marina 663, Cercado de Lima",Laser baja potencia,Carsi,Lasermed 100mW,CAR-3318,Cánula láser,Falso contacto en cable de cánula láser,Cambio de cable de cánula láser,No,Cliente solicitó revisión urgente,Encargado de Servicio Técnico,COT-2024-0109,INF-2024-0109,PEN,104.94
2024,Recepción,2024-07-31,2024-08-01,1,Clínica Primavera SAC,Clínica,Miraflores,Administración,989089901,clínicaprima5@hotmail.com,"Av. Los Próceres 1654, Miraflores",Electroterapia,Biomedikal,Impulse 3000T,BIO-1513,N/A,Falla en placa de control por caída (equipo portátil),Reparación de placa de control + Mantenimiento preventivo anual,Sí,"Cliente rechazó cambio de placa, se optó por reparación",Encargado de Servicio Técnico,COT-2024-0208,INF-2024-0208,PEN,489.4
2024,Recepción,2024-08-01,2024-08-10,9,Alfa y Omega Rehabilitación,Clínica,La Molina,Administración,977827638,alfayomegare3@outlook.com,"Av. Los Próceres 1249, La Molina",Dermatoscopios,Dermlitex,DL4,DER-7212,N/A,Falla en placa por caída,Reparación de placa por caída,No,Equipo con uso intensivo diario,Encargado de Servicio Técnico,COT-2024-0324,INF-2024-0324,PEN,393.81
2024,Recepción,2024-08-02,2024-08-06,4,Clínica Bienestar Total EIRL,Clínica,San Juan de Lurigancho,Coordinación,945551614,clínicabiene21@gmail.com,"Av. Las Torres 1625, San Juan de Lurigancho",Laser baja potencia,Carsi,Lasermed 100mW,CAR-4840,Cánula láser,Falso contacto en cable de cánula láser,Cambio de cable de cánula láser + Mantenimiento preventivo anual,Sí,Sin observaciones adicionales,Encargado de Servicio Técnico,COT-2024-0081,INF-2024-0081,PEN,246.49
2024,Recepción,2024-08-04,2024-08-07,3,Alfa y Omega Rehabilitación,Clínica,La Molina,Administración,977827638,alfayomegare3@outlook.com,"Av. Los Próceres 1249, La Molina",Magnetoterapia,Emme,Magnetomed 7200,EMM-6815,Cable de aplicador,Falso contacto en cable de aplicador (bobina),Cambio de cable de aplicador,No,Sin observaciones adicionales,Encargado de Servicio Técnico,COT-2024-0309,INF-2024-0309,PEN,197.37
2024,Recepción,2024-08-05,2024-08-08,3,Centro de Rehabilitación Vitalis,Clínica,Jesús María,Coordinación,917507864,centrodereha18@gmail.com,"Av. Los Próceres 1748, Jesús María",Electroterapia,Biomedikal,Quadstar II,BIO-2932,Cable de electrodos,Falso contacto en cable de electrodos,Cambio de cable de electrodos,No,Sin observaciones adicionales,Encargado de Servicio Técnico,COT-2024-0279,INF-2024-0279,PEN,144.37
2024,Recepción,2024-08-05,2024-08-08,3,Lic. Mónica Torres Fisioterapia,Consultorio independiente,Los Olivos,Coordinación,942857966,licmónicator16@gmail.com,"Av. Central 877, Los Olivos",Electroterapia,Biomedikal,Biostim NMS,BIO-5057,Cable de electrodos,Falso contacto en cable de electrodos,Cambio de cable de electrodos,No,Equipo con uso intensivo diario,Encargado de Servicio Técnico,COT-2024-0038,INF-2024-0038,PEN,108.0
2024,Recepción,2024-08-06,2024-08-12,6,Seguro Social de Salud,Institución (VIP),Chosica,Encargado de compras,971662963,segurosocial9@outlook.com,"Av. Los Próceres 1988, Chosica",Ultrasonido,Carsi,Sonomed V,CAR-8443,Cable de aplicador US,Falso contacto en cable de aplicador,Cambio de cable de aplicador + Mantenimiento preventivo anual,Sí,"Cliente rechazó cambio de placa, se optó por reparación",Coordinador Técnico,COT-2024-0194,INF-2024-0194,PEN,1326.29
2024,Visita,2024-08-06,2024-08-14,8,Mefyre - Cuerpo de Emergencias,Institución,La Molina,Recepción,928728463,mefyrecuerpo1@outlook.com,"Av. Los Próceres 1485, La Molina",Electroterapia,Biomedikal,Quadstar II,BIO-6149,Teclado,Falla en teclado / perillas,Cambio de teclado o perillas,No,Equipo con uso intensivo diario,Encargado de Servicio Técnico,COT-2024-0143,INF-2024-0143,PEN,100.64
2024,Recepción,2024-08-07,2024-08-09,2,Seguro Social de Salud,Institución (VIP),Chosica,Encargado de compras,971662963,segurosocial9@outlook.com,"Av. Los Próceres 1988, Chosica",Dermatoscopios,Dermlitex,Lumio,DER-7479,N/A,Falla en placa por caída,Reparación de placa por caída + Mantenimiento preventivo anual,Sí,Cliente solicitó revisión urgente,Encargado de Servicio Técnico,COT-2024-0178,INF-2024-0178,PEN,2864.7
2024,Visita,2024-08-08,2024-08-10,2,Maribel Salud SAC,Clínica,San Miguel,Administración,966629388,maribelsalud2@gmail.com,"Av. Los Próceres 291, San Miguel",Ultrasonido,Carsi,Sonomed V,CAR-9785,N/A,Descalibración,Calibración de equipo + Mantenimiento preventivo anual,Sí,"Cliente rechazó cambio de placa, se optó por reparación",Coordinador Técnico,COT-2024-0286,INF-2024-0286,PEN,221.81
2024,Recepción,2024-08-10,2024-08-16,6,Corporación de Servicios Médicos del Sur,Clínica,Chosica,Administración,966722344,corporaciónd6@hotmail.com,"Av. El Sol 418, Chosica",Ultrasonido,Carsi,Sonomed V,CAR-9691,Cable de aplicador US,Falso contacto en cable de aplicador,Cambio de cable de aplicador + Mantenimiento preventivo anual,Sí,"Equipo antiguo, se recomienda mantenimiento anual",Practicante,COT-2024-0232,INF-2024-0232,PEN,285.1
2024,Visita,2024-08-11,2024-08-15,4,Maribel Salud SAC,Clínica,San Miguel,Administración,966629388,maribelsalud2@gmail.com,"Av. Los Próceres 291, San Miguel",Ultrasonido,Carsi,Sonomed V,CAR-5227,Cable de aplicador US,Falso contacto en cable de aplicador,Cambio de cable de aplicador,No,,Encargado de Servicio Técnico,COT-2024-0297,INF-2024-0297,PEN,192.96
2024,Recepción,2024-08-12,2024-08-16,4,Patricia Gómez Vásquez EIRL,Consultorio independiente,Cercado de Lima,Administración,924942603,patriciagóme0@gmail.com,"Av. La Marina 663, Cercado de Lima",Laser baja potencia,Carsi,Lasermed 100mW,CAR-2758,N/A,Descalibración,Calibración de equipo + Mantenimiento preventivo anual,Sí,Sin observaciones adicionales,Coordinador Técnico,COT-2024-0269,INF-2024-0269,PEN,200.19
2024,Recepción,2024-08-21,2024-08-27,6,Maribel Salud SAC,Clínica,San Miguel,Administración,966629388,maribelsalud2@gmail.com,"Av. Los Próceres 291, San Miguel",Magnetoterapia,Emme,Magnetomed 8400,EMM-6296,Cable de aplicador,Falso contacto en cable de aplicador (bobina),Cambio de cable de aplicador + Mantenimiento preventivo anual,Sí,Se coordinó con el cliente por retraso de repuesto importado,Encargado de Servicio Técnico,COT-2024-0001,INF-2024-0001,PEN,194.04
2024,Recepción,2024-08-21,2024-08-23,2,Mefyre - Cuerpo de Emergencias,Institución,La Molina,Recepción,928728463,mefyrecuerpo1@outlook.com,"Av. Los Próceres 1485, La Molina",Magnetoterapia,Meditek,Magnetherp 440,MED-1544,Teclado membrana,Falla en teclado membrana,Cambio de teclado membrana,No,,Encargado de Servicio Técnico,COT-2024-0277,INF-2024-0277,PEN,313.17
2024,Recepción,2024-08-27,2024-08-29,2,Mefyre - Cuerpo de Emergencias,Institución,La Molina,Recepción,928728463,mefyrecuerpo1@outlook.com,"Av. Los Próceres 1485, La Molina",Magnetoterapia,Storz Medikal,Magnetolith,STO-5638,Cable de aplicador,Falso contacto en cable de aplicador (bobina),Cambio de cable de aplicador + Mantenimiento preventivo anual,Sí,Cliente solicitó revisión urgente,Encargado de Servicio Técnico,COT-2024-0300,INF-2024-0300,PEN,283.68
2024,Recepción,2024-08-28,2024-09-02,5,Fisioterapia San Rafael,Consultorio independiente,Chosica,Administración,996977837,fisioterapia15@gmail.com,"Av. Las Flores 1400, Chosica",Camilla de Tracción,Everyway,ET-800,EVE-1687,N/A,Mantenimiento general,Mantenimiento preventivo general,No,"Cliente rechazó cambio de placa, se optó por reparación",Coordinador Técnico,COT-2024-0028,INF-2024-0028,PEN,124.63
2024,Recepción,2024-08-30,2024-09-01,2,Lic. Jorge Injante Terapia Física,Consultorio independiente,San Isidro,Coordinación,945935572,licjorgeinja19@gmail.com,"Av. Las Torres 1970, San Isidro",Electroterapia,Emme,Therapic 9400,EMM-6538,Electrodos,Electrodos desgastados,Cambio de electrodos + Mantenimiento preventivo anual,Sí,Sin observaciones adicionales,Encargado de Servicio Técnico,COT-2024-0281,INF-2024-0281,PEN,140.0
2024,Visita,2024-08-31,2024-09-11,11,Corporación de Servicios Médicos del Sur,Clínica,Chosica,Administración,966722344,corporaciónd6@hotmail.com,"Av. El Sol 418, Chosica",Electroterapia,Emme,Therapic 9400,EMM-1791,Cable de electrodos,Falso contacto en cable de electrodos,Cambio de cable de electrodos + Mantenimiento preventivo anual,Sí,"Cliente rechazó cambio de placa, se optó por reparación",Encargado de Servicio Técnico,COT-2024-0311,INF-2024-0311,PEN,233.51
2024,Recepción,2024-09-01,2024-09-08,7,Universidad Nacional del Centro,Institución,San Isidro,Coordinación,947308985,universidadn13@hotmail.com,"Av. La Marina 1808, San Isidro",Laser baja potencia,Carsi,Lasermed 60mW,CAR-2144,Cánula láser,Falso contacto en cable de cánula láser,Cambio de cable de cánula láser + Mantenimiento preventivo anual,Sí,,Encargado de Servicio Técnico,COT-2024-0119,INF-2024-0119,PEN,655.11
2024,Visita,2024-09-03,2024-09-14,11,Parroquia Nuestra Señora de Chaclacayo,Institución,San Borja,Recepción,956164955,parroquianue8@outlook.com,"Av. El Sol 1752, San Borja",Dermatoscopios,Dermlitex,DL100,DER-3121,N/A,Falla en placa por caída,Reparación de placa por caída,No,"Equipo antiguo, se recomienda mantenimiento anual",Encargado de Servicio Técnico,COT-2024-0283,INF-2024-0283,PEN,379.69
2024,Recepción,2024-09-04,2024-09-15,11,Corporación de Servicios Médicos del Sur,Clínica,Chosica,Administración,966722344,corporaciónd6@hotmail.com,"Av. El Sol 418, Chosica",Dermatoscopios,Dermlitex,DL5,DER-8932,Lente,Mantenimiento por limpieza de lente,Limpieza y mantenimiento de lente,No,Se coordinó con el cliente por retraso de repuesto importado,Encargado de Servicio Técnico,COT-2024-0141,INF-2024-0141,PEN,107.66
2024,Recepción,2024-09-05,2024-09-08,3,Mefyre - Cuerpo de Emergencias,Institución,La Molina,Recepción,928728463,mefyrecuerpo1@outlook.com,"Av. Los Próceres 1485, La Molina",Compreseros Calientes,Nacional Perú,Compresero 6 unid.,NAC-1562,Termostato,Termostato dañado,Cambio de termostato + Mantenimiento preventivo anual,Sí,"Cliente rechazó cambio de placa, se optó por reparación",Coordinador Técnico,COT-2024-0133,INF-2024-0133,PEN,228.9
2024,Recepción,2024-09-05,2024-09-12,7,Centro de Rehabilitación Vitalis,Clínica,Jesús María,Coordinación,917507864,centrodereha18@gmail.com,"Av. Los Próceres 1748, Jesús María",Magnetoterapia,Emme,Magnetomed 8400,EMM-1271,Cable de aplicador,Falso contacto en cable de aplicador (bobina),Cambio de cable de aplicador + Mantenimiento preventivo anual,Sí,Sin observaciones adicionales,Encargado de Servicio Técnico,COT-2024-0245,INF-2024-0245,PEN,199.57
2024,Recepción,2024-09-06,2024-09-07,1,Lic. Mónica Torres Fisioterapia,Consultorio independiente,Los Olivos,Coordinación,942857966,licmónicator16@gmail.com,"Av. Central 877, Los Olivos",Magnetoterapia,Meditek,Magnetherp 330,MED-9232,Fusible,Fusible quemado,Cambio de fusibles + Mantenimiento preventivo anual,Sí,Se coordinó con el cliente por retraso de repuesto importado,Encargado de Servicio Técnico,COT-2024-0092,INF-2024-0092,PEN,137.57
2024,Visita,2024-09-07,2024-09-10,3,Patricia Gómez Vásquez EIRL,Consultorio independiente,Cercado de Lima,Administración,924942603,patriciagóme0@gmail.com,"Av. La Marina 663, Cercado de Lima",Laser baja potencia,Carsi,Lasermed 60mW,CAR-3755,Cánula láser,Falso contacto en cable de cánula láser,Cambio de cable de cánula láser + Mantenimiento preventivo anual,Sí,,Encargado de Servicio Técnico,COT-2024-0053,INF-2024-0053,PEN,211.73
2024,Recepción,2024-09-08,2024-09-09,1,Centro de Rehabilitación Vitalis,Clínica,Jesús María,Coordinación,917507864,centrodereha18@gmail.com,"Av. Los Próceres 1748, Jesús María",Magnetoterapia,Emme,Magnetomed 7200,EMM-8214,Cable de aplicador,Falso contacto en cable de aplicador (bobina),Cambio de cable de aplicador + Mantenimiento preventivo anual,Sí,"Cliente rechazó cambio de placa, se optó por reparación",Coordinador Técnico,COT-2024-0298,INF-2024-0298,PEN,158.44
2024,Recepción,2024-09-08,2024-09-09,1,Mefyre - Cuerpo de Emergencias,Institución,La Molina,Recepción,928728463,mefyrecuerpo1@outlook.com,"Av. Los Próceres 1485, La Molina",Laser baja potencia,Carsi,Lasermed 100mW,CAR-5018,Teclado membrana,Falla en teclado membrana,Cambio de teclado membrana,No,Se coordinó con el cliente por retraso de repuesto importado,Encargado de Servicio Técnico,COT-2024-0224,INF-2024-0224,PEN,200.48
2024,Visita,2024-09-08,2024-09-10,2,Mefyre - Cuerpo de Emergencias,Institución,La Molina,Recepción,928728463,mefyrecuerpo1@outlook.com,"Av. Los Próceres 1485, La Molina",Ultrasonido,Carsi,Sonomed IV,CAR-2841,Cable de aplicador US,Falso contacto en cable de aplicador,Cambio de cable de aplicador + Mantenimiento preventivo anual,Sí,Sin observaciones adicionales,Coordinador Técnico,COT-2024-0184,INF-2024-0184,PEN,311.67
2024,Recepción,2024-09-10,2024-09-21,11,Mefyre - Cuerpo de Emergencias,Institución,La Molina,Recepción,928728463,mefyrecuerpo1@outlook.com,"Av. Los Próceres 1485, La Molina",Laser baja potencia,Carsi,Lasermed 100mW,CAR-4205,N/A,Descalibración,Calibración de equipo + Mantenimiento preventivo anual,Sí,Se coordinó con el cliente por retraso de repuesto importado,Coordinador Técnico,COT-2024-0137,INF-2024-0137,PEN,262.31
2024,Recepción,2024-09-12,2024-09-13,1,Maribel Salud SAC,Clínica,San Miguel,Administración,966629388,maribelsalud2@gmail.com,"Av. Los Próceres 291, San Miguel",Laser baja potencia,Carsi,Lasermed 100mW,CAR-2999,Fusible,Fusible quemado,Cambio de fusibles,No,Sin observaciones adicionales,Encargado de Servicio Técnico,COT-2024-0140,INF-2024-0140,PEN,45.52
2024,Recepción,2024-09-12,2024-09-27,15,Corporación de Servicios Médicos del Sur,Clínica,Chosica,Administración,966722344,corporaciónd6@hotmail.com,"Av. El Sol 418, Chosica",Compreseros Calientes,Nacional Perú,Compresero 6 unid.,NAC-7889,N/A,Descalibración de temperatura,Calibración de temperatura,No,Sin observaciones adicionales,Encargado de Servicio Técnico,COT-2024-0262,INF-2024-0262,PEN,112.79
2024,Recepción,2024-09-12,2024-09-15,3,Patricia Gómez Vásquez EIRL,Consultorio independiente,Cercado de Lima,Administración,924942603,patriciagóme0@gmail.com,"Av. La Marina 663, Cercado de Lima",Magnetoterapia,Emme,Magnetomed 8400,EMM-1178,Teclado membrana,Falla en teclado membrana,Cambio de teclado membrana + Mantenimiento preventivo anual,Sí,Se coordinó con el cliente por retraso de repuesto importado,Encargado de Servicio Técnico,COT-2024-0233,INF-2024-0233,PEN,202.82
2024,Visita,2024-09-13,2024-09-26,13,Lic. Rosa Ibarra Terapia Física,Consultorio independiente,Jesús María,Encargado de compras,924716857,licrosaibarr24@gmail.com,"Av. La Marina 427, Jesús María",Dermatoscopios,Dermlitex,Lumio,DER-2456,Lente,Mantenimiento por limpieza de lente,Limpieza y mantenimiento de lente + Mantenimiento preventivo anual,Sí,Equipo con uso intensivo diario,Coordinador Técnico,COT-2024-0118,INF-2024-0118,PEN,139.44
2024,Recepción,2024-09-15,2024-09-19,4,Clínica Los Álamos SAC,Clínica,Magdalena,Coordinación,995899313,clínicalosál17@outlook.com,"Av. Las Flores 549, Magdalena",Ondas de Choque Radial,Ztorz Medikal,Masterpuls MP ONE,ZTO-6397,Aplicador,Aplicador superó límite de disparos,Cambio de aplicador por límite de disparos + Mantenimiento preventivo anual,Sí,Equipo con uso intensivo diario,Coordinador Técnico,COT-2024-0009,INF-2024-0009,PEN,3272.72
2024,Recepción,2024-09-15,2024-09-17,2,Parroquia Nuestra Señora de Chaclacayo,Institución,San Borja,Recepción,956164955,parroquianue8@outlook.com,"Av. El Sol 1752, San Borja",Magnetoterapia,Emme,Magnetomed 8400,EMM-7627,N/A,Descalibración,Calibración de equipo,No,,Practicante,COT-2024-0034,INF-2024-0034,PEN,152.77
2024,Recepción,2024-09-19,2024-09-21,2,Seguro Social de Salud,Institución (VIP),Chosica,Encargado de compras,971662963,segurosocial9@outlook.com,"Av. Los Próceres 1988, Chosica",Laser baja potencia,Carsi,Lasermed 60mW,CAR-3010,Cánula láser,Falso contacto en cable de cánula láser,Cambio de cable de cánula láser,No,Equipo con uso intensivo diario,Encargado de Servicio Técnico,COT-2024-0225,INF-2024-0225,PEN,1232.18
2024,Recepción,2024-09-19,2024-09-23,4,Clínica Primavera SAC,Clínica,Miraflores,Administración,989089901,clínicaprima5@hotmail.com,"Av. Los Próceres 1654, Miraflores",Dermatoscopios,Dermlitex,DL100,DER-2290,Lente,Mantenimiento por limpieza de lente,Limpieza y mantenimiento de lente + Mantenimiento preventivo anual,Sí,"Cliente rechazó cambio de placa, se optó por reparación",Encargado de Servicio Técnico,COT-2024-0223,INF-2024-0223,PEN,166.27
2024,Recepción,2024-09-20,2024-09-24,4,Patricia Gómez Vásquez EIRL,Consultorio independiente,Cercado de Lima,Administración,924942603,patriciagóme0@gmail.com,"Av. La Marina 663, Cercado de Lima",Electroterapia,Emme,Therapic 9400,EMM-7478,Cable de electrodos,Falso contacto en cable de electrodos,Cambio de cable de electrodos,No,"Equipo antiguo, se recomienda mantenimiento anual",Encargado de Servicio Técnico,COT-2024-0045,INF-2024-0045,PEN,101.49
2024,Recepción,2024-09-21,2024-09-28,7,Patricia Gómez Vásquez EIRL,Consultorio independiente,Cercado de Lima,Administración,924942603,patriciagóme0@gmail.com,"Av. La Marina 663, Cercado de Lima",Laser alta potencia,Emme,Bipower Lux,EMM-1070,N/A,Descalibración,Calibración de equipo,No,Equipo con uso intensivo diario,Encargado de Servicio Técnico,COT-2024-0057,INF-2024-0057,PEN,153.78
2024,Visita,2024-09-21,2024-09-25,4,Patricia Gómez Vásquez EIRL,Consultorio independiente,Cercado de Lima,Administración,924942603,patriciagóme0@gmail.com,"Av. La Marina 663, Cercado de Lima",Magnetoterapia,Meditek,Magnetherp 330,MED-9999,N/A,Falla en placa de control (reparable),Reparación de placa de control + Mantenimiento preventivo anual,Sí,"Equipo antiguo, se recomienda mantenimiento anual",Encargado de Servicio Técnico,COT-2024-0176,INF-2024-0176,PEN,410.96
2024,Recepción,2024-09-22,2024-09-27,5,Instituto Peruano del Deporte - Sede Sur,Institución,La Molina,Encargado de compras,997971488,institutoper20@hotmail.com,"Av. Central 1911, La Molina",Laser baja potencia,Carsi,Lasermed 60mW,CAR-6142,N/A,Falla en placa de potencia (reparable),Reparación de placa de potencia + Mantenimiento preventivo anual,Sí,Equipo con uso intensivo diario,Encargado de Servicio Técnico,COT-2024-0306,INF-2024-0306,PEN,879.61
2024,Recepción,2024-09-22,2024-09-23,1,Lic. Mónica Torres Fisioterapia,Consultorio independiente,Los Olivos,Coordinación,942857966,licmónicator16@gmail.com,"Av. Central 877, Los Olivos",Ultrasonido,Emme,Ultrasonic 1500,EMM-8462,Cable de aplicador US,Falso contacto en cable de aplicador,Cambio de cable de aplicador + Mantenimiento preventivo anual,Sí,Se coordinó con el cliente por retraso de repuesto importado,Encargado de Servicio Técnico,COT-2024-0116,INF-2024-0116,PEN,142.33
2024,Recepción,2024-09-23,2024-09-28,5,Mefyre - Cuerpo de Emergencias,Institución,La Molina,Recepción,928728463,mefyrecuerpo1@outlook.com,"Av. Los Próceres 1485, La Molina",Magnetoterapia,Storz Medikal,Magnetolith,STO-9245,Carcasa de bobina,Rotura de carcasa de bobina plana (orejas de correa),Cambio de carcasa de accesorio + Mantenimiento preventivo anual,Sí,Se coordinó con el cliente por retraso de repuesto importado,Encargado de Servicio Técnico,COT-2024-0249,INF-2024-0249,PEN,247.7
2024,Recepción,2024-09-23,2024-09-26,3,Lic. Mónica Torres Fisioterapia,Consultorio independiente,Los Olivos,Coordinación,942857966,licmónicator16@gmail.com,"Av. Central 877, Los Olivos",Dermatoscopios,Dermlitex,Lumio S,DER-6051,Botonera,Botones dañados,Cambio de botones,No,Sin observaciones adicionales,Encargado de Servicio Técnico,COT-2024-0100,INF-2024-0100,PEN,85.96
2024,Recepción,2024-09-23,2024-09-26,3,Patricia Gómez Vásquez EIRL,Consultorio independiente,Cercado de Lima,Administración,924942603,patriciagóme0@gmail.com,"Av. La Marina 663, Cercado de Lima",Ultrasonido,Carsi,Sonomed V,CAR-3307,Cable de aplicador US,Falso contacto en cable de aplicador,Cambio de cable de aplicador,No,,Encargado de Servicio Técnico,COT-2024-0200,INF-2024-0200,PEN,102.23
2024,Recepción,2024-09-23,2024-09-29,6,Seguro Social de Salud,Institución (VIP),Chosica,Encargado de compras,971662963,segurosocial9@outlook.com,"Av. Los Próceres 1988, Chosica",Laser baja potencia,Carsi,Lasermed 60mW,CAR-3687,Teclado membrana,Falla en teclado membrana,Cambio de teclado membrana + Mantenimiento preventivo anual,Sí,Sin observaciones adicionales,Coordinador Técnico,COT-2024-0148,INF-2024-0148,PEN,1876.22
2024,Recepción,2024-09-24,2024-10-09,15,Fisioterapia San Rafael,Consultorio independiente,Chosica,Administración,996977837,fisioterapia15@gmail.com,"Av. Las Flores 1400, Chosica",Laser baja potencia,Carsi,Lasermed 100mW,CAR-9723,Cánula láser,Falso contacto en cable de cánula láser,Cambio de cable de cánula láser,No,,Encargado de Servicio Técnico,COT-2024-0173,INF-2024-0173,PEN,159.68
2024,Recepción,2024-09-24,2024-10-05,11,Universidad Nacional del Centro,Institución,San Isidro,Coordinación,947308985,universidadn13@hotmail.com,"Av. La Marina 1808, San Isidro",Compreseros Calientes,Nacional Perú,Compresero 24 unid.,NAC-9115,N/A,Descalibración de temperatura,Calibración de temperatura + Mantenimiento preventivo anual,Sí,Cliente solicitó revisión urgente,Encargado de Servicio Técnico,COT-2024-0265,INF-2024-0265,PEN,464.56
2024,Recepción,2024-09-26,2024-09-27,1,Carlos Alberto Santos,Paciente / equipo propio,Chosica,Administración,997226012,carlosalbert4@outlook.com,"Av. Las Flores 959, Chosica",Ultrasonido,Carsi,Sonomed V,CAR-2746,Cable de poder,Falla en cable de poder,Cambio de cable de poder + Mantenimiento preventivo anual,Sí,Sin observaciones adicionales,Encargado de Servicio Técnico,COT-2024-0132,INF-2024-0132,PEN,113.2
2024,Visita,2024-09-28,2024-09-30,2,Lic. Mónica Torres Fisioterapia,Consultorio independiente,Los Olivos,Coordinación,942857966,licmónicator16@gmail.com,"Av. Central 877, Los Olivos",Magnetoterapia,Storz Medikal,Magnetolith,STO-7243,N/A,Descalibración,Calibración de equipo + Mantenimiento preventivo anual,Sí,Equipo con uso intensivo diario,Encargado de Servicio Técnico,COT-2024-0218,INF-2024-0218,PEN,150.81
2024,Visita,2024-09-29,2024-10-03,4,Fisioterapia San Rafael,Consultorio independiente,Chosica,Administración,996977837,fisioterapia15@gmail.com,"Av. Las Flores 1400, Chosica",Magnetoterapia,Storz Medikal,Magnetolith,STO-2998,Cable de aplicador,Falso contacto en cable de aplicador (bobina),Cambio de cable de aplicador + Mantenimiento preventivo anual,Sí,Sin observaciones adicionales,Practicante,COT-2024-0008,INF-2024-0008,PEN,173.2
2024,Recepción,2024-09-30,2024-10-04,4,Corporación de Servicios Médicos del Sur,Clínica,Chosica,Administración,966722344,corporaciónd6@hotmail.com,"Av. El Sol 418, Chosica",Electroterapia,Biomedikal,Biostim NMS,BIO-2683,Cable de electrodos,Falso contacto en cable de electrodos,Cambio de cable de electrodos,No,Equipo con uso intensivo diario,Encargado de Servicio Técnico,COT-2024-0238,INF-2024-0238,PEN,100.93
2024,Visita,2024-10-02,2024-10-14,12,Parroquia Nuestra Señora de Chaclacayo,Institución,San Borja,Recepción,956164955,parroquianue8@outlook.com,"Av. El Sol 1752, San Borja",Camilla de Tracción,Everyway,ET-800,EVE-4845,N/A,Descalibración de fuerza de tracción,Calibración de fuerza de tracción + Mantenimiento preventivo anual,Sí,Se coordinó con el cliente por retraso de repuesto importado,Encargado de Servicio Técnico,COT-2024-0319,INF-2024-0319,PEN,195.84
2024,Recepción,2024-10-02,2024-10-03,1,Parroquia Nuestra Señora de Chaclacayo,Institución,San Borja,Recepción,956164955,parroquianue8@outlook.com,"Av. El Sol 1752, San Borja",Ultrasonido,Carsi,Sonomed IV,CAR-4587,Cable de aplicador US,Falso contacto en cable de aplicador,Cambio de cable de aplicador + Mantenimiento preventivo anual,Sí,"Equipo antiguo, se recomienda mantenimiento anual",Encargado de Servicio Técnico,COT-2024-0075,INF-2024-0075,PEN,260.09
2024,Visita,2024-10-02,2024-10-14,12,Patricia Gómez Vásquez EIRL,Consultorio independiente,Cercado de Lima,Administración,924942603,patriciagóme0@gmail.com,"Av. La Marina 663, Cercado de Lima",Ultrasonido,Carsi,Sonomed V,CAR-1084,N/A,Descalibración,Calibración de equipo + Mantenimiento preventivo anual,Sí,Sin observaciones adicionales,Encargado de Servicio Técnico,COT-2024-0064,INF-2024-0064,PEN,170.4
2024,Recepción,2024-10-04,2024-10-07,3,NoPain Centro de Rehabilitación,Clínica,Comas,Recepción,955176955,nopaincentro7@gmail.com,"Av. Los Próceres 878, Comas",Magnetoterapia,Meditek,Magnetherp 330 NG,MED-1036,Cable de poder,Falla en cable de poder,Cambio de cable de poder + Mantenimiento preventivo anual,Sí,Se coordinó con el cliente por retraso de repuesto importado,Encargado de Servicio Técnico,COT-2024-0158,INF-2024-0158,PEN,170.36
2024,Visita,2024-10-05,2024-10-11,6,Centro Médico El Progreso,Clínica,San Miguel,Encargado de compras,918526544,centromédico25@hotmail.com,"Av. Central 1320, San Miguel",Ondas de Choque Radial,Ztorz Medikal,Masterpuls MP ONE,ZTO-8208,Aplicador,Aplicador superó límite de disparos,Cambio de aplicador por límite de disparos + Mantenimiento preventivo anual,Sí,Equipo con uso intensivo diario,Encargado de Servicio Técnico,COT-2024-0005,INF-2024-0005,PEN,3115.69
2024,Recepción,2024-10-05,2024-10-07,2,Lic. Rosa Ibarra Terapia Física,Consultorio independiente,Jesús María,Encargado de compras,924716857,licrosaibarr24@gmail.com,"Av. La Marina 427, Jesús María",Magnetoterapia,Storz Medikal,Magnetolith,STO-8838,Teclado membrana,Falla en teclado membrana,Cambio de teclado membrana,No,,Encargado de Servicio Técnico,COT-2024-0187,INF-2024-0187,PEN,143.11
2024,Recepción,2024-10-07,2024-10-10,3,Alfa y Omega Rehabilitación,Clínica,La Molina,Administración,977827638,alfayomegare3@outlook.com,"Av. Los Próceres 1249, La Molina",Electroterapia,Biomedikal,Biostim NMS,BIO-1110,N/A,Falla en placa de control por caída (equipo portátil),Reparación de placa de control,No,"Equipo antiguo, se recomienda mantenimiento anual",Coordinador Técnico,COT-2024-0074,INF-2024-0074,PEN,333.08
2024,Recepción,2024-10-08,2024-10-17,9,Patricia Gómez Vásquez EIRL,Consultorio independiente,Cercado de Lima,Administración,924942603,patriciagóme0@gmail.com,"Av. La Marina 663, Cercado de Lima",Compresero Frío,Nacional Perú,Compresero frío 12 unid.,NAC-8805,N/A,Mantenimiento preventivo (sin falla registrada),Mantenimiento preventivo general,No,"Equipo antiguo, se recomienda mantenimiento anual",Encargado de Servicio Técnico,COT-2024-0274,INF-2024-0274,PEN,70.18
2024,Recepción,2024-10-11,2024-10-12,1,Maribel Salud SAC,Clínica,San Miguel,Administración,966629388,maribelsalud2@gmail.com,"Av. Los Próceres 291, San Miguel",Ultrasonido,Emme,Ultrasonic 1300,EMM-8334,Cable de aplicador US,Falso contacto en cable de aplicador,Cambio de cable de aplicador,No,Sin observaciones adicionales,Encargado de Servicio Técnico,COT-2024-0323,INF-2024-0323,PEN,158.72
2024,Recepción,2024-10-12,2024-10-13,1,Corporación de Servicios Médicos del Sur,Clínica,Chosica,Administración,966722344,corporaciónd6@hotmail.com,"Av. El Sol 418, Chosica",Laser baja potencia,Carsi,Lasermed 60mW,CAR-5959,Cánula láser,Falso contacto en cable de cánula láser,Cambio de cable de cánula láser + Mantenimiento preventivo anual,Sí,"Equipo antiguo, se recomienda mantenimiento anual",Encargado de Servicio Técnico,COT-2024-0288,INF-2024-0288,PEN,320.27
2024,Recepción,2024-10-12,2024-10-13,1,Universidad Nacional del Centro,Institución,San Isidro,Coordinación,947308985,universidadn13@hotmail.com,"Av. La Marina 1808, San Isidro",Dermatoscopios,Dermlitex,Lumio S,DER-2645,Lente,Mantenimiento por limpieza de lente,Limpieza y mantenimiento de lente + Mantenimiento preventivo anual,Sí,Se coordinó con el cliente por retraso de repuesto importado,Practicante,COT-2024-0126,INF-2024-0126,PEN,403.13
2024,Recepción,2024-10-13,2024-10-17,4,Federación Peruana de Voleibol,Institución (VIP),San Miguel,Administración,935808537,federaciónpe11@outlook.com,"Av. Los Próceres 193, San Miguel",Magnetoterapia,Storz Medikal,Magnetolith,STO-1618,Carcasa de bobina,Rotura de carcasa de bobina plana (orejas de correa),Cambio de carcasa de accesorio + Mantenimiento preventivo anual,Sí,Equipo con uso intensivo diario,Encargado de Servicio Técnico,COT-2024-0097,INF-2024-0097,PEN,881.03
2024,Visita,2024-10-13,2024-10-16,3,Carlos Alberto Santos,Paciente / equipo propio,Chosica,Administración,997226012,carlosalbert4@outlook.com,"Av. Las Flores 959, Chosica",Laser baja potencia,Carsi,Lasermed 100mW,CAR-7697,N/A,Descalibración,Calibración de equipo + Mantenimiento preventivo anual,Sí,Equipo con uso intensivo diario,Encargado de Servicio Técnico,COT-2024-0114,INF-2024-0114,PEN,148.45
2024,Recepción,2024-10-13,2024-10-18,5,Trauma Médika EIRL,Clínica (VIP),Comas,Recepción,948840994,traumamédika12@gmail.com,"Av. Las Torres 1874, Comas",Ultrasonido,Carsi,Sonomed IV,CAR-8159,N/A,Descalibración,Calibración de equipo + Mantenimiento preventivo anual,Sí,,Practicante,COT-2024-0130,INF-2024-0130,USD,953.74
2024,Recepción,2024-10-14,2024-10-20,6,Lic. Jorge Injante Terapia Física,Consultorio independiente,San Isidro,Coordinación,945935572,licjorgeinja19@gmail.com,"Av. Las Torres 1970, San Isidro",Laser alta potencia,Emme,Bipower Lux SP,EMM-1613,N/A,Caso particular de fábrica,Reparación según diagnóstico particular + Mantenimiento preventivo anual,Sí,,Encargado de Servicio Técnico,COT-2024-0275,INF-2024-0275,PEN,375.58
2024,Recepción,2024-10-14,2024-10-22,8,Mefyre - Cuerpo de Emergencias,Institución,La Molina,Recepción,928728463,mefyrecuerpo1@outlook.com,"Av. Los Próceres 1485, La Molina",Ultrasonido,Emme,Ultrasonic 1500,EMM-4585,N/A,Falla en placa de control (reparable),Reparación de placa de control,No,Equipo con uso intensivo diario,Encargado de Servicio Técnico,COT-2024-0259,INF-2024-0259,PEN,425.57
2024,Recepción,2024-10-15,2024-10-27,12,Clínica Primavera SAC,Clínica,Miraflores,Administración,989089901,clínicaprima5@hotmail.com,"Av. Los Próceres 1654, Miraflores",Magnetoterapia,Storz Medikal,Magnetolith,STO-3091,N/A,Descalibración,Calibración de equipo + Mantenimiento preventivo anual,Sí,"Equipo antiguo, se recomienda mantenimiento anual",Encargado de Servicio Técnico,COT-2024-0070,INF-2024-0070,PEN,186.85
2024,Recepción,2024-10-15,2024-10-22,7,Instituto Peruano del Deporte - Sede Sur,Institución,La Molina,Encargado de compras,997971488,institutoper20@hotmail.com,"Av. Central 1911, La Molina",Laser baja potencia,Carsi,Lasermed 100mW,CAR-4975,N/A,Descalibración,Calibración de equipo + Mantenimiento preventivo anual,Sí,Cliente solicitó revisión urgente,Practicante,COT-2024-0020,INF-2024-0020,PEN,626.29
2024,Recepción,2024-10-16,2024-10-23,7,Corporación de Servicios Médicos del Sur,Clínica,Chosica,Administración,966722344,corporaciónd6@hotmail.com,"Av. El Sol 418, Chosica",Electroterapia,Emme,Therapic 9200,EMM-9722,Teclado,Falla en teclado / perillas,Cambio de teclado o perillas + Mantenimiento preventivo anual,Sí,Se coordinó con el cliente por retraso de repuesto importado,Coordinador Técnico,COT-2024-0155,INF-2024-0155,PEN,260.84
2024,Recepción,2024-10-16,2024-10-21,5,Clínica Primavera SAC,Clínica,Miraflores,Administración,989089901,clínicaprima5@hotmail.com,"Av. Los Próceres 1654, Miraflores",Magnetoterapia,Meditek,Magnetherp 200,MED-5907,Cable de aplicador,Falso contacto en cable de aplicador (bobina),Cambio de cable de aplicador,No,Sin observaciones adicionales,Coordinador Técnico,COT-2024-0193,INF-2024-0193,PEN,189.23
2024,Recepción,2024-10-16,2024-10-17,1,Instituto Peruano del Deporte - Sede Sur,Institución,La Molina,Encargado de compras,997971488,institutoper20@hotmail.com,"Av. Central 1911, La Molina",Dermatoscopios,Dermlitex,Lumio S,DER-3175,Lente,Mantenimiento por limpieza de lente,Limpieza y mantenimiento de lente,No,,Coordinador Técnico,COT-2024-0044,INF-2024-0044,PEN,242.15
2024,Recepción,2024-10-17,2024-10-23,6,Mefyre - Cuerpo de Emergencias,Institución,La Molina,Recepción,928728463,mefyrecuerpo1@outlook.com,"Av. Los Próceres 1485, La Molina",Compreseros Calientes,Nacional Perú,Compresero 12 unid.,NAC-3120,Cable de poder,Falla en cable de poder,Cambio de cable de poder,No,Se coordinó con el cliente por retraso de repuesto importado,Encargado de Servicio Técnico,COT-2024-0273,INF-2024-0273,PEN,134.28
2024,Recepción,2024-10-17,2024-10-20,3,Fisiosalud Andina SAC,Clínica,La Molina,Recepción,928566572,fisiosaludan23@outlook.com,"Av. Central 286, La Molina",Magnetoterapia,Emme,Magnetomed 7200,EMM-8761,Cable de aplicador,Falso contacto en cable de aplicador (bobina),Cambio de cable de aplicador,No,"Cliente rechazó cambio de placa, se optó por reparación",Coordinador Técnico,COT-2024-0278,INF-2024-0278,PEN,143.59
2024,Visita,2024-10-17,2024-10-21,4,Corporación de Servicios Médicos del Sur,Clínica,Chosica,Administración,966722344,corporaciónd6@hotmail.com,"Av. El Sol 418, Chosica",Dermatoscopios,Dermlitex,DL4,DER-4520,Botonera,Botones dañados,Cambio de botones,No,Sin observaciones adicionales,Coordinador Técnico,COT-2024-0302,INF-2024-0302,PEN,132.68
2024,Recepción,2024-10-17,2024-10-18,1,Centro Médico El Progreso,Clínica,San Miguel,Encargado de compras,918526544,centromédico25@hotmail.com,"Av. Central 1320, San Miguel",Ultrasonido,Carsi,Sonomed V,CAR-4748,Teclado membrana,Falla en teclado membrana,Cambio de teclado membrana + Mantenimiento preventivo anual,Sí,"Equipo antiguo, se recomienda mantenimiento anual",Encargado de Servicio Técnico,COT-2024-0153,INF-2024-0153,PEN,315.92
2024,Recepción,2024-10-19,2024-10-23,4,Centro de Rehabilitación Vitalis,Clínica,Jesús María,Coordinación,917507864,centrodereha18@gmail.com,"Av. Los Próceres 1748, Jesús María",Compresero Frío,Nacional Perú,Compresero frío 12 unid.,NAC-6060,N/A,Mantenimiento preventivo (sin falla registrada),Mantenimiento preventivo general,No,"Cliente rechazó cambio de placa, se optó por reparación",Coordinador Técnico,COT-2024-0046,INF-2024-0046,PEN,117.37
2024,Visita,2024-10-19,2024-10-21,2,Universidad Nacional del Centro,Institución,San Isidro,Coordinación,947308985,universidadn13@hotmail.com,"Av. La Marina 1808, San Isidro",Electroterapia,Emme,Therapic 9400,EMM-2372,N/A,Falla en placa de control por caída (equipo portátil),Reparación de placa de control,No,Cliente solicitó revisión urgente,Practicante,COT-2024-0310,INF-2024-0310,PEN,1049.81
2024,Recepción,2024-10-19,2024-10-21,2,Instituto Peruano del Deporte - Sede Sur,Institución,La Molina,Encargado de compras,997971488,institutoper20@hotmail.com,"Av. Central 1911, La Molina",Dermatoscopios,Dermlitex,Lumio,DER-5806,Lente,Mantenimiento por limpieza de lente,Limpieza y mantenimiento de lente + Mantenimiento preventivo anual,Sí,Equipo con uso intensivo diario,Encargado de Servicio Técnico,COT-2024-0263,INF-2024-0263,PEN,348.41
2024,Recepción,2024-10-22,2024-10-27,5,Mefyre - Cuerpo de Emergencias,Institución,La Molina,Recepción,928728463,mefyrecuerpo1@outlook.com,"Av. Los Próceres 1485, La Molina",Dermatoscopios,Dermlitex,Lumio S,DER-1478,Botonera,Botones dañados,Cambio de botones + Mantenimiento preventivo anual,Sí,Cliente solicitó revisión urgente,Practicante,COT-2024-0128,INF-2024-0128,PEN,192.32
2024,Recepción,2024-10-22,2024-10-25,3,Federación Peruana de Voleibol,Institución (VIP),San Miguel,Administración,935808537,federaciónpe11@outlook.com,"Av. Los Próceres 193, San Miguel",Ultrasonido,Emme,Ultrasonic 1300,EMM-1866,N/A,Descalibración,Calibración de equipo + Mantenimiento preventivo anual,Sí,Se coordinó con el cliente por retraso de repuesto importado,Coordinador Técnico,COT-2024-0152,INF-2024-0152,PEN,840.07
2024,Visita,2024-10-26,2024-10-29,3,Universidad Nacional del Centro,Institución,San Isidro,Coordinación,947308985,universidadn13@hotmail.com,"Av. La Marina 1808, San Isidro",Laser baja potencia,Carsi,Lasermed 100mW,CAR-4394,Cable de poder,Falla en cable de poder,Cambio de cable de poder,No,"Equipo antiguo, se recomienda mantenimiento anual",Encargado de Servicio Técnico,COT-2024-0024,INF-2024-0024,PEN,295.93
2024,Recepción,2024-10-27,2024-10-28,1,Clínica Primavera SAC,Clínica,Miraflores,Administración,989089901,clínicaprima5@hotmail.com,"Av. Los Próceres 1654, Miraflores",Compresero Frío,Nacional Perú,Compresero frío 12 unid.,NAC-7275,N/A,Mantenimiento preventivo (sin falla registrada),Mantenimiento preventivo general,No,Sin observaciones adicionales,Encargado de Servicio Técnico,COT-2024-0231,INF-2024-0231,PEN,105.5
2024,Visita,2024-10-29,2024-11-08,10,Alfa y Omega Rehabilitación,Clínica,La Molina,Administración,977827638,alfayomegare3@outlook.com,"Av. Los Próceres 1249, La Molina",Magnetoterapia,Emme,Magnetomed 8400,EMM-7370,Teclado membrana,Falla en teclado membrana,Cambio de teclado membrana,No,Cliente solicitó revisión urgente,Coordinador Técnico,COT-2024-0163,INF-2024-0163,PEN,196.18
2024,Recepción,2024-10-30,2024-11-06,7,Alfa y Omega Rehabilitación,Clínica,La Molina,Administración,977827638,alfayomegare3@outlook.com,"Av. Los Próceres 1249, La Molina",Ultrasonido,Carsi,Sonomed IV,CAR-2194,Cable de aplicador US,Falso contacto en cable de aplicador,Cambio de cable de aplicador,No,,Encargado de Servicio Técnico,COT-2024-0282,INF-2024-0282,PEN,184.85
2024,Recepción,2024-10-30,2024-11-01,2,Patricia Gómez Vásquez EIRL,Consultorio independiente,Cercado de Lima,Administración,924942603,patriciagóme0@gmail.com,"Av. La Marina 663, Cercado de Lima",Magnetoterapia,Meditek,Magnetherp 440,MED-6508,Carcasa de bobina,Rotura de carcasa de bobina plana (orejas de correa),Cambio de carcasa de accesorio,No,,Encargado de Servicio Técnico,COT-2024-0292,INF-2024-0292,PEN,73.87
2024,Recepción,2024-10-31,2024-11-04,4,Maribel Salud SAC,Clínica,San Miguel,Administración,966629388,maribelsalud2@gmail.com,"Av. Los Próceres 291, San Miguel",Electroterapia,Biomedikal,Quadstar II,BIO-3199,Cable de electrodos,Falso contacto en cable de electrodos,Cambio de cable de electrodos,No,"Equipo antiguo, se recomienda mantenimiento anual",Practicante,COT-2024-0107,INF-2024-0107,PEN,116.94
2024,Recepción,2024-10-31,2024-11-05,5,Corporación de Servicios Médicos del Sur,Clínica,Chosica,Administración,966722344,corporaciónd6@hotmail.com,"Av. El Sol 418, Chosica",Magnetoterapia,Emme,Magnetomed 7200,EMM-1770,Cable de aplicador,Falso contacto en cable de aplicador (bobina),Cambio de cable de aplicador + Mantenimiento preventivo anual,Sí,Equipo con uso intensivo diario,Encargado de Servicio Técnico,COT-2024-0025,INF-2024-0025,PEN,297.47
2024,Recepción,2024-10-31,2024-11-01,1,Clínica Los Álamos SAC,Clínica,Magdalena,Coordinación,995899313,clínicalosál17@outlook.com,"Av. Las Flores 549, Magdalena",Electroterapia,Emme,Therapic 9200,EMM-6105,Cable de electrodos,Falso contacto en cable de electrodos,Cambio de cable de electrodos + Mantenimiento preventivo anual,Sí,Cliente solicitó revisión urgente,Coordinador Técnico,COT-2024-0230,INF-2024-0230,PEN,220.37
2024,Recepción,2024-11-03,2024-11-12,9,NoPain Centro de Rehabilitación,Clínica,Comas,Recepción,955176955,nopaincentro7@gmail.com,"Av. Los Próceres 878, Comas",Ultrasonido,Emme,Ultrasonic 1500,EMM-2753,N/A,Descalibración,Calibración de equipo,No,"Equipo antiguo, se recomienda mantenimiento anual",Coordinador Técnico,COT-2024-0264,INF-2024-0264,PEN,94.92
2024,Visita,2024-11-06,2024-11-10,4,Instituto Peruano del Deporte - Sede Sur,Institución,La Molina,Encargado de compras,997971488,institutoper20@hotmail.com,"Av. Central 1911, La Molina",Magnetoterapia,Storz Medikal,Magnetolith,STO-1515,Cable de aplicador,Falso contacto en cable de aplicador (bobina),Cambio de cable de aplicador + Mantenimiento preventivo anual,Sí,Equipo con uso intensivo diario,Coordinador Técnico,COT-2024-0227,INF-2024-0227,PEN,550.15
2024,Recepción,2024-11-08,2024-11-15,7,Seguro Social de Salud,Institución (VIP),Chosica,Encargado de compras,971662963,segurosocial9@outlook.com,"Av. Los Próceres 1988, Chosica",Magnetoterapia,Emme,Magnetomed 8400,EMM-6947,Cable de aplicador,Falso contacto en cable de aplicador (bobina),Cambio de cable de aplicador,No,Equipo con uso intensivo diario,Encargado de Servicio Técnico,COT-2024-0060,INF-2024-0060,PEN,768.67
2024,Recepción,2024-11-10,2024-11-14,4,Maribel Salud SAC,Clínica,San Miguel,Administración,966629388,maribelsalud2@gmail.com,"Av. Los Próceres 291, San Miguel",Electroterapia,Biomedikal,Quadstar II,BIO-1982,N/A,Descalibración,Calibración de equipo + Mantenimiento preventivo anual,Sí,,Encargado de Servicio Técnico,COT-2024-0036,INF-2024-0036,PEN,262.68
2024,Recepción,2024-11-10,2024-11-16,6,Mefyre - Cuerpo de Emergencias,Institución,La Molina,Recepción,928728463,mefyrecuerpo1@outlook.com,"Av. Los Próceres 1485, La Molina",Magnetoterapia,Storz Medikal,Magnetolith,STO-2145,N/A,Falla en placa de control (reparable),Reparación de placa de control,No,"Equipo antiguo, se recomienda mantenimiento anual",Coordinador Técnico,COT-2024-0055,INF-2024-0055,PEN,263.65
2024,Recepción,2024-11-10,2024-11-12,2,Corporación de Servicios Médicos del Sur,Clínica,Chosica,Administración,966722344,corporaciónd6@hotmail.com,"Av. El Sol 418, Chosica",Compresero Frío,Nacional Perú,Compresero frío 6 unid.,NAC-1985,N/A,Mantenimiento preventivo (sin falla registrada),Mantenimiento preventivo general,No,Sin observaciones adicionales,Encargado de Servicio Técnico,COT-2024-0054,INF-2024-0054,PEN,132.24
2024,Visita,2024-11-11,2024-11-14,3,Corporación de Servicios Médicos del Sur,Clínica,Chosica,Administración,966722344,corporaciónd6@hotmail.com,"Av. El Sol 418, Chosica",Magnetoterapia,Storz Medikal,Magnetolith,STO-9875,N/A,Descalibración,Calibración de equipo + Mantenimiento preventivo anual,Sí,Sin observaciones adicionales,Encargado de Servicio Técnico,COT-2024-0102,INF-2024-0102,PEN,227.58
2024,Recepción,2024-11-11,2024-11-12,1,Corporación de Servicios Médicos del Sur,Clínica,Chosica,Administración,966722344,corporaciónd6@hotmail.com,"Av. El Sol 418, Chosica",Magnetoterapia,Storz Medikal,Magnetolith,STO-2977,Cable de aplicador,Falso contacto en cable de aplicador (bobina),Cambio de cable de aplicador,No,"Cliente rechazó cambio de placa, se optó por reparación",Encargado de Servicio Técnico,COT-2024-0026,INF-2024-0026,PEN,151.67
2024,Recepción,2024-11-11,2024-11-20,9,Patricia Gómez Vásquez EIRL,Consultorio independiente,Cercado de Lima,Administración,924942603,patriciagóme0@gmail.com,"Av. La Marina 663, Cercado de Lima",Ultrasonido,Carsi,Sonomed IV,CAR-9940,Teclado membrana,Falla en teclado membrana,Cambio de teclado membrana,No,"Equipo antiguo, se recomienda mantenimiento anual",Coordinador Técnico,COT-2024-0252,INF-2024-0252,PEN,181.56
2024,Recepción,2024-11-12,2024-11-16,4,Maribel Salud SAC,Clínica,San Miguel,Administración,966629388,maribelsalud2@gmail.com,"Av. Los Próceres 291, San Miguel",Ultrasonido,Carsi,Sonomed V,CAR-9179,Cable de aplicador US,Falso contacto en cable de aplicador,Cambio de cable de aplicador,No,Se coordinó con el cliente por retraso de repuesto importado,Encargado de Servicio Técnico,COT-2024-0186,INF-2024-0186,PEN,184.54
2024,Recepción,2024-11-16,2024-11-26,10,Corporación de Servicios Médicos del Sur,Clínica,Chosica,Administración,966722344,corporaciónd6@hotmail.com,"Av. El Sol 418, Chosica",Electroterapia,Biomedikal,Biostim NMS,BIO-1963,Fusible,Fusible quemado,Cambio de fusibles,No,,Practicante,COT-2024-0134,INF-2024-0134,PEN,64.57
2024,Recepción,2024-11-20,2024-11-25,5,Policlínico San Judas,Clínica,Chosica,Coordinación,988461803,policlínicos22@hotmail.com,"Av. Las Flores 917, Chosica",Laser baja potencia,Carsi,Lasermed 100mW,CAR-1000,Teclado membrana,Falla en teclado membrana,Cambio de teclado membrana,No,Cliente solicitó revisión urgente,Encargado de Servicio Técnico,COT-2024-0266,INF-2024-0266,PEN,240.23
2024,Visita,2024-11-20,2024-11-27,7,Mefyre - Cuerpo de Emergencias,Institución,La Molina,Recepción,928728463,mefyrecuerpo1@outlook.com,"Av. Los Próceres 1485, La Molina",Electroterapia,Emme,Therapic 9200,EMM-2138,Cable de electrodos,Falso contacto en cable de electrodos,Cambio de cable de electrodos,No,Sin observaciones adicionales,Encargado de Servicio Técnico,COT-2024-0090,INF-2024-0090,PEN,133.98
2024,Recepción,2024-11-23,2024-11-27,4,Clínica Primavera SAC,Clínica,Miraflores,Administración,989089901,clínicaprima5@hotmail.com,"Av. Los Próceres 1654, Miraflores",Ultrasonido,Carsi,Sonomed V,CAR-7138,N/A,Falla en placa de control (reparable),Reparación de placa de control,No,,Encargado de Servicio Técnico,COT-2024-0219,INF-2024-0219,PEN,485.39
2024,Recepción,2024-11-24,2024-11-27,3,Maribel Salud SAC,Clínica,San Miguel,Administración,966629388,maribelsalud2@gmail.com,"Av. Los Próceres 291, San Miguel",Compreseros Calientes,Nacional Perú,Compresero 6 unid.,NAC-4479,N/A,Descalibración de temperatura,Calibración de temperatura + Mantenimiento preventivo anual,Sí,"Cliente rechazó cambio de placa, se optó por reparación",Practicante,COT-2024-0007,INF-2024-0007,PEN,172.78
2024,Visita,2024-11-24,2024-11-27,3,Patricia Gómez Vásquez EIRL,Consultorio independiente,Cercado de Lima,Administración,924942603,patriciagóme0@gmail.com,"Av. La Marina 663, Cercado de Lima",Dermatoscopios,Dermlitex,DL100,DER-2306,Botonera,Botones dañados,Cambio de botones + Mantenimiento preventivo anual,Sí,"Cliente rechazó cambio de placa, se optó por reparación",Encargado de Servicio Técnico,COT-2024-0237,INF-2024-0237,PEN,138.49
2024,Recepción,2024-11-27,2024-11-29,2,Fisiosalud Andina SAC,Clínica,La Molina,Recepción,928566572,fisiosaludan23@outlook.com,"Av. Central 286, La Molina",Compreseros Calientes,Nacional Perú,Compresero 12 unid.,NAC-8184,N/A,Descalibración de temperatura,Calibración de temperatura + Mantenimiento preventivo anual,Sí,,Practicante,COT-2024-0066,INF-2024-0066,PEN,189.9
2024,Recepción,2024-11-29,2024-12-09,10,Corporación de Servicios Médicos del Sur,Clínica,Chosica,Administración,966722344,corporaciónd6@hotmail.com,"Av. El Sol 418, Chosica",Laser baja potencia,Carsi,Lasermed 100mW,CAR-8417,Fusible,Fusible quemado,Cambio de fusibles + Mantenimiento preventivo anual,Sí,"Equipo antiguo, se recomienda mantenimiento anual",Encargado de Servicio Técnico,COT-2024-0056,INF-2024-0056,PEN,164.66
2024,Recepción,2024-11-30,2024-12-11,11,Patricia Gómez Vásquez EIRL,Consultorio independiente,Cercado de Lima,Administración,924942603,patriciagóme0@gmail.com,"Av. La Marina 663, Cercado de Lima",Compreseros Calientes,Nacional Perú,Compresero 12 unid.,NAC-3336,N/A,Descalibración de temperatura,Calibración de temperatura + Mantenimiento preventivo anual,Sí,Se coordinó con el cliente por retraso de repuesto importado,Encargado de Servicio Técnico,COT-2024-0181,INF-2024-0181,PEN,126.37
2024,Recepción,2024-12-01,2024-12-04,3,Instituto Peruano del Deporte - Sede Sur,Institución,La Molina,Encargado de compras,997971488,institutoper20@hotmail.com,"Av. Central 1911, La Molina",Ultrasonido,Carsi,Sonomed V,CAR-8698,N/A,Descalibración,Calibración de equipo,No,Se coordinó con el cliente por retraso de repuesto importado,Encargado de Servicio Técnico,COT-2024-0307,INF-2024-0307,PEN,256.69
2024,Recepción,2024-12-04,2024-12-06,2,Lic. Mónica Torres Fisioterapia,Consultorio independiente,Los Olivos,Coordinación,942857966,licmónicator16@gmail.com,"Av. Central 877, Los Olivos",Laser alta potencia,Emme,Vikate 8W,EMM-8283,N/A,Descalibración,Calibración de equipo,No,Equipo con uso intensivo diario,Practicante,COT-2024-0059,INF-2024-0059,PEN,102.39
2024,Recepción,2024-12-04,2024-12-21,17,Clínica Primavera SAC,Clínica,Miraflores,Administración,989089901,clínicaprima5@hotmail.com,"Av. Los Próceres 1654, Miraflores",Laser baja potencia,Carsi,Lasermed 100mW,CAR-5802,N/A,Falla en placa de control (reparable),Reparación de placa de control,No,Equipo con uso intensivo diario,Encargado de Servicio Técnico,COT-2024-0121,INF-2024-0121,PEN,510.51
2024,Recepción,2024-12-04,2024-12-18,14,NoPain Centro de Rehabilitación,Clínica,Comas,Recepción,955176955,nopaincentro7@gmail.com,"Av. Los Próceres 878, Comas",Magnetoterapia,Storz Medikal,Magnetolith,STO-4183,Cable de aplicador,Falso contacto en cable de aplicador (bobina),Cambio de cable de aplicador,No,,Coordinador Técnico,COT-2024-0328,INF-2024-0328,PEN,169.47
2024,Visita,2024-12-04,2024-12-05,1,Parroquia Nuestra Señora de Chaclacayo,Institución,San Borja,Recepción,956164955,parroquianue8@outlook.com,"Av. El Sol 1752, San Borja",Ultrasonido,Carsi,Sonomed IV,CAR-7470,Cable de aplicador US,Falso contacto en cable de aplicador,Cambio de cable de aplicador,No,Equipo con uso intensivo diario,Encargado de Servicio Técnico,COT-2024-0017,INF-2024-0017,PEN,136.85
2024,Visita,2024-12-04,2024-12-15,11,Corporación de Servicios Médicos del Sur,Clínica,Chosica,Administración,966722344,corporaciónd6@hotmail.com,"Av. El Sol 418, Chosica",Ultrasonido,Emme,Ultrasonic 1300,EMM-9060,Cable de aplicador US,Falso contacto en cable de aplicador,Cambio de cable de aplicador + Mantenimiento preventivo anual,Sí,Equipo con uso intensivo diario,Encargado de Servicio Técnico,COT-2024-0129,INF-2024-0129,PEN,295.22
2024,Recepción,2024-12-05,2024-12-09,4,Mefyre - Cuerpo de Emergencias,Institución,La Molina,Recepción,928728463,mefyrecuerpo1@outlook.com,"Av. Los Próceres 1485, La Molina",Laser baja potencia,Carsi,Lasermed 60mW,CAR-1341,Cánula láser,Falso contacto en cable de cánula láser,Cambio de cable de cánula láser + Mantenimiento preventivo anual,Sí,Cliente solicitó revisión urgente,Encargado de Servicio Técnico,COT-2024-0250,INF-2024-0250,PEN,315.81
2024,Recepción,2024-12-05,2024-12-06,1,Clínica Primavera SAC,Clínica,Miraflores,Administración,989089901,clínicaprima5@hotmail.com,"Av. Los Próceres 1654, Miraflores",Magnetoterapia,Meditek,Magnetherp 330 NG,MED-5963,N/A,Descalibración,Calibración de equipo,No,Sin observaciones adicionales,Coordinador Técnico,COT-2024-0272,INF-2024-0272,PEN,127.83
2024,Visita,2024-12-05,2024-12-08,3,Carlos Alberto Santos,Paciente / equipo propio,Chosica,Administración,997226012,carlosalbert4@outlook.com,"Av. Las Flores 959, Chosica",Laser baja potencia,Carsi,Lasermed 60mW,CAR-4120,Teclado membrana,Falla en teclado membrana,Cambio de teclado membrana + Mantenimiento preventivo anual,Sí,Cliente solicitó revisión urgente,Encargado de Servicio Técnico,COT-2024-0170,INF-2024-0170,PEN,211.88
2024,Recepción,2024-12-06,2024-12-09,3,Patricia Gómez Vásquez EIRL,Consultorio independiente,Cercado de Lima,Administración,924942603,patriciagóme0@gmail.com,"Av. La Marina 663, Cercado de Lima",Laser baja potencia,Carsi,Lasermed 100mW,CAR-7388,N/A,Falla en placa de control (reparable),Reparación de placa de control,No,Equipo con uso intensivo diario,Encargado de Servicio Técnico,COT-2024-0050,INF-2024-0050,PEN,206.52
2024,Recepción,2024-12-07,2024-12-08,1,Lic. Rosa Ibarra Terapia Física,Consultorio independiente,Jesús María,Encargado de compras,924716857,licrosaibarr24@gmail.com,"Av. La Marina 427, Jesús María",Magnetoterapia,Meditek,Magnetherp 330,MED-9824,Cable de aplicador,Falso contacto en cable de aplicador (bobina),Cambio de cable de aplicador + Mantenimiento preventivo anual,Sí,Cliente solicitó revisión urgente,Encargado de Servicio Técnico,COT-2024-0019,INF-2024-0019,PEN,158.51
2024,Recepción,2024-12-08,2024-12-10,2,Federación Peruana de Voleibol,Institución (VIP),San Miguel,Administración,935808537,federaciónpe11@outlook.com,"Av. Los Próceres 193, San Miguel",Electroterapia,Biomedikal,Quadstar II,BIO-1846,Cable de electrodos,Falso contacto en cable de electrodos,Cambio de cable de electrodos + Mantenimiento preventivo anual,Sí,"Equipo antiguo, se recomienda mantenimiento anual",Encargado de Servicio Técnico,COT-2024-0167,INF-2024-0167,PEN,898.73
2024,Recepción,2024-12-08,2024-12-14,6,Maribel Salud SAC,Clínica,San Miguel,Administración,966629388,maribelsalud2@gmail.com,"Av. Los Próceres 291, San Miguel",Magnetoterapia,Emme,Magnetomed 7200,EMM-4214,N/A,Descalibración,Calibración de equipo + Mantenimiento preventivo anual,Sí,"Cliente rechazó cambio de placa, se optó por reparación",Coordinador Técnico,COT-2024-0284,INF-2024-0284,PEN,148.92
2024,Visita,2024-12-09,2024-12-13,4,Trauma Médika EIRL,Clínica (VIP),Comas,Recepción,948840994,traumamédika12@gmail.com,"Av. Las Torres 1874, Comas",Magnetoterapia,Meditek,Magnetherp 200,MED-5822,Cable de aplicador,Falso contacto en cable de aplicador (bobina),Cambio de cable de aplicador + Mantenimiento preventivo anual,Sí,Sin observaciones adicionales,Encargado de Servicio Técnico,COT-2024-0229,INF-2024-0229,USD,716.78
2024,Recepción,2024-12-10,2024-12-19,9,Carlos Alberto Santos,Paciente / equipo propio,Chosica,Administración,997226012,carlosalbert4@outlook.com,"Av. Las Flores 959, Chosica",Electroterapia,Emme,Therapic 9400,EMM-1730,Fusible,Fusible quemado,Cambio de fusibles,No,"Equipo antiguo, se recomienda mantenimiento anual",Encargado de Servicio Técnico,COT-2024-0301,INF-2024-0301,PEN,48.66
2024,Recepción,2024-12-11,2024-12-15,4,Patricia Gómez Vásquez EIRL,Consultorio independiente,Cercado de Lima,Administración,924942603,patriciagóme0@gmail.com,"Av. La Marina 663, Cercado de Lima",Laser baja potencia,Carsi,Lasermed 100mW,CAR-5068,Teclado membrana,Falla en teclado membrana,Cambio de teclado membrana + Mantenimiento preventivo anual,Sí,,Encargado de Servicio Técnico,COT-2024-0108,INF-2024-0108,PEN,224.49
2024,Recepción,2024-12-12,2024-12-13,1,Mefyre - Cuerpo de Emergencias,Institución,La Molina,Recepción,928728463,mefyrecuerpo1@outlook.com,"Av. Los Próceres 1485, La Molina",Compreseros Calientes,Nacional Perú,Compresero 24 unid.,NAC-1976,N/A,Descalibración de temperatura,Calibración de temperatura + Mantenimiento preventivo anual,Sí,"Equipo antiguo, se recomienda mantenimiento anual",Practicante,COT-2024-0190,INF-2024-0190,PEN,236.54
2024,Recepción,2024-12-13,2024-12-22,9,Patricia Gómez Vásquez EIRL,Consultorio independiente,Cercado de Lima,Administración,924942603,patriciagóme0@gmail.com,"Av. La Marina 663, Cercado de Lima",Ultrasonido,Carsi,Sonomed V,CAR-3275,Fusible,Fusible quemado,Cambio de fusibles,No,Equipo con uso intensivo diario,Practicante,COT-2024-0124,INF-2024-0124,PEN,69.01
2024,Recepción,2024-12-13,2024-12-15,2,Seguro Social de Salud,Institución (VIP),Chosica,Encargado de compras,971662963,segurosocial9@outlook.com,"Av. Los Próceres 1988, Chosica",Magnetoterapia,Storz Medikal,Magnetolith,STO-2316,Cable de aplicador,Falso contacto en cable de aplicador (bobina),Cambio de cable de aplicador,No,"Cliente rechazó cambio de placa, se optó por reparación",Practicante,COT-2024-0117,INF-2024-0117,PEN,1108.37
2024,Recepción,2024-12-14,2024-12-19,5,NoPain Centro de Rehabilitación,Clínica,Comas,Recepción,955176955,nopaincentro7@gmail.com,"Av. Los Próceres 878, Comas",Compreseros Calientes,Nacional Perú,Compresero 12 unid.,NAC-1915,N/A,Descalibración de temperatura,Calibración de temperatura,No,Se coordinó con el cliente por retraso de repuesto importado,Coordinador Técnico,COT-2024-0191,INF-2024-0191,PEN,87.28
2024,Recepción,2024-12-14,2024-12-23,9,Carlos Alberto Santos,Paciente / equipo propio,Chosica,Administración,997226012,carlosalbert4@outlook.com,"Av. Las Flores 959, Chosica",Bicicleta Estacionaria,Ergolines,Ergoselect 150P,ERG-4917,N/A,Armado / instalación inicial,Armado e instalación + Mantenimiento preventivo anual,Sí,Cliente solicitó revisión urgente,Coordinador Técnico,COT-2024-0201,INF-2024-0201,PEN,156.46
2024,Visita,2024-12-15,2024-12-18,3,Trauma Médika EIRL,Clínica (VIP),Comas,Recepción,948840994,traumamédika12@gmail.com,"Av. Las Torres 1874, Comas",Magnetoterapia,Meditek,Magnetherp 330 NG,MED-1737,Teclado membrana,Falla en teclado membrana,Cambio de teclado membrana + Mantenimiento preventivo anual,Sí,Sin observaciones adicionales,Encargado de Servicio Técnico,COT-2024-0048,INF-2024-0048,USD,897.41
2024,Recepción,2024-12-15,2024-12-17,2,Federación Peruana de Voleibol,Institución (VIP),San Miguel,Administración,935808537,federaciónpe11@outlook.com,"Av. Los Próceres 193, San Miguel",Magnetoterapia,Emme,Magnetomed 7200,EMM-3866,N/A,Falla en placa de potencia (reparable),Reparación de placa de potencia,No,"Equipo antiguo, se recomienda mantenimiento anual",Practicante,COT-2024-0255,INF-2024-0255,PEN,2562.57
2024,Recepción,2024-12-15,2024-12-22,7,Clínica Los Álamos SAC,Clínica,Magdalena,Coordinación,995899313,clínicalosál17@outlook.com,"Av. Las Flores 549, Magdalena",Laser baja potencia,Carsi,Lasermed 60mW,CAR-8642,Cánula láser,Falso contacto en cable de cánula láser,Cambio de cable de cánula láser,No,Equipo con uso intensivo diario,Encargado de Servicio Técnico,COT-2024-0296,INF-2024-0296,PEN,160.9
2024,Recepción,2024-12-17,2024-12-18,1,Hospital Nacional Docente,Institución,San Juan de Lurigancho,Coordinación,959684848,hospitalnaci14@hotmail.com,"Av. Las Torres 1472, San Juan de Lurigancho",Electroterapia,Biomedikal,Quadstar II,BIO-2970,Teclado,Falla en teclado / perillas,Cambio de teclado o perillas + Mantenimiento preventivo anual,Sí,Se coordinó con el cliente por retraso de repuesto importado,Practicante,COT-2024-0047,INF-2024-0047,PEN,359.17
2024,Recepción,2024-12-17,2024-12-21,4,Mefyre - Cuerpo de Emergencias,Institución,La Molina,Recepción,928728463,mefyrecuerpo1@outlook.com,"Av. Los Próceres 1485, La Molina",Magnetoterapia,Storz Medikal,Magnetolith,STO-7560,N/A,Descalibración,Calibración de equipo + Mantenimiento preventivo anual,Sí,"Cliente rechazó cambio de placa, se optó por reparación",Coordinador Técnico,COT-2024-0195,INF-2024-0195,PEN,254.82
2024,Recepción,2024-12-17,2024-12-20,3,Patricia Gómez Vásquez EIRL,Consultorio independiente,Cercado de Lima,Administración,924942603,patriciagóme0@gmail.com,"Av. La Marina 663, Cercado de Lima",Electroterapia,Biomedikal,Quadstar II,BIO-3811,Electrodos,Electrodos desgastados,Cambio de electrodos,No,Sin observaciones adicionales,Practicante,COT-2024-0144,INF-2024-0144,PEN,64.72
2024,Recepción,2024-12-19,2024-12-25,6,Carlos Alberto Santos,Paciente / equipo propio,Chosica,Administración,997226012,carlosalbert4@outlook.com,"Av. Las Flores 959, Chosica",Dermatoscopios,Dermlitex,DL5,DER-4174,Lente,Mantenimiento por limpieza de lente,Limpieza y mantenimiento de lente,No,Se coordinó con el cliente por retraso de repuesto importado,Encargado de Servicio Técnico,COT-2024-0061,INF-2024-0061,PEN,54.01
2024,Recepción,2024-12-20,2024-12-26,6,Instituto Peruano del Deporte - Sede Sur,Institución,La Molina,Encargado de compras,997971488,institutoper20@hotmail.com,"Av. Central 1911, La Molina",Ultrasonido,Emme,Ultrasonic 1300,EMM-6283,Cable de aplicador US,Falso contacto en cable de aplicador,Cambio de cable de aplicador,No,,Encargado de Servicio Técnico,COT-2024-0260,INF-2024-0260,PEN,302.03
2024,Visita,2024-12-20,2024-12-31,11,Policlínico San Judas,Clínica,Chosica,Coordinación,988461803,policlínicos22@hotmail.com,"Av. Las Flores 917, Chosica",Ultrasonido,Carsi,Sonomed V,CAR-2071,Aplicador US,Desgaste de cristal piezoeléctrico de aplicador,Cambio de piezoeléctrico de aplicador,No,Equipo con uso intensivo diario,Practicante,COT-2024-0077,INF-2024-0077,PEN,338.7
2024,Recepción,2024-12-22,2025-01-02,11,Corporación de Servicios Médicos del Sur,Clínica,Chosica,Administración,966722344,corporaciónd6@hotmail.com,"Av. El Sol 418, Chosica",Compreseros Calientes,Nacional Perú,Compresero 12 unid.,NAC-9115,Resistencia,Resistencia dañada,Cambio de resistencia + Mantenimiento preventivo anual,Sí,"Cliente rechazó cambio de placa, se optó por reparación",Encargado de Servicio Técnico,COT-2024-0013,INF-2024-0013,PEN,211.35
2024,Recepción,2024-12-23,2024-12-26,3,Seguro Social de Salud,Institución (VIP),Chosica,Encargado de compras,971662963,segurosocial9@outlook.com,"Av. Los Próceres 1988, Chosica",Laser baja potencia,Carsi,Lasermed 100mW,CAR-7830,Fusible,Fusible quemado,Cambio de fusibles,No,,Encargado de Servicio Técnico,COT-2024-0040,INF-2024-0040,PEN,579.31
2024,Recepción,2024-12-23,2024-12-25,2,Carlos Alberto Santos,Paciente / equipo propio,Chosica,Administración,997226012,carlosalbert4@outlook.com,"Av. Las Flores 959, Chosica",Ultrasonido,Carsi,Sonomed IV,CAR-8240,Cable de poder,Falla en cable de poder,Cambio de cable de poder,No,Equipo con uso intensivo diario,Encargado de Servicio Técnico,COT-2024-0067,INF-2024-0067,PEN,50.73
2024,Visita,2024-12-24,2025-01-01,8,Maribel Salud SAC,Clínica,San Miguel,Administración,966629388,maribelsalud2@gmail.com,"Av. Los Próceres 291, San Miguel",Magnetoterapia,Storz Medikal,Magnetolith,STO-7032,Cable de aplicador,Falso contacto en cable de aplicador (bobina),Cambio de cable de aplicador + Mantenimiento preventivo anual,Sí,Se coordinó con el cliente por retraso de repuesto importado,Encargado de Servicio Técnico,COT-2024-0115,INF-2024-0115,PEN,219.94
2024,Recepción,2024-12-25,2024-12-27,2,Clínica Bienestar Total EIRL,Clínica,San Juan de Lurigancho,Coordinación,945551614,clínicabiene21@gmail.com,"Av. Las Torres 1625, San Juan de Lurigancho",Electroterapia,Emme,Therapic 9200,EMM-2056,Cable de electrodos,Falso contacto en cable de electrodos,Cambio de cable de electrodos,No,"Equipo antiguo, se recomienda mantenimiento anual",Encargado de Servicio Técnico,COT-2024-0207,INF-2024-0207,PEN,128.98
2024,Recepción,2024-12-25,2024-12-28,3,Universidad Nacional del Centro,Institución,San Isidro,Coordinación,947308985,universidadn13@hotmail.com,"Av. La Marina 1808, San Isidro",Compreseros Calientes,Nacional Perú,Compresero 24 unid.,NAC-3608,Fusible,Fusible quemado,Cambio de fusibles + Mantenimiento preventivo anual,Sí,Equipo con uso intensivo diario,Encargado de Servicio Técnico,COT-2024-0135,INF-2024-0135,PEN,296.4
2024,Recepción,2024-12-25,2025-01-12,18,Patricia Gómez Vásquez EIRL,Consultorio independiente,Cercado de Lima,Administración,924942603,patriciagóme0@gmail.com,"Av. La Marina 663, Cercado de Lima",Ultrasonido,Emme,Ultrasonic 1500,EMM-8944,N/A,Descalibración,Calibración de equipo + Mantenimiento preventivo anual,Sí,Equipo con uso intensivo diario,Encargado de Servicio Técnico,COT-2024-0326,INF-2024-0326,PEN,208.15
2024,Recepción,2024-12-28,2025-01-06,9,Mefyre - Cuerpo de Emergencias,Institución,La Molina,Recepción,928728463,mefyrecuerpo1@outlook.com,"Av. Los Próceres 1485, La Molina",Laser baja potencia,Carsi,Lasermed 60mW,CAR-5494,N/A,Descalibración,Calibración de equipo,No,Cliente solicitó revisión urgente,Encargado de Servicio Técnico,COT-2024-0062,INF-2024-0062,PEN,122.8
2024,Recepción,2024-12-28,2025-01-07,10,NoPain Centro de Rehabilitación,Clínica,Comas,Recepción,955176955,nopaincentro7@gmail.com,"Av. Los Próceres 878, Comas",Magnetoterapia,Emme,Magnetomed 8400,EMM-2706,N/A,Descalibración,Calibración de equipo,No,Se coordinó con el cliente por retraso de repuesto importado,Encargado de Servicio Técnico,COT-2024-0027,INF-2024-0027,PEN,152.11
2024,Recepción,2024-12-29,2025-01-07,9,Clínica Primavera SAC,Clínica,Miraflores,Administración,989089901,clínicaprima5@hotmail.com,"Av. Los Próceres 1654, Miraflores",Magnetoterapia,Storz Medikal,Magnetolith,STO-6927,Teclado membrana,Falla en teclado membrana,Cambio de teclado membrana + Mantenimiento preventivo anual,Sí,Equipo con uso intensivo diario,Coordinador Técnico,COT-2024-0031,INF-2024-0031,PEN,339.13
2024,Recepción,2024-12-30,2025-01-03,4,Federación Peruana de Voleibol,Institución (VIP),San Miguel,Administración,935808537,federaciónpe11@outlook.com,"Av. Los Próceres 193, San Miguel",Magnetoterapia,Storz Medikal,Magnetolith,STO-2584,N/A,Falla en placa de control (reparable),Reparación de placa de control + Mantenimiento preventivo anual,Sí,Equipo con uso intensivo diario,Encargado de Servicio Técnico,COT-2024-0065,INF-2024-0065,PEN,1697.92
2024,Recepción,2024-12-30,2024-12-31,1,Mefyre - Cuerpo de Emergencias,Institución,La Molina,Recepción,928728463,mefyrecuerpo1@outlook.com,"Av. Los Próceres 1485, La Molina",Dermatoscopios,Dermlitex,DL5,DER-3088,Botonera,Botones dañados,Cambio de botones,No,Sin observaciones adicionales,Encargado de Servicio Técnico,COT-2024-0308,INF-2024-0308,PEN,101.05
2024,Recepción,2024-12-30,2025-01-03,4,Patricia Gómez Vásquez EIRL,Consultorio independiente,Cercado de Lima,Administración,924942603,patriciagóme0@gmail.com,"Av. La Marina 663, Cercado de Lima",Compreseros Calientes,Nacional Perú,Compresero 24 unid.,NAC-4654,N/A,Descalibración de temperatura,Calibración de temperatura + Mantenimiento preventivo anual,Sí,Se coordinó con el cliente por retraso de repuesto importado,Encargado de Servicio Técnico,COT-2024-0073,INF-2024-0073,PEN,124.89
2024,Recepción,2024-12-30,2024-12-31,1,Patricia Gómez Vásquez EIRL,Consultorio independiente,Cercado de Lima,Administración,924942603,patriciagóme0@gmail.com,"Av. La Marina 663, Cercado de Lima",Magnetoterapia,Meditek,Magnetherp 330 NG,MED-3475,Cable de aplicador,Falso contacto en cable de aplicador (bobina),Cambio de cable de aplicador,No,Cliente solicitó revisión urgente,Encargado de Servicio Técnico,COT-2024-0185,INF-2024-0185,PEN,88.14
2024,Recepción,2024-12-31,2025-01-08,8,Centro de Rehabilitación Vitalis,Clínica,Jesús María,Coordinación,917507864,centrodereha18@gmail.com,"Av. Los Próceres 1748, Jesús María",Laser baja potencia,Carsi,Lasermed 60mW,CAR-2333,Cánula láser,Falso contacto en cable de cánula láser,Cambio de cable de cánula láser,No,,Encargado de Servicio Técnico,COT-2024-0079,INF-2024-0079,PEN,156.82
2024,Recepción,2024-12-31,2025-01-10,10,Alfa y Omega Rehabilitación,Clínica,La Molina,Administración,977827638,alfayomegare3@outlook.com,"Av. Los Próceres 1249, La Molina",Bicicleta Estacionaria,Ergolines,Ergoselect 200P,ERG-8733,N/A,Armado / instalación inicial,Armado e instalación + Mantenimiento preventivo anual,Sí,Se coordinó con el cliente por retraso de repuesto importado,Coordinador Técnico,COT-2024-0085,INF-2024-0085,PEN,293.35
2024,Recepción,2024-12-31,2025-01-17,17,Alfa y Omega Rehabilitación,Clínica,La Molina,Administración,977827638,alfayomegare3@outlook.com,"Av. Los Próceres 1249, La Molina",Electroterapia,Biomedikal,Impulse 3000T,BIO-6185,N/A,Falla en placa de control por caída (equipo portátil),Reparación de placa de control,No,Equipo con uso intensivo diario,Coordinador Técnico,COT-2024-0212,INF-2024-0212,PEN,423.28
2024,Recepción,2024-12-31,2025-01-01,1,Hospital Nacional Docente,Institución,San Juan de Lurigancho,Coordinación,959684848,hospitalnaci14@hotmail.com,"Av. Las Torres 1472, San Juan de Lurigancho",Ondas de Choque Radial,Ztorz Medikal,Masterpuls MP200,ZTO-3004,Aplicador,Aplicador superó límite de disparos,Cambio de aplicador por límite de disparos,No,"Cliente rechazó cambio de placa, se optó por reparación",Encargado de Servicio Técnico,COT-2024-0241,INF-2024-0241,PEN,6660.24
2025,Recepción,2025-01-04,2025-01-05,1,Corporación de Servicios Médicos del Sur,Clínica,Chosica,Administración,966722344,corporaciónd6@hotmail.com,"Av. El Sol 418, Chosica",Laser baja potencia,Carsi,Lasermed 100mW,CAR-3324,Cánula láser,Falso contacto en cable de cánula láser,Cambio de cable de cánula láser,No,"Equipo antiguo, se recomienda mantenimiento anual",Encargado de Servicio Técnico,COT-2025-0425,INF-2025-0425,PEN,135.17
2025,Recepción,2025-01-13,2025-01-19,6,NoPain Centro de Rehabilitación,Clínica,Comas,Recepción,955176955,nopaincentro7@gmail.com,"Av. Los Próceres 878, Comas",Laser baja potencia,Carsi,Lasermed 60mW,CAR-6350,Cánula láser,Falso contacto en cable de cánula láser,Cambio de cable de cánula láser + Mantenimiento preventivo anual,Sí,"Equipo antiguo, se recomienda mantenimiento anual",Encargado de Servicio Técnico,COT-2025-0260,INF-2025-0260,PEN,219.17
2025,Recepción,2025-01-16,2025-01-17,1,Clínica Los Álamos SAC,Clínica,Magdalena,Coordinación,995899313,clínicalosál17@outlook.com,"Av. Las Flores 549, Magdalena",Ultrasonido,Emme,Ultrasonic 1300,EMM-3387,N/A,Descalibración,Calibración de equipo + Mantenimiento preventivo anual,Sí,,Practicante,COT-2025-0362,INF-2025-0362,PEN,246.77
2025,Visita,2025-01-22,2025-01-24,2,Maribel Salud SAC,Clínica,San Miguel,Administración,966629388,maribelsalud2@gmail.com,"Av. Los Próceres 291, San Miguel",Magnetoterapia,Emme,Magnetomed 7200,EMM-7335,Fusible,Fusible quemado,Cambio de fusibles,No,Sin observaciones adicionales,Encargado de Servicio Técnico,COT-2025-0243,INF-2025-0243,PEN,58.88
2025,Recepción,2025-01-23,2025-01-29,6,Carlos Alberto Santos,Paciente / equipo propio,Chosica,Administración,997226012,carlosalbert4@outlook.com,"Av. Las Flores 959, Chosica",Ultrasonido,Carsi,Sonomed IV,CAR-9007,Cable de aplicador US,Falso contacto en cable de aplicador,Cambio de cable de aplicador,No,"Cliente rechazó cambio de placa, se optó por reparación",Encargado de Servicio Técnico,COT-2025-0003,INF-2025-0003,PEN,75.06
2025,Recepción,2025-01-24,2025-01-26,2,Mefyre - Cuerpo de Emergencias,Institución,La Molina,Recepción,928728463,mefyrecuerpo1@outlook.com,"Av. Los Próceres 1485, La Molina",Camilla de Tracción,Everyway,ET-800,EVE-3486,N/A,Mantenimiento general,Mantenimiento preventivo general,No,"Cliente rechazó cambio de placa, se optó por reparación",Encargado de Servicio Técnico,COT-2025-0105,INF-2025-0105,PEN,139.57
2025,Recepción,2025-01-28,2025-02-01,4,Maribel Salud SAC,Clínica,San Miguel,Administración,966629388,maribelsalud2@gmail.com,"Av. Los Próceres 291, San Miguel",Ultrasonido,Emme,Ultrasonic 1500,EMM-1339,Cable de aplicador US,Falso contacto en cable de aplicador,Cambio de cable de aplicador,No,"Cliente rechazó cambio de placa, se optó por reparación",Encargado de Servicio Técnico,COT-2025-0252,INF-2025-0252,PEN,108.55
2025,Recepción,2025-01-30,2025-02-05,6,Patricia Gómez Vásquez EIRL,Consultorio independiente,Cercado de Lima,Administración,924942603,patriciagóme0@gmail.com,"Av. La Marina 663, Cercado de Lima",Ultrasonido,Carsi,Sonomed IV,CAR-9034,Cable de poder,Falla en cable de poder,Cambio de cable de poder + Mantenimiento preventivo anual,Sí,Equipo con uso intensivo diario,Encargado de Servicio Técnico,COT-2025-0272,INF-2025-0272,PEN,130.92
2025,Recepción,2025-02-11,2025-02-24,13,Hospital Nacional Docente,Institución,San Juan de Lurigancho,Coordinación,959684848,hospitalnaci14@hotmail.com,"Av. Las Torres 1472, San Juan de Lurigancho",Ultrasonido,Emme,Ultrasonic 1500,EMM-7122,Aplicador US,Desgaste de cristal piezoeléctrico de aplicador,Cambio de piezoeléctrico de aplicador + Mantenimiento preventivo anual,Sí,Sin observaciones adicionales,Encargado de Servicio Técnico,COT-2025-0230,INF-2025-0230,PEN,710.24
2025,Recepción,2025-02-12,2025-02-18,6,Parroquia Nuestra Señora de Chaclacayo,Institución,San Borja,Recepción,956164955,parroquianue8@outlook.com,"Av. El Sol 1752, San Borja",Magnetoterapia,Storz Medikal,Magnetolith,STO-2062,Carcasa de bobina,Rotura de carcasa de bobina plana (orejas de correa),Cambio de carcasa de accesorio,No,,Encargado de Servicio Técnico,COT-2025-0354,INF-2025-0354,PEN,161.45
2025,Recepción,2025-02-13,2025-02-16,3,Trauma Médika EIRL,Clínica (VIP),Comas,Recepción,948840994,traumamédika12@gmail.com,"Av. Las Torres 1874, Comas",Ultrasonido,Carsi,Sonomed V,CAR-8209,Aplicador US,Desgaste de cristal piezoeléctrico de aplicador,Cambio de piezoeléctrico de aplicador,No,Sin observaciones adicionales,Encargado de Servicio Técnico,COT-2025-0059,INF-2025-0059,USD,1201.64
2025,Recepción,2025-02-14,2025-02-15,1,Alfa y Omega Rehabilitación,Clínica,La Molina,Administración,977827638,alfayomegare3@outlook.com,"Av. Los Próceres 1249, La Molina",Laser baja potencia,Carsi,Lasermed 60mW,CAR-8952,Teclado membrana,Falla en teclado membrana,Cambio de teclado membrana + Mantenimiento preventivo anual,Sí,Se coordinó con el cliente por retraso de repuesto importado,Encargado de Servicio Técnico,COT-2025-0351,INF-2025-0351,PEN,276.79
2025,Recepción,2025-02-15,2025-02-23,8,Mefyre - Cuerpo de Emergencias,Institución,La Molina,Recepción,928728463,mefyrecuerpo1@outlook.com,"Av. Los Próceres 1485, La Molina",Laser baja potencia,Carsi,Lasermed 100mW,CAR-1280,N/A,Descalibración,Calibración de equipo,No,Se coordinó con el cliente por retraso de repuesto importado,Encargado de Servicio Técnico,COT-2025-0292,INF-2025-0292,PEN,118.81
2025,Recepción,2025-02-20,2025-02-21,1,Clínica Bienestar Total EIRL,Clínica,San Juan de Lurigancho,Coordinación,945551614,clínicabiene21@gmail.com,"Av. Las Torres 1625, San Juan de Lurigancho",Laser baja potencia,Carsi,Lasermed 60mW,CAR-9669,N/A,Descalibración,Calibración de equipo + Mantenimiento preventivo anual,Sí,,Encargado de Servicio Técnico,COT-2025-0421,INF-2025-0421,PEN,258.96
2025,Visita,2025-02-21,2025-02-22,1,Fisiosalud Andina SAC,Clínica,La Molina,Recepción,928566572,fisiosaludan23@outlook.com,"Av. Central 286, La Molina",Magnetoterapia,Storz Medikal,Magnetolith,STO-9719,Cable de aplicador,Falso contacto en cable de aplicador (bobina),Cambio de cable de aplicador,No,Sin observaciones adicionales,Encargado de Servicio Técnico,COT-2025-0384,INF-2025-0384,PEN,161.68
2025,Recepción,2025-02-26,2025-03-12,14,Patricia Gómez Vásquez EIRL,Consultorio independiente,Cercado de Lima,Administración,924942603,patriciagóme0@gmail.com,"Av. La Marina 663, Cercado de Lima",Magnetoterapia,Meditek,Magnetherp 330 NG,MED-5356,Cable de aplicador,Falso contacto en cable de aplicador (bobina),Cambio de cable de aplicador,No,"Cliente rechazó cambio de placa, se optó por reparación",Encargado de Servicio Técnico,COT-2025-0227,INF-2025-0227,PEN,81.17
2025,Recepción,2025-02-27,2025-03-04,5,Carlos Alberto Santos,Paciente / equipo propio,Chosica,Administración,997226012,carlosalbert4@outlook.com,"Av. Las Flores 959, Chosica",Laser baja potencia,Carsi,Lasermed 100mW,CAR-1662,Cánula láser,Falso contacto en cable de cánula láser,Cambio de cable de cánula láser,No,Cliente solicitó revisión urgente,Practicante,COT-2025-0416,INF-2025-0416,PEN,126.89
2025,Recepción,2025-02-28,2025-03-08,8,Centro de Rehabilitación Vitalis,Clínica,Jesús María,Coordinación,917507864,centrodereha18@gmail.com,"Av. Los Próceres 1748, Jesús María",Magnetoterapia,Meditek,Magnetherp 200,MED-3467,Cable de aplicador,Falso contacto en cable de aplicador (bobina),Cambio de cable de aplicador + Mantenimiento preventivo anual,Sí,Cliente solicitó revisión urgente,Encargado de Servicio Técnico,COT-2025-0162,INF-2025-0162,PEN,204.02
2025,Visita,2025-03-01,2025-03-02,1,Carlos Alberto Santos,Paciente / equipo propio,Chosica,Administración,997226012,carlosalbert4@outlook.com,"Av. Las Flores 959, Chosica",Dermatoscopios,Dermlitex,DL5,DER-8224,Lente,Mantenimiento por limpieza de lente,Limpieza y mantenimiento de lente + Mantenimiento preventivo anual,Sí,"Cliente rechazó cambio de placa, se optó por reparación",Encargado de Servicio Técnico,COT-2025-0165,INF-2025-0165,PEN,128.66
2025,Recepción,2025-03-01,2025-03-06,5,Parroquia Nuestra Señora de Chaclacayo,Institución,San Borja,Recepción,956164955,parroquianue8@outlook.com,"Av. El Sol 1752, San Borja",Compreseros Calientes,Nacional Perú,Compresero 24 unid.,NAC-9467,N/A,Descalibración de temperatura,Calibración de temperatura,No,Sin observaciones adicionales,Encargado de Servicio Técnico,COT-2025-0063,INF-2025-0063,PEN,88.34
2025,Recepción,2025-03-01,2025-03-03,2,Alfa y Omega Rehabilitación,Clínica,La Molina,Administración,977827638,alfayomegare3@outlook.com,"Av. Los Próceres 1249, La Molina",Electroterapia,Emme,Therapic 9400,EMM-8371,Cable de electrodos,Falso contacto en cable de electrodos,Cambio de cable de electrodos + Mantenimiento preventivo anual,Sí,,Practicante,COT-2025-0256,INF-2025-0256,PEN,194.32
2025,Visita,2025-03-03,2025-03-05,2,Mefyre - Cuerpo de Emergencias,Institución,La Molina,Recepción,928728463,mefyrecuerpo1@outlook.com,"Av. Los Próceres 1485, La Molina",Ultrasonido,Carsi,Sonomed IV,CAR-8555,N/A,Descalibración,Calibración de equipo,No,Sin observaciones adicionales,Encargado de Servicio Técnico,COT-2025-0056,INF-2025-0056,PEN,189.44
2025,Recepción,2025-03-03,2025-03-05,2,Clínica Bienestar Total EIRL,Clínica,San Juan de Lurigancho,Coordinación,945551614,clínicabiene21@gmail.com,"Av. Las Torres 1625, San Juan de Lurigancho",Electroterapia,Biomedikal,Impulse 3000T,BIO-3774,Teclado,Falla en teclado / perillas,Cambio de teclado o perillas + Mantenimiento preventivo anual,Sí,,Practicante,COT-2025-0022,INF-2025-0022,PEN,217.75
2025,Recepción,2025-03-03,2025-03-04,1,Carlos Alberto Santos,Paciente / equipo propio,Chosica,Administración,997226012,carlosalbert4@outlook.com,"Av. Las Flores 959, Chosica",Magnetoterapia,Meditek,Magnetherp 330 NG,MED-8021,Cable de aplicador,Falso contacto en cable de aplicador (bobina),Cambio de cable de aplicador + Mantenimiento preventivo anual,Sí,Sin observaciones adicionales,Encargado de Servicio Técnico,COT-2025-0270,INF-2025-0270,PEN,128.47
2025,Recepción,2025-03-04,2025-03-16,12,NoPain Centro de Rehabilitación,Clínica,Comas,Recepción,955176955,nopaincentro7@gmail.com,"Av. Los Próceres 878, Comas",Laser baja potencia,Carsi,Lasermed 100mW,CAR-2417,N/A,Descalibración,Calibración de equipo + Mantenimiento preventivo anual,Sí,"Cliente rechazó cambio de placa, se optó por reparación",Encargado de Servicio Técnico,COT-2025-0148,INF-2025-0148,PEN,227.36
2025,Recepción,2025-03-04,2025-03-06,2,Centro Médico El Progreso,Clínica,San Miguel,Encargado de compras,918526544,centromédico25@hotmail.com,"Av. Central 1320, San Miguel",Magnetoterapia,Emme,Magnetomed 8400,EMM-9109,Cable de aplicador,Falso contacto en cable de aplicador (bobina),Cambio de cable de aplicador,No,Cliente solicitó revisión urgente,Encargado de Servicio Técnico,COT-2025-0114,INF-2025-0114,PEN,185.57
2025,Recepción,2025-03-05,2025-03-09,4,Mefyre - Cuerpo de Emergencias,Institución,La Molina,Recepción,928728463,mefyrecuerpo1@outlook.com,"Av. Los Próceres 1485, La Molina",Ultrasonido,Carsi,Sonomed V,CAR-3031,Cable de aplicador US,Falso contacto en cable de aplicador,Cambio de cable de aplicador + Mantenimiento preventivo anual,Sí,Se coordinó con el cliente por retraso de repuesto importado,Encargado de Servicio Técnico,COT-2025-0175,INF-2025-0175,PEN,299.91
2025,Recepción,2025-03-05,2025-03-13,8,Lic. Jorge Injante Terapia Física,Consultorio independiente,San Isidro,Coordinación,945935572,licjorgeinja19@gmail.com,"Av. Las Torres 1970, San Isidro",Magnetoterapia,Emme,Magnetomed 7200,EMM-1635,Fusible,Fusible quemado,Cambio de fusibles,No,"Cliente rechazó cambio de placa, se optó por reparación",Encargado de Servicio Técnico,COT-2025-0136,INF-2025-0136,PEN,63.5
2025,Recepción,2025-03-06,2025-03-09,3,Carlos Alberto Santos,Paciente / equipo propio,Chosica,Administración,997226012,carlosalbert4@outlook.com,"Av. Las Flores 959, Chosica",Ultrasonido,Carsi,Sonomed IV,CAR-8762,Cable de aplicador US,Falso contacto en cable de aplicador,Cambio de cable de aplicador + Mantenimiento preventivo anual,Sí,Se coordinó con el cliente por retraso de repuesto importado,Practicante,COT-2025-0074,INF-2025-0074,PEN,145.59
2025,Recepción,2025-03-08,2025-03-09,1,IAFAS Fuerza Aeroespacial del Perú,Institución (VIP),Ate,Coordinación,984093639,iafasfuerzaa10@hotmail.com,"Av. La Marina 1366, Ate",Magnetoterapia,Emme,Magnetomed 7200,EMM-2213,N/A,Descalibración,Calibración de equipo + Mantenimiento preventivo anual,Sí,Sin observaciones adicionales,Encargado de Servicio Técnico,COT-2025-0060,INF-2025-0060,PEN,1134.72
2025,Recepción,2025-03-09,2025-03-20,11,NoPain Centro de Rehabilitación,Clínica,Comas,Recepción,955176955,nopaincentro7@gmail.com,"Av. Los Próceres 878, Comas",Dermatoscopios,Dermlitex,DL200HR,DER-8007,Lente,Mantenimiento por limpieza de lente,Limpieza y mantenimiento de lente + Mantenimiento preventivo anual,Sí,Sin observaciones adicionales,Encargado de Servicio Técnico,COT-2025-0324,INF-2025-0324,PEN,133.29
2025,Visita,2025-03-09,2025-03-12,3,Clínica Primavera SAC,Clínica,Miraflores,Administración,989089901,clínicaprima5@hotmail.com,"Av. Los Próceres 1654, Miraflores",Laser baja potencia,Carsi,Lasermed 60mW,CAR-3854,Teclado membrana,Falla en teclado membrana,Cambio de teclado membrana + Mantenimiento preventivo anual,Sí,Equipo con uso intensivo diario,Encargado de Servicio Técnico,COT-2025-0379,INF-2025-0379,PEN,287.86
2025,Recepción,2025-03-10,2025-03-15,5,Maribel Salud SAC,Clínica,San Miguel,Administración,966629388,maribelsalud2@gmail.com,"Av. Los Próceres 291, San Miguel",Masoterapia,Genérico,Equipo de masoterapia,GEN-6233,N/A,Caso particular / falla no recurrente,Reparación según diagnóstico particular + Mantenimiento preventivo anual,Sí,"Equipo antiguo, se recomienda mantenimiento anual",Encargado de Servicio Técnico,COT-2025-0428,INF-2025-0428,PEN,407.32
2025,Recepción,2025-03-10,2025-03-12,2,Corporación de Servicios Médicos del Sur,Clínica,Chosica,Administración,966722344,corporaciónd6@hotmail.com,"Av. El Sol 418, Chosica",Magnetoterapia,Meditek,Magnetherp 440,MED-2562,N/A,Descalibración,Calibración de equipo + Mantenimiento preventivo anual,Sí,"Cliente rechazó cambio de placa, se optó por reparación",Practicante,COT-2025-0001,INF-2025-0001,PEN,241.82
2025,Visita,2025-03-10,2025-03-13,3,Carlos Alberto Santos,Paciente / equipo propio,Chosica,Administración,997226012,carlosalbert4@outlook.com,"Av. Las Flores 959, Chosica",Ondas de Choque Radial,Ztorz Medikal,Masterpuls MP ONE,ZTO-4184,Aplicador,Aplicador superó límite de disparos,Cambio de aplicador por límite de disparos,No,"Equipo antiguo, se recomienda mantenimiento anual",Encargado de Servicio Técnico,COT-2025-0151,INF-2025-0151,PEN,1719.06
2025,Recepción,2025-03-10,2025-03-13,3,Clínica Bienestar Total EIRL,Clínica,San Juan de Lurigancho,Coordinación,945551614,clínicabiene21@gmail.com,"Av. Las Torres 1625, San Juan de Lurigancho",Ultrasonido,Emme,Ultrasonic 1300,EMM-3822,Aplicador US,Desgaste de cristal piezoeléctrico de aplicador,Cambio de piezoeléctrico de aplicador + Mantenimiento preventivo anual,Sí,Se coordinó con el cliente por retraso de repuesto importado,Practicante,COT-2025-0053,INF-2025-0053,PEN,310.46
2025,Visita,2025-03-11,2025-03-12,1,Carlos Alberto Santos,Paciente / equipo propio,Chosica,Administración,997226012,carlosalbert4@outlook.com,"Av. Las Flores 959, Chosica",Electroterapia,Emme,Therapic 9200,EMM-5358,Cable de electrodos,Falso contacto en cable de electrodos,Cambio de cable de electrodos,No,Equipo con uso intensivo diario,Encargado de Servicio Técnico,COT-2025-0187,INF-2025-0187,PEN,58.39
2025,Recepción,2025-03-11,2025-03-14,3,Patricia Gómez Vásquez EIRL,Consultorio independiente,Cercado de Lima,Administración,924942603,patriciagóme0@gmail.com,"Av. La Marina 663, Cercado de Lima",Camilla de Tracción,Everyway,ET-800,EVE-9115,N/A,Falla mecánica del sistema interno por mal uso,Reparación de sistema interno + Mantenimiento preventivo anual,Sí,"Cliente rechazó cambio de placa, se optó por reparación",Practicante,COT-2025-0174,INF-2025-0174,PEN,382.34
2025,Visita,2025-03-11,2025-03-15,4,Mefyre - Cuerpo de Emergencias,Institución,La Molina,Recepción,928728463,mefyrecuerpo1@outlook.com,"Av. Los Próceres 1485, La Molina",Laser alta potencia,Emme,Vikate 8W,EMM-4883,Cánula láser,Falla en cánula láser,Cambio de cánula láser + Mantenimiento preventivo anual,Sí,,Practicante,COT-2025-0186,INF-2025-0186,PEN,361.58
2025,Recepción,2025-03-11,2025-03-14,3,Lic. Mónica Torres Fisioterapia,Consultorio independiente,Los Olivos,Coordinación,942857966,licmónicator16@gmail.com,"Av. Central 877, Los Olivos",Magnetoterapia,Meditek,Magnetherp 200,MED-4076,Cable de aplicador,Falso contacto en cable de aplicador (bobina),Cambio de cable de aplicador + Mantenimiento preventivo anual,Sí,Se coordinó con el cliente por retraso de repuesto importado,Practicante,COT-2025-0101,INF-2025-0101,PEN,133.18
2025,Recepción,2025-03-13,2025-03-14,1,Clínica Bienestar Total EIRL,Clínica,San Juan de Lurigancho,Coordinación,945551614,clínicabiene21@gmail.com,"Av. Las Torres 1625, San Juan de Lurigancho",Magnetoterapia,Emme,Magnetomed 7200,EMM-7270,Cable de aplicador,Falso contacto en cable de aplicador (bobina),Cambio de cable de aplicador + Mantenimiento preventivo anual,Sí,Cliente solicitó revisión urgente,Encargado de Servicio Técnico,COT-2025-0120,INF-2025-0120,PEN,227.38
2025,Recepción,2025-03-15,2025-03-17,2,Lic. Jorge Injante Terapia Física,Consultorio independiente,San Isidro,Coordinación,945935572,licjorgeinja19@gmail.com,"Av. Las Torres 1970, San Isidro",Magnetoterapia,Meditek,Magnetherp 330,MED-6451,Cable de aplicador,Falso contacto en cable de aplicador (bobina),Cambio de cable de aplicador + Mantenimiento preventivo anual,Sí,Se coordinó con el cliente por retraso de repuesto importado,Encargado de Servicio Técnico,COT-2025-0275,INF-2025-0275,PEN,152.95
2025,Recepción,2025-03-16,2025-03-22,6,Clínica Los Álamos SAC,Clínica,Magdalena,Coordinación,995899313,clínicalosál17@outlook.com,"Av. Las Flores 549, Magdalena",Ultrasonido,Emme,Ultrasonic 1300,EMM-3893,Cable de aplicador US,Falso contacto en cable de aplicador,Cambio de cable de aplicador + Mantenimiento preventivo anual,Sí,,Encargado de Servicio Técnico,COT-2025-0222,INF-2025-0222,PEN,213.12
2025,Recepción,2025-03-16,2025-03-18,2,Lic. Mónica Torres Fisioterapia,Consultorio independiente,Los Olivos,Coordinación,942857966,licmónicator16@gmail.com,"Av. Central 877, Los Olivos",Ultrasonido,Carsi,Sonomed V,CAR-3824,N/A,Falla en placa de potencia (reparable),Reparación de placa de potencia,No,Sin observaciones adicionales,Encargado de Servicio Técnico,COT-2025-0228,INF-2025-0228,PEN,303.13
2025,Recepción,2025-03-18,2025-03-22,4,Clínica Primavera SAC,Clínica,Miraflores,Administración,989089901,clínicaprima5@hotmail.com,"Av. Los Próceres 1654, Miraflores",Ultrasonido,Carsi,Sonomed V,CAR-1174,Teclado membrana,Falla en teclado membrana,Cambio de teclado membrana,No,Se coordinó con el cliente por retraso de repuesto importado,Practicante,COT-2025-0169,INF-2025-0169,PEN,155.33
2025,Recepción,2025-03-18,2025-03-20,2,Maribel Salud SAC,Clínica,San Miguel,Administración,966629388,maribelsalud2@gmail.com,"Av. Los Próceres 291, San Miguel",Ultrasonido,Emme,Ultrasonic 1500,EMM-2067,Aplicador US,Desgaste de cristal piezoeléctrico de aplicador,Cambio de piezoeléctrico de aplicador,No,Sin observaciones adicionales,Encargado de Servicio Técnico,COT-2025-0152,INF-2025-0152,PEN,353.55
2025,Recepción,2025-03-18,2025-03-19,1,Corporación de Servicios Médicos del Sur,Clínica,Chosica,Administración,966722344,corporaciónd6@hotmail.com,"Av. El Sol 418, Chosica",Ultrasonido,Carsi,Sonomed IV,CAR-8727,N/A,Descalibración,Calibración de equipo + Mantenimiento preventivo anual,Sí,Sin observaciones adicionales,Encargado de Servicio Técnico,COT-2025-0405,INF-2025-0405,PEN,207.77
2025,Visita,2025-03-19,2025-03-21,2,Centro de Rehabilitación Vitalis,Clínica,Jesús María,Coordinación,917507864,centrodereha18@gmail.com,"Av. Los Próceres 1748, Jesús María",Magnetoterapia,Meditek,Magnetherp 440,MED-5358,Cable de aplicador,Falso contacto en cable de aplicador (bobina),Cambio de cable de aplicador + Mantenimiento preventivo anual,Sí,Equipo con uso intensivo diario,Encargado de Servicio Técnico,COT-2025-0361,INF-2025-0361,PEN,255.82
2025,Visita,2025-03-19,2025-03-24,5,IAFAS Fuerza Aeroespacial del Perú,Institución (VIP),Ate,Coordinación,984093639,iafasfuerzaa10@hotmail.com,"Av. La Marina 1366, Ate",Electroterapia,Emme,Therapic 9400,EMM-1268,Cable de electrodos,Falso contacto en cable de electrodos,Cambio de cable de electrodos,No,Sin observaciones adicionales,Encargado de Servicio Técnico,COT-2025-0181,INF-2025-0181,PEN,788.15
2025,Visita,2025-03-20,2025-03-30,10,Parroquia Nuestra Señora de Chaclacayo,Institución,San Borja,Recepción,956164955,parroquianue8@outlook.com,"Av. El Sol 1752, San Borja",Ultrasonido,Emme,Ultrasonic 1300,EMM-7697,N/A,Descalibración,Calibración de equipo,No,Equipo con uso intensivo diario,Encargado de Servicio Técnico,COT-2025-0054,INF-2025-0054,PEN,135.3
2025,Recepción,2025-03-20,2025-03-23,3,Mefyre - Cuerpo de Emergencias,Institución,La Molina,Recepción,928728463,mefyrecuerpo1@outlook.com,"Av. Los Próceres 1485, La Molina",Dermatoscopios,Dermlitex,DL3,DER-7432,Lente,Mantenimiento por limpieza de lente,Limpieza y mantenimiento de lente + Mantenimiento preventivo anual,Sí,Equipo con uso intensivo diario,Practicante,COT-2025-0199,INF-2025-0199,PEN,147.12
2025,Visita,2025-03-20,2025-03-22,2,Carlos Alberto Santos,Paciente / equipo propio,Chosica,Administración,997226012,carlosalbert4@outlook.com,"Av. Las Flores 959, Chosica",Laser baja potencia,Carsi,Lasermed 60mW,CAR-2096,Cable de poder,Falla en cable de poder,Cambio de cable de poder,No,Se coordinó con el cliente por retraso de repuesto importado,Practicante,COT-2025-0291,INF-2025-0291,PEN,74.77
2025,Visita,2025-03-22,2025-03-28,6,Mefyre - Cuerpo de Emergencias,Institución,La Molina,Recepción,928728463,mefyrecuerpo1@outlook.com,"Av. Los Próceres 1485, La Molina",Electroterapia,Emme,Therapic 9200,EMM-4707,N/A,Falla en placa de control por caída (equipo portátil),Reparación de placa de control,No,,Encargado de Servicio Técnico,COT-2025-0106,INF-2025-0106,PEN,299.69
2025,Recepción,2025-03-24,2025-03-30,6,IAFAS Fuerza Aeroespacial del Perú,Institución (VIP),Ate,Coordinación,984093639,iafasfuerzaa10@hotmail.com,"Av. La Marina 1366, Ate",Laser baja potencia,Carsi,Lasermed 60mW,CAR-1970,Cánula láser,Falso contacto en cable de cánula láser,Cambio de cable de cánula láser,No,,Practicante,COT-2025-0108,INF-2025-0108,PEN,798.49
2025,Recepción,2025-03-24,2025-04-05,12,Corporación de Servicios Médicos del Sur,Clínica,Chosica,Administración,966722344,corporaciónd6@hotmail.com,"Av. El Sol 418, Chosica",Magnetoterapia,Emme,Magnetomed 7200,EMM-6745,Cable de aplicador,Falso contacto en cable de aplicador (bobina),Cambio de cable de aplicador + Mantenimiento preventivo anual,Sí,Equipo con uso intensivo diario,Encargado de Servicio Técnico,COT-2025-0021,INF-2025-0021,PEN,317.52
2025,Recepción,2025-03-24,2025-03-30,6,Instituto Peruano del Deporte - Sede Sur,Institución,La Molina,Encargado de compras,997971488,institutoper20@hotmail.com,"Av. Central 1911, La Molina",Electroterapia,Emme,Therapic 9200,EMM-2956,Cable de electrodos,Falso contacto en cable de electrodos,Cambio de cable de electrodos + Mantenimiento preventivo anual,Sí,Equipo con uso intensivo diario,Encargado de Servicio Técnico,COT-2025-0018,INF-2025-0018,PEN,477.35
2025,Recepción,2025-03-25,2025-03-31,6,Parroquia Nuestra Señora de Chaclacayo,Institución,San Borja,Recepción,956164955,parroquianue8@outlook.com,"Av. El Sol 1752, San Borja",Camilla de Tracción,Everyway,ET-800,EVE-3928,N/A,Descalibración de fuerza de tracción,Calibración de fuerza de tracción,No,"Cliente rechazó cambio de placa, se optó por reparación",Practicante,COT-2025-0251,INF-2025-0251,PEN,99.14
2025,Recepción,2025-03-25,2025-03-31,6,Parroquia Nuestra Señora de Chaclacayo,Institución,San Borja,Recepción,956164955,parroquianue8@outlook.com,"Av. El Sol 1752, San Borja",Electroterapia,Biomedikal,Impulse 3000T,BIO-7893,Fusible,Fusible quemado,Cambio de fusibles,No,,Encargado de Servicio Técnico,COT-2025-0355,INF-2025-0355,PEN,71.9
2025,Recepción,2025-03-25,2025-04-01,7,Centro de Rehabilitación Vitalis,Clínica,Jesús María,Coordinación,917507864,centrodereha18@gmail.com,"Av. Los Próceres 1748, Jesús María",Ultrasonido,Carsi,Sonomed V,CAR-5648,Cable de aplicador US,Falso contacto en cable de aplicador,Cambio de cable de aplicador + Mantenimiento preventivo anual,Sí,Equipo con uso intensivo diario,Encargado de Servicio Técnico,COT-2025-0273,INF-2025-0273,PEN,224.78
2025,Recepción,2025-03-26,2025-03-27,1,Hospital Nacional Docente,Institución,San Juan de Lurigancho,Coordinación,959684848,hospitalnaci14@hotmail.com,"Av. Las Torres 1472, San Juan de Lurigancho",Electroterapia,Biomedikal,Quadstar II,BIO-1889,Cable de electrodos,Falso contacto en cable de electrodos,Cambio de cable de electrodos,No,"Cliente rechazó cambio de placa, se optó por reparación",Encargado de Servicio Técnico,COT-2025-0414,INF-2025-0414,PEN,208.74
2025,Visita,2025-03-26,2025-03-29,3,Patricia Gómez Vásquez EIRL,Consultorio independiente,Cercado de Lima,Administración,924942603,patriciagóme0@gmail.com,"Av. La Marina 663, Cercado de Lima",Electroterapia,Biomedikal,Quadstar II,BIO-8515,N/A,Falla en placa de control por caída (equipo portátil),Reparación de placa de control,No,Sin observaciones adicionales,Practicante,COT-2025-0031,INF-2025-0031,PEN,383.8
2025,Recepción,2025-03-27,2025-03-28,1,Patricia Gómez Vásquez EIRL,Consultorio independiente,Cercado de Lima,Administración,924942603,patriciagóme0@gmail.com,"Av. La Marina 663, Cercado de Lima",Laser baja potencia,Carsi,Lasermed 60mW,CAR-8364,Cable de poder,Falla en cable de poder,Cambio de cable de poder + Mantenimiento preventivo anual,Sí,Cliente solicitó revisión urgente,Encargado de Servicio Técnico,COT-2025-0318,INF-2025-0318,PEN,130.07
2025,Recepción,2025-03-28,2025-03-29,1,NoPain Centro de Rehabilitación,Clínica,Comas,Recepción,955176955,nopaincentro7@gmail.com,"Av. Los Próceres 878, Comas",Laser baja potencia,Carsi,Lasermed 60mW,CAR-7299,N/A,Descalibración,Calibración de equipo + Mantenimiento preventivo anual,Sí,Equipo con uso intensivo diario,Encargado de Servicio Técnico,COT-2025-0368,INF-2025-0368,PEN,222.06
2025,Visita,2025-03-28,2025-04-01,4,Patricia Gómez Vásquez EIRL,Consultorio independiente,Cercado de Lima,Administración,924942603,patriciagóme0@gmail.com,"Av. La Marina 663, Cercado de Lima",Magnetoterapia,Emme,Magnetomed 8400,EMM-2132,Cable de aplicador,Falso contacto en cable de aplicador (bobina),Cambio de cable de aplicador + Mantenimiento preventivo anual,Sí,"Cliente rechazó cambio de placa, se optó por reparación",Encargado de Servicio Técnico,COT-2025-0220,INF-2025-0220,PEN,194.18
2025,Recepción,2025-03-29,2025-04-02,4,Alfa y Omega Rehabilitación,Clínica,La Molina,Administración,977827638,alfayomegare3@outlook.com,"Av. Los Próceres 1249, La Molina",Electroterapia,Emme,Therapic 9200,EMM-9835,N/A,Falla en placa de control por caída (equipo portátil),Reparación de placa de control + Mantenimiento preventivo anual,Sí,,Encargado de Servicio Técnico,COT-2025-0383,INF-2025-0383,PEN,450.04
2025,Recepción,2025-03-29,2025-03-30,1,Centro Médico El Progreso,Clínica,San Miguel,Encargado de compras,918526544,centromédico25@hotmail.com,"Av. Central 1320, San Miguel",Compresero Frío,Nacional Perú,Compresero frío 6 unid.,NAC-9115,N/A,Mantenimiento preventivo (sin falla registrada),Mantenimiento preventivo general,No,"Equipo antiguo, se recomienda mantenimiento anual",Encargado de Servicio Técnico,COT-2025-0279,INF-2025-0279,PEN,91.23
2025,Recepción,2025-03-29,2025-03-30,1,Alfa y Omega Rehabilitación,Clínica,La Molina,Administración,977827638,alfayomegare3@outlook.com,"Av. Los Próceres 1249, La Molina",Magnetoterapia,Meditek,Magnetherp 330,MED-4486,Cable de aplicador,Falso contacto en cable de aplicador (bobina),Cambio de cable de aplicador + Mantenimiento preventivo anual,Sí,Cliente solicitó revisión urgente,Encargado de Servicio Técnico,COT-2025-0198,INF-2025-0198,PEN,232.28
2025,Recepción,2025-03-29,2025-04-05,7,Centro de Rehabilitación Vitalis,Clínica,Jesús María,Coordinación,917507864,centrodereha18@gmail.com,"Av. Los Próceres 1748, Jesús María",Electroterapia,Emme,Therapic 9400,EMM-8475,Electrodos,Electrodos desgastados,Cambio de electrodos,No,Equipo con uso intensivo diario,Encargado de Servicio Técnico,COT-2025-0070,INF-2025-0070,PEN,81.89
2025,Recepción,2025-03-29,2025-04-02,4,Seguro Social de Salud,Institución (VIP),Chosica,Encargado de compras,971662963,segurosocial9@outlook.com,"Av. Los Próceres 1988, Chosica",Magnetoterapia,Emme,Magnetomed 7200,EMM-3742,N/A,Descalibración,Calibración de equipo + Mantenimiento preventivo anual,Sí,Se coordinó con el cliente por retraso de repuesto importado,Encargado de Servicio Técnico,COT-2025-0147,INF-2025-0147,PEN,1458.65
2025,Recepción,2025-03-29,2025-04-05,7,Maribel Salud SAC,Clínica,San Miguel,Administración,966629388,maribelsalud2@gmail.com,"Av. Los Próceres 291, San Miguel",Laser baja potencia,Carsi,Lasermed 100mW,CAR-8202,Cánula láser,Falso contacto en cable de cánula láser,Cambio de cable de cánula láser + Mantenimiento preventivo anual,Sí,"Equipo antiguo, se recomienda mantenimiento anual",Encargado de Servicio Técnico,COT-2025-0024,INF-2025-0024,PEN,225.6
2025,Recepción,2025-03-30,2025-04-02,3,Patricia Gómez Vásquez EIRL,Consultorio independiente,Cercado de Lima,Administración,924942603,patriciagóme0@gmail.com,"Av. La Marina 663, Cercado de Lima",Magnetoterapia,Storz Medikal,Magnetolith,STO-3320,Cable de aplicador,Falso contacto en cable de aplicador (bobina),Cambio de cable de aplicador,No,,Encargado de Servicio Técnico,COT-2025-0249,INF-2025-0249,PEN,104.49
2025,Recepción,2025-03-30,2025-04-01,2,Centro de Rehabilitación Vitalis,Clínica,Jesús María,Coordinación,917507864,centrodereha18@gmail.com,"Av. Los Próceres 1748, Jesús María",Laser baja potencia,Carsi,Lasermed 60mW,CAR-9693,N/A,Descalibración,Calibración de equipo + Mantenimiento preventivo anual,Sí,Se coordinó con el cliente por retraso de repuesto importado,Practicante,COT-2025-0161,INF-2025-0161,PEN,220.76
2025,Recepción,2025-03-30,2025-04-04,5,Mefyre - Cuerpo de Emergencias,Institución,La Molina,Recepción,928728463,mefyrecuerpo1@outlook.com,"Av. Los Próceres 1485, La Molina",Laser baja potencia,Carsi,Lasermed 60mW,CAR-2123,N/A,Falla en placa de potencia (reparable),Reparación de placa de potencia + Mantenimiento preventivo anual,Sí,Equipo con uso intensivo diario,Encargado de Servicio Técnico,COT-2025-0287,INF-2025-0287,PEN,492.28
2025,Recepción,2025-03-30,2025-04-02,3,Carlos Alberto Santos,Paciente / equipo propio,Chosica,Administración,997226012,carlosalbert4@outlook.com,"Av. Las Flores 959, Chosica",Ultrasonido,Emme,Ultrasonic 1300,EMM-5892,Cable de aplicador US,Falso contacto en cable de aplicador,Cambio de cable de aplicador + Mantenimiento preventivo anual,Sí,,Encargado de Servicio Técnico,COT-2025-0200,INF-2025-0200,PEN,166.15
2025,Visita,2025-03-31,2025-04-04,4,Policlínico San Judas,Clínica,Chosica,Coordinación,988461803,policlínicos22@hotmail.com,"Av. Las Flores 917, Chosica",Magnetoterapia,Meditek,Magnetherp 330 NG,MED-4417,Cable de aplicador,Falso contacto en cable de aplicador (bobina),Cambio de cable de aplicador,No,Sin observaciones adicionales,Encargado de Servicio Técnico,COT-2025-0089,INF-2025-0089,PEN,130.51
2025,Recepción,2025-04-01,2025-04-03,2,Federación Peruana de Voleibol,Institución (VIP),San Miguel,Administración,935808537,federaciónpe11@outlook.com,"Av. Los Próceres 193, San Miguel",Magnetoterapia,Storz Medikal,Magnetolith,STO-3511,Carcasa de bobina,Rotura de carcasa de bobina plana (orejas de correa),Cambio de carcasa de accesorio,No,Cliente solicitó revisión urgente,Encargado de Servicio Técnico,COT-2025-0206,INF-2025-0206,PEN,659.01
2025,Recepción,2025-04-01,2025-04-09,8,Corporación de Servicios Médicos del Sur,Clínica,Chosica,Administración,966722344,corporaciónd6@hotmail.com,"Av. El Sol 418, Chosica",Laser baja potencia,Carsi,Lasermed 60mW,CAR-8906,N/A,Descalibración,Calibración de equipo,No,"Cliente rechazó cambio de placa, se optó por reparación",Practicante,COT-2025-0188,INF-2025-0188,PEN,132.72
2025,Recepción,2025-04-02,2025-04-10,8,Clínica Bienestar Total EIRL,Clínica,San Juan de Lurigancho,Coordinación,945551614,clínicabiene21@gmail.com,"Av. Las Torres 1625, San Juan de Lurigancho",Compresero Frío,Nacional Perú,Compresero frío 6 unid.,NAC-8100,N/A,Mantenimiento preventivo (sin falla registrada),Mantenimiento preventivo general,No,Equipo con uso intensivo diario,Practicante,COT-2025-0258,INF-2025-0258,PEN,108.04
2025,Recepción,2025-04-03,2025-04-10,7,Carlos Alberto Santos,Paciente / equipo propio,Chosica,Administración,997226012,carlosalbert4@outlook.com,"Av. Las Flores 959, Chosica",Magnetoterapia,Meditek,Magnetherp 330,MED-7770,Cable de aplicador,Falso contacto en cable de aplicador (bobina),Cambio de cable de aplicador,No,Equipo con uso intensivo diario,Encargado de Servicio Técnico,COT-2025-0226,INF-2025-0226,PEN,129.9
2025,Recepción,2025-04-04,2025-04-06,2,Patricia Gómez Vásquez EIRL,Consultorio independiente,Cercado de Lima,Administración,924942603,patriciagóme0@gmail.com,"Av. La Marina 663, Cercado de Lima",Ondas de Choque Radial,Ztorz Medikal,Masterpuls MP200,ZTO-1212,Aplicador,Aplicador superó límite de disparos,Cambio de aplicador por límite de disparos + Mantenimiento preventivo anual,Sí,"Cliente rechazó cambio de placa, se optó por reparación",Encargado de Servicio Técnico,COT-2025-0016,INF-2025-0016,PEN,3259.81
2025,Recepción,2025-04-04,2025-04-08,4,Trauma Médika EIRL,Clínica (VIP),Comas,Recepción,948840994,traumamédika12@gmail.com,"Av. Las Torres 1874, Comas",Laser alta potencia,Emme,Bipower Lux,EMM-7347,N/A,Descalibración,Calibración de equipo,No,,Encargado de Servicio Técnico,COT-2025-0132,INF-2025-0132,USD,681.15
2025,Visita,2025-04-04,2025-04-06,2,Maribel Salud SAC,Clínica,San Miguel,Administración,966629388,maribelsalud2@gmail.com,"Av. Los Próceres 291, San Miguel",Magnetoterapia,Storz Medikal,Magnetolith,STO-7644,Cable de aplicador,Falso contacto en cable de aplicador (bobina),Cambio de cable de aplicador,No,Sin observaciones adicionales,Encargado de Servicio Técnico,COT-2025-0429,INF-2025-0429,PEN,91.82
2025,Recepción,2025-04-04,2025-04-10,6,Trauma Médika EIRL,Clínica (VIP),Comas,Recepción,948840994,traumamédika12@gmail.com,"Av. Las Torres 1874, Comas",Magnetoterapia,Storz Medikal,Magnetolith,STO-5806,Teclado membrana,Falla en teclado membrana,Cambio de teclado membrana + Mantenimiento preventivo anual,Sí,,Practicante,COT-2025-0221,INF-2025-0221,USD,1253.57
2025,Visita,2025-04-05,2025-04-06,1,Patricia Gómez Vásquez EIRL,Consultorio independiente,Cercado de Lima,Administración,924942603,patriciagóme0@gmail.com,"Av. La Marina 663, Cercado de Lima",Electroterapia,Emme,Therapic 9400,EMM-4085,Teclado,Falla en teclado / perillas,Cambio de teclado o perillas,No,,Practicante,COT-2025-0138,INF-2025-0138,PEN,102.99
2025,Recepción,2025-04-05,2025-04-06,1,Seguro Social de Salud,Institución (VIP),Chosica,Encargado de compras,971662963,segurosocial9@outlook.com,"Av. Los Próceres 1988, Chosica",Ultrasonido,Emme,Ultrasonic 1500,EMM-9497,N/A,Falla en placa de control (reparable),Reparación de placa de control + Mantenimiento preventivo anual,Sí,Cliente solicitó revisión urgente,Encargado de Servicio Técnico,COT-2025-0093,INF-2025-0093,PEN,3449.2
2025,Recepción,2025-04-05,2025-04-06,1,Centro de Rehabilitación Vitalis,Clínica,Jesús María,Coordinación,917507864,centrodereha18@gmail.com,"Av. Los Próceres 1748, Jesús María",Ultrasonido,Emme,Ultrasonic 1500,EMM-6166,N/A,Falla en placa de potencia (reparable),Reparación de placa de potencia + Mantenimiento preventivo anual,Sí,Sin observaciones adicionales,Practicante,COT-2025-0075,INF-2025-0075,PEN,433.44
2025,Visita,2025-04-06,2025-04-08,2,Hospital Nacional Docente,Institución,San Juan de Lurigancho,Coordinación,959684848,hospitalnaci14@hotmail.com,"Av. Las Torres 1472, San Juan de Lurigancho",Dermatoscopios,Dermlitex,DL200HR,DER-2989,Lente,Mantenimiento por limpieza de lente,Limpieza y mantenimiento de lente,No,"Cliente rechazó cambio de placa, se optó por reparación",Encargado de Servicio Técnico,COT-2025-0288,INF-2025-0288,PEN,113.56
2025,Recepción,2025-04-06,2025-04-08,2,Patricia Gómez Vásquez EIRL,Consultorio independiente,Cercado de Lima,Administración,924942603,patriciagóme0@gmail.com,"Av. La Marina 663, Cercado de Lima",Magnetoterapia,Storz Medikal,Magnetolith,STO-6023,N/A,Falla en placa de control (reparable),Reparación de placa de control,No,"Equipo antiguo, se recomienda mantenimiento anual",Encargado de Servicio Técnico,COT-2025-0168,INF-2025-0168,PEN,212.48
2025,Recepción,2025-04-06,2025-04-23,17,Patricia Gómez Vásquez EIRL,Consultorio independiente,Cercado de Lima,Administración,924942603,patriciagóme0@gmail.com,"Av. La Marina 663, Cercado de Lima",Ultrasonido,Emme,Ultrasonic 1500,EMM-1645,Cable de poder,Falla en cable de poder,Cambio de cable de poder + Mantenimiento preventivo anual,Sí,Se coordinó con el cliente por retraso de repuesto importado,Encargado de Servicio Técnico,COT-2025-0331,INF-2025-0331,PEN,173.98
2025,Recepción,2025-04-06,2025-04-07,1,Maribel Salud SAC,Clínica,San Miguel,Administración,966629388,maribelsalud2@gmail.com,"Av. Los Próceres 291, San Miguel",Ultrasonido,Emme,Ultrasonic 1500,EMM-9847,Aplicador US,Desgaste de cristal piezoeléctrico de aplicador,Cambio de piezoeléctrico de aplicador + Mantenimiento preventivo anual,Sí,Sin observaciones adicionales,Encargado de Servicio Técnico,COT-2025-0328,INF-2025-0328,PEN,293.2
2025,Visita,2025-04-07,2025-04-10,3,IAFAS Fuerza Aeroespacial del Perú,Institución (VIP),Ate,Coordinación,984093639,iafasfuerzaa10@hotmail.com,"Av. La Marina 1366, Ate",Electroterapia,Biomedikal,Biostim NMS,BIO-2461,Cable de electrodos,Falso contacto en cable de electrodos,Cambio de cable de electrodos,No,Cliente solicitó revisión urgente,Encargado de Servicio Técnico,COT-2025-0369,INF-2025-0369,PEN,485.37
2025,Recepción,2025-04-07,2025-04-08,1,Patricia Gómez Vásquez EIRL,Consultorio independiente,Cercado de Lima,Administración,924942603,patriciagóme0@gmail.com,"Av. La Marina 663, Cercado de Lima",Magnetoterapia,Meditek,Magnetherp 330,MED-7131,Fusible,Fusible quemado,Cambio de fusibles + Mantenimiento preventivo anual,Sí,Equipo con uso intensivo diario,Encargado de Servicio Técnico,COT-2025-0032,INF-2025-0032,PEN,140.22
2025,Recepción,2025-04-08,2025-04-11,3,Federación Peruana de Voleibol,Institución (VIP),San Miguel,Administración,935808537,federaciónpe11@outlook.com,"Av. Los Próceres 193, San Miguel",Magnetoterapia,Emme,Magnetomed 7200,EMM-3363,N/A,Descalibración,Calibración de equipo + Mantenimiento preventivo anual,Sí,,Practicante,COT-2025-0130,INF-2025-0130,PEN,1159.04
2025,Visita,2025-04-09,2025-04-10,1,Lic. Mónica Torres Fisioterapia,Consultorio independiente,Los Olivos,Coordinación,942857966,licmónicator16@gmail.com,"Av. Central 877, Los Olivos",Laser baja potencia,Carsi,Lasermed 60mW,CAR-2305,Cánula láser,Falso contacto en cable de cánula láser,Cambio de cable de cánula láser + Mantenimiento preventivo anual,Sí,,Practicante,COT-2025-0297,INF-2025-0297,PEN,174.93
2025,Recepción,2025-04-10,2025-04-16,6,IAFAS Fuerza Aeroespacial del Perú,Institución (VIP),Ate,Coordinación,984093639,iafasfuerzaa10@hotmail.com,"Av. La Marina 1366, Ate",Laser baja potencia,Carsi,Lasermed 60mW,CAR-7877,N/A,Descalibración,Calibración de equipo,No,,Encargado de Servicio Técnico,COT-2025-0335,INF-2025-0335,PEN,521.37
2025,Recepción,2025-04-10,2025-04-14,4,Clínica Los Álamos SAC,Clínica,Magdalena,Coordinación,995899313,clínicalosál17@outlook.com,"Av. Las Flores 549, Magdalena",Bicicleta Estacionaria,Ergolines,Ergoselect 200P,ERG-2746,N/A,Armado / instalación inicial,Armado e instalación + Mantenimiento preventivo anual,Sí,Equipo con uso intensivo diario,Encargado de Servicio Técnico,COT-2025-0294,INF-2025-0294,PEN,342.95
2025,Recepción,2025-04-11,2025-04-20,9,Fisiosalud Andina SAC,Clínica,La Molina,Recepción,928566572,fisiosaludan23@outlook.com,"Av. Central 286, La Molina",Magnetoterapia,Storz Medikal,Magnetolith,STO-3675,N/A,Descalibración,Calibración de equipo + Mantenimiento preventivo anual,Sí,Sin observaciones adicionales,Encargado de Servicio Técnico,COT-2025-0088,INF-2025-0088,PEN,263.1
2025,Recepción,2025-04-11,2025-04-15,4,Corporación de Servicios Médicos del Sur,Clínica,Chosica,Administración,966722344,corporaciónd6@hotmail.com,"Av. El Sol 418, Chosica",Ultrasonido,Emme,Ultrasonic 1300,EMM-6562,Cable de aplicador US,Falso contacto en cable de aplicador,Cambio de cable de aplicador + Mantenimiento preventivo anual,Sí,Se coordinó con el cliente por retraso de repuesto importado,Encargado de Servicio Técnico,COT-2025-0398,INF-2025-0398,PEN,331.57
2025,Recepción,2025-04-12,2025-04-13,1,Clínica Los Álamos SAC,Clínica,Magdalena,Coordinación,995899313,clínicalosál17@outlook.com,"Av. Las Flores 549, Magdalena",Magnetoterapia,Storz Medikal,Magnetolith,STO-4669,Carcasa de bobina,Rotura de carcasa de bobina plana (orejas de correa),Cambio de carcasa de accesorio + Mantenimiento preventivo anual,Sí,Sin observaciones adicionales,Encargado de Servicio Técnico,COT-2025-0127,INF-2025-0127,PEN,253.28
2025,Recepción,2025-04-12,2025-04-13,1,Alfa y Omega Rehabilitación,Clínica,La Molina,Administración,977827638,alfayomegare3@outlook.com,"Av. Los Próceres 1249, La Molina",Electroterapia,Biomedikal,Impulse 3000T,BIO-7188,Cable de electrodos,Falso contacto en cable de electrodos,Cambio de cable de electrodos + Mantenimiento preventivo anual,Sí,"Cliente rechazó cambio de placa, se optó por reparación",Encargado de Servicio Técnico,COT-2025-0330,INF-2025-0330,PEN,208.49
2025,Recepción,2025-04-13,2025-04-19,6,Fisiosalud Andina SAC,Clínica,La Molina,Recepción,928566572,fisiosaludan23@outlook.com,"Av. Central 286, La Molina",Laser baja potencia,Carsi,Lasermed 100mW,CAR-4129,Cánula láser,Falso contacto en cable de cánula láser,Cambio de cable de cánula láser + Mantenimiento preventivo anual,Sí,Equipo con uso intensivo diario,Encargado de Servicio Técnico,COT-2025-0215,INF-2025-0215,PEN,194.28
2025,Recepción,2025-04-14,2025-04-23,9,Clínica Primavera SAC,Clínica,Miraflores,Administración,989089901,clínicaprima5@hotmail.com,"Av. Los Próceres 1654, Miraflores",Magnetoterapia,Storz Medikal,Magnetolith,STO-1976,Carcasa de bobina,Rotura de carcasa de bobina plana (orejas de correa),Cambio de carcasa de accesorio,No,Se coordinó con el cliente por retraso de repuesto importado,Encargado de Servicio Técnico,COT-2025-0306,INF-2025-0306,PEN,131.72
2025,Recepción,2025-04-14,2025-04-15,1,Centro de Rehabilitación Vitalis,Clínica,Jesús María,Coordinación,917507864,centrodereha18@gmail.com,"Av. Los Próceres 1748, Jesús María",Laser alta potencia,Emme,Bipower Lux SP,EMM-9269,Cánula láser,Falla en cánula láser,Cambio de cánula láser + Mantenimiento preventivo anual,Sí,Cliente solicitó revisión urgente,Practicante,COT-2025-0104,INF-2025-0104,PEN,314.43
2025,Recepción,2025-04-16,2025-04-22,6,Alfa y Omega Rehabilitación,Clínica,La Molina,Administración,977827638,alfayomegare3@outlook.com,"Av. Los Próceres 1249, La Molina",Magnetoterapia,Storz Medikal,Magnetolith,STO-5230,Cable de aplicador,Falso contacto en cable de aplicador (bobina),Cambio de cable de aplicador + Mantenimiento preventivo anual,Sí,Cliente solicitó revisión urgente,Encargado de Servicio Técnico,COT-2025-0286,INF-2025-0286,PEN,153.25
2025,Recepción,2025-04-17,2025-04-22,5,Maribel Salud SAC,Clínica,San Miguel,Administración,966629388,maribelsalud2@gmail.com,"Av. Los Próceres 291, San Miguel",Laser baja potencia,Carsi,Lasermed 60mW,CAR-4922,Cánula láser,Falso contacto en cable de cánula láser,Cambio de cable de cánula láser + Mantenimiento preventivo anual,Sí,"Cliente rechazó cambio de placa, se optó por reparación",Encargado de Servicio Técnico,COT-2025-0234,INF-2025-0234,PEN,225.6
2025,Recepción,2025-04-17,2025-04-18,1,Centro de Rehabilitación Vitalis,Clínica,Jesús María,Coordinación,917507864,centrodereha18@gmail.com,"Av. Los Próceres 1748, Jesús María",Ultrasonido,Carsi,Sonomed V,CAR-1702,N/A,Falla en placa de potencia (reparable),Reparación de placa de potencia,No,,Practicante,COT-2025-0348,INF-2025-0348,PEN,406.4
2025,Recepción,2025-04-17,2025-04-25,8,Corporación de Servicios Médicos del Sur,Clínica,Chosica,Administración,966722344,corporaciónd6@hotmail.com,"Av. El Sol 418, Chosica",Ultrasonido,Emme,Ultrasonic 1500,EMM-2074,Cable de poder,Falla en cable de poder,Cambio de cable de poder,No,,Encargado de Servicio Técnico,COT-2025-0072,INF-2025-0072,PEN,112.94
2025,Visita,2025-04-17,2025-04-24,7,Centro de Rehabilitación Vitalis,Clínica,Jesús María,Coordinación,917507864,centrodereha18@gmail.com,"Av. Los Próceres 1748, Jesús María",Ultrasonido,Carsi,Sonomed IV,CAR-2674,N/A,Descalibración,Calibración de equipo,No,Cliente solicitó revisión urgente,Encargado de Servicio Técnico,COT-2025-0390,INF-2025-0390,PEN,144.71
2025,Recepción,2025-04-18,2025-04-19,1,Clínica Primavera SAC,Clínica,Miraflores,Administración,989089901,clínicaprima5@hotmail.com,"Av. Los Próceres 1654, Miraflores",Magnetoterapia,Storz Medikal,Magnetolith,STO-5939,Cable de aplicador,Falso contacto en cable de aplicador (bobina),Cambio de cable de aplicador,No,,Encargado de Servicio Técnico,COT-2025-0422,INF-2025-0422,PEN,101.61
2025,Visita,2025-04-18,2025-04-23,5,Patricia Gómez Vásquez EIRL,Consultorio independiente,Cercado de Lima,Administración,924942603,patriciagóme0@gmail.com,"Av. La Marina 663, Cercado de Lima",Ultrasonido,Emme,Ultrasonic 1300,EMM-5396,N/A,Descalibración,Calibración de equipo + Mantenimiento preventivo anual,Sí,"Equipo antiguo, se recomienda mantenimiento anual",Practicante,COT-2025-0387,INF-2025-0387,PEN,177.9
2025,Recepción,2025-04-18,2025-04-19,1,Clínica Bienestar Total EIRL,Clínica,San Juan de Lurigancho,Coordinación,945551614,clínicabiene21@gmail.com,"Av. Las Torres 1625, San Juan de Lurigancho",Laser baja potencia,Carsi,Lasermed 100mW,CAR-5045,N/A,Descalibración,Calibración de equipo + Mantenimiento preventivo anual,Sí,,Encargado de Servicio Técnico,COT-2025-0126,INF-2025-0126,PEN,253.19
2025,Visita,2025-04-19,2025-04-20,1,NoPain Centro de Rehabilitación,Clínica,Comas,Recepción,955176955,nopaincentro7@gmail.com,"Av. Los Próceres 878, Comas",Ultrasonido,Carsi,Sonomed IV,CAR-6292,N/A,Descalibración,Calibración de equipo,No,Equipo con uso intensivo diario,Practicante,COT-2025-0372,INF-2025-0372,PEN,94.43
2025,Recepción,2025-04-19,2025-04-29,10,Fisiosalud Andina SAC,Clínica,La Molina,Recepción,928566572,fisiosaludan23@outlook.com,"Av. Central 286, La Molina",Electroterapia,Emme,Therapic 9200,EMM-6138,Electrodos,Electrodos desgastados,Cambio de electrodos + Mantenimiento preventivo anual,Sí,Se coordinó con el cliente por retraso de repuesto importado,Encargado de Servicio Técnico,COT-2025-0141,INF-2025-0141,PEN,185.96
2025,Visita,2025-04-19,2025-04-24,5,Carlos Alberto Santos,Paciente / equipo propio,Chosica,Administración,997226012,carlosalbert4@outlook.com,"Av. Las Flores 959, Chosica",Magnetoterapia,Meditek,Magnetherp 330,MED-1375,Carcasa de bobina,Rotura de carcasa de bobina plana (orejas de correa),Cambio de carcasa de accesorio,No,Sin observaciones adicionales,Practicante,COT-2025-0376,INF-2025-0376,PEN,94.51
2025,Recepción,2025-04-20,2025-04-23,3,Mefyre - Cuerpo de Emergencias,Institución,La Molina,Recepción,928728463,mefyrecuerpo1@outlook.com,"Av. Los Próceres 1485, La Molina",Compreseros Calientes,Nacional Perú,Compresero 12 unid.,NAC-8393,N/A,Descalibración de temperatura,Calibración de temperatura,No,"Equipo antiguo, se recomienda mantenimiento anual",Encargado de Servicio Técnico,COT-2025-0347,INF-2025-0347,PEN,115.41
2025,Recepción,2025-04-20,2025-04-25,5,Maribel Salud SAC,Clínica,San Miguel,Administración,966629388,maribelsalud2@gmail.com,"Av. Los Próceres 291, San Miguel",Magnetoterapia,Emme,Magnetomed 8400,EMM-4998,Cable de aplicador,Falso contacto en cable de aplicador (bobina),Cambio de cable de aplicador + Mantenimiento preventivo anual,Sí,Se coordinó con el cliente por retraso de repuesto importado,Encargado de Servicio Técnico,COT-2025-0246,INF-2025-0246,PEN,290.67
2025,Recepción,2025-04-20,2025-04-23,3,Trauma Médika EIRL,Clínica (VIP),Comas,Recepción,948840994,traumamédika12@gmail.com,"Av. Las Torres 1874, Comas",Electroterapia,Emme,Therapic 9200,EMM-7644,Electrodos,Electrodos desgastados,Cambio de electrodos,No,"Cliente rechazó cambio de placa, se optó por reparación",Practicante,COT-2025-0302,INF-2025-0302,USD,331.93
2025,Recepción,2025-04-20,2025-04-29,9,Universidad Nacional del Centro,Institución,San Isidro,Coordinación,947308985,universidadn13@hotmail.com,"Av. La Marina 1808, San Isidro",Ultrasonido,Carsi,Sonomed IV,CAR-9496,N/A,Descalibración,Calibración de equipo + Mantenimiento preventivo anual,Sí,Cliente solicitó revisión urgente,Encargado de Servicio Técnico,COT-2025-0094,INF-2025-0094,PEN,421.87
2025,Recepción,2025-04-20,2025-04-29,9,Trauma Médika EIRL,Clínica (VIP),Comas,Recepción,948840994,traumamédika12@gmail.com,"Av. Las Torres 1874, Comas",Laser baja potencia,Carsi,Lasermed 60mW,CAR-4024,Teclado membrana,Falla en teclado membrana,Cambio de teclado membrana,No,Se coordinó con el cliente por retraso de repuesto importado,Encargado de Servicio Técnico,COT-2025-0099,INF-2025-0099,USD,587.61
2025,Visita,2025-04-21,2025-04-27,6,Maribel Salud SAC,Clínica,San Miguel,Administración,966629388,maribelsalud2@gmail.com,"Av. Los Próceres 291, San Miguel",Magnetoterapia,Storz Medikal,Magnetolith,STO-8718,Cable de aplicador,Falso contacto en cable de aplicador (bobina),Cambio de cable de aplicador + Mantenimiento preventivo anual,Sí,Cliente solicitó revisión urgente,Encargado de Servicio Técnico,COT-2025-0110,INF-2025-0110,PEN,173.47
2025,Recepción,2025-04-21,2025-04-23,2,Corporación de Servicios Médicos del Sur,Clínica,Chosica,Administración,966722344,corporaciónd6@hotmail.com,"Av. El Sol 418, Chosica",Ultrasonido,Emme,Ultrasonic 1300,EMM-5510,N/A,Descalibración,Calibración de equipo + Mantenimiento preventivo anual,Sí,Se coordinó con el cliente por retraso de repuesto importado,Encargado de Servicio Técnico,COT-2025-0071,INF-2025-0071,PEN,242.0
2025,Recepción,2025-04-21,2025-04-25,4,Patricia Gómez Vásquez EIRL,Consultorio independiente,Cercado de Lima,Administración,924942603,patriciagóme0@gmail.com,"Av. La Marina 663, Cercado de Lima",Laser baja potencia,Carsi,Lasermed 100mW,CAR-9704,Cánula láser,Falso contacto en cable de cánula láser,Cambio de cable de cánula láser + Mantenimiento preventivo anual,Sí,Se coordinó con el cliente por retraso de repuesto importado,Encargado de Servicio Técnico,COT-2025-0041,INF-2025-0041,PEN,144.49
2025,Recepción,2025-04-21,2025-05-05,14,Lic. Mónica Torres Fisioterapia,Consultorio independiente,Los Olivos,Coordinación,942857966,licmónicator16@gmail.com,"Av. Central 877, Los Olivos",Electroterapia,Emme,Therapic 9400,EMM-5411,Cable de electrodos,Falso contacto en cable de electrodos,Cambio de cable de electrodos + Mantenimiento preventivo anual,Sí,,Encargado de Servicio Técnico,COT-2025-0388,INF-2025-0388,PEN,160.51
2025,Recepción,2025-04-23,2025-04-24,1,Corporación de Servicios Médicos del Sur,Clínica,Chosica,Administración,966722344,corporaciónd6@hotmail.com,"Av. El Sol 418, Chosica",Ultrasonido,Carsi,Sonomed V,CAR-6067,Aplicador US,Desgaste de cristal piezoeléctrico de aplicador,Cambio de piezoeléctrico de aplicador + Mantenimiento preventivo anual,Sí,Se coordinó con el cliente por retraso de repuesto importado,Practicante,COT-2025-0274,INF-2025-0274,PEN,448.01
2025,Recepción,2025-04-23,2025-05-02,9,Mefyre - Cuerpo de Emergencias,Institución,La Molina,Recepción,928728463,mefyrecuerpo1@outlook.com,"Av. Los Próceres 1485, La Molina",Laser baja potencia,Carsi,Lasermed 60mW,CAR-1255,N/A,Descalibración,Calibración de equipo + Mantenimiento preventivo anual,Sí,Equipo con uso intensivo diario,Encargado de Servicio Técnico,COT-2025-0143,INF-2025-0143,PEN,192.77
2025,Recepción,2025-04-23,2025-04-24,1,Lic. Rosa Ibarra Terapia Física,Consultorio independiente,Jesús María,Encargado de compras,924716857,licrosaibarr24@gmail.com,"Av. La Marina 427, Jesús María",Magnetoterapia,Meditek,Magnetherp 330,MED-1762,Teclado membrana,Falla en teclado membrana,Cambio de teclado membrana,No,Se coordinó con el cliente por retraso de repuesto importado,Practicante,COT-2025-0303,INF-2025-0303,PEN,109.78
2025,Recepción,2025-04-23,2025-05-04,11,Clínica Primavera SAC,Clínica,Miraflores,Administración,989089901,clínicaprima5@hotmail.com,"Av. Los Próceres 1654, Miraflores",Laser baja potencia,Carsi,Lasermed 100mW,CAR-9751,Fusible,Fusible quemado,Cambio de fusibles + Mantenimiento preventivo anual,Sí,Se coordinó con el cliente por retraso de repuesto importado,Encargado de Servicio Técnico,COT-2025-0058,INF-2025-0058,PEN,179.81
2025,Recepción,2025-04-24,2025-05-01,7,Hospital Nacional Docente,Institución,San Juan de Lurigancho,Coordinación,959684848,hospitalnaci14@hotmail.com,"Av. Las Torres 1472, San Juan de Lurigancho",Magnetoterapia,Emme,Magnetomed 8400,EMM-9807,Cable de aplicador,Falso contacto en cable de aplicador (bobina),Cambio de cable de aplicador,No,Cliente solicitó revisión urgente,Encargado de Servicio Técnico,COT-2025-0050,INF-2025-0050,PEN,270.11
2025,Recepción,2025-04-24,2025-04-27,3,Corporación de Servicios Médicos del Sur,Clínica,Chosica,Administración,966722344,corporaciónd6@hotmail.com,"Av. El Sol 418, Chosica",Magnetoterapia,Emme,Magnetomed 7200,EMM-5352,Teclado membrana,Falla en teclado membrana,Cambio de teclado membrana,No,Sin observaciones adicionales,Encargado de Servicio Técnico,COT-2025-0406,INF-2025-0406,PEN,315.46
2025,Recepción,2025-04-25,2025-04-28,3,Seguro Social de Salud,Institución (VIP),Chosica,Encargado de compras,971662963,segurosocial9@outlook.com,"Av. Los Próceres 1988, Chosica",Ultrasonido,Carsi,Sonomed V,CAR-1915,N/A,Descalibración,Calibración de equipo,No,Se coordinó con el cliente por retraso de repuesto importado,Practicante,COT-2025-0193,INF-2025-0193,PEN,941.12
2025,Visita,2025-04-25,2025-04-30,5,NoPain Centro de Rehabilitación,Clínica,Comas,Recepción,955176955,nopaincentro7@gmail.com,"Av. Los Próceres 878, Comas",Masoterapia,Genérico,Equipo de masoterapia,GEN-1484,N/A,Caso particular / falla no recurrente,Reparación según diagnóstico particular,No,Cliente solicitó revisión urgente,Encargado de Servicio Técnico,COT-2025-0049,INF-2025-0049,PEN,234.33
2025,Recepción,2025-04-28,2025-05-04,6,Patricia Gómez Vásquez EIRL,Consultorio independiente,Cercado de Lima,Administración,924942603,patriciagóme0@gmail.com,"Av. La Marina 663, Cercado de Lima",Camilla de Tracción,Everyway,ET-800,EVE-7571,N/A,Descalibración de fuerza de tracción,Calibración de fuerza de tracción + Mantenimiento preventivo anual,Sí,"Cliente rechazó cambio de placa, se optó por reparación",Encargado de Servicio Técnico,COT-2025-0051,INF-2025-0051,PEN,178.05
2025,Visita,2025-04-29,2025-05-02,3,Clínica Primavera SAC,Clínica,Miraflores,Administración,989089901,clínicaprima5@hotmail.com,"Av. Los Próceres 1654, Miraflores",Laser baja potencia,Carsi,Lasermed 100mW,CAR-1170,Teclado membrana,Falla en teclado membrana,Cambio de teclado membrana + Mantenimiento preventivo anual,Sí,Se coordinó con el cliente por retraso de repuesto importado,Encargado de Servicio Técnico,COT-2025-0146,INF-2025-0146,PEN,288.97
2025,Visita,2025-04-29,2025-05-03,4,Federación Peruana de Voleibol,Institución (VIP),San Miguel,Administración,935808537,federaciónpe11@outlook.com,"Av. Los Próceres 193, San Miguel",Magnetoterapia,Meditek,Magnetherp 330 NG,MED-1203,Cable de aplicador,Falso contacto en cable de aplicador (bobina),Cambio de cable de aplicador + Mantenimiento preventivo anual,Sí,"Equipo antiguo, se recomienda mantenimiento anual",Encargado de Servicio Técnico,COT-2025-0124,INF-2025-0124,PEN,971.69
2025,Recepción,2025-04-29,2025-05-01,2,Policlínico San Judas,Clínica,Chosica,Coordinación,988461803,policlínicos22@hotmail.com,"Av. Las Flores 917, Chosica",Ondas de Choque Radial,Ztorz Medikal,Masterpuls MP ONE,ZTO-1852,Aplicador,Aplicador superó límite de disparos,Cambio de aplicador por límite de disparos + Mantenimiento preventivo anual,Sí,Cliente solicitó revisión urgente,Encargado de Servicio Técnico,COT-2025-0298,INF-2025-0298,PEN,2460.54
2025,Visita,2025-04-29,2025-05-03,4,Fisiosalud Andina SAC,Clínica,La Molina,Recepción,928566572,fisiosaludan23@outlook.com,"Av. Central 286, La Molina",Laser baja potencia,Carsi,Lasermed 60mW,CAR-8807,Cánula láser,Falso contacto en cable de cánula láser,Cambio de cable de cánula láser,No,Sin observaciones adicionales,Encargado de Servicio Técnico,COT-2025-0107,INF-2025-0107,PEN,150.65
2025,Recepción,2025-04-29,2025-05-03,4,Alfa y Omega Rehabilitación,Clínica,La Molina,Administración,977827638,alfayomegare3@outlook.com,"Av. Los Próceres 1249, La Molina",Electroterapia,Biomedikal,Biostim NMS,BIO-2374,Cable de electrodos,Falso contacto en cable de electrodos,Cambio de cable de electrodos + Mantenimiento preventivo anual,Sí,,Encargado de Servicio Técnico,COT-2025-0342,INF-2025-0342,PEN,169.82
2025,Recepción,2025-05-01,2025-05-08,7,Clínica Primavera SAC,Clínica,Miraflores,Administración,989089901,clínicaprima5@hotmail.com,"Av. Los Próceres 1654, Miraflores",Ultrasonido,Carsi,Sonomed V,CAR-9615,N/A,Descalibración,Calibración de equipo,No,Cliente solicitó revisión urgente,Practicante,COT-2025-0332,INF-2025-0332,PEN,177.24
2025,Recepción,2025-05-03,2025-05-05,2,Fisioterapia San Rafael,Consultorio independiente,Chosica,Administración,996977837,fisioterapia15@gmail.com,"Av. Las Flores 1400, Chosica",Laser baja potencia,Carsi,Lasermed 60mW,CAR-4101,N/A,Descalibración,Calibración de equipo,No,"Cliente rechazó cambio de placa, se optó por reparación",Encargado de Servicio Técnico,COT-2025-0289,INF-2025-0289,PEN,108.26
2025,Visita,2025-05-06,2025-05-09,3,Mefyre - Cuerpo de Emergencias,Institución,La Molina,Recepción,928728463,mefyrecuerpo1@outlook.com,"Av. Los Próceres 1485, La Molina",Magnetoterapia,Emme,Magnetomed 8400,EMM-1356,Cable de aplicador,Falso contacto en cable de aplicador (bobina),Cambio de cable de aplicador,No,Sin observaciones adicionales,Encargado de Servicio Técnico,COT-2025-0028,INF-2025-0028,PEN,156.02
2025,Recepción,2025-05-07,2025-05-13,6,Corporación de Servicios Médicos del Sur,Clínica,Chosica,Administración,966722344,corporaciónd6@hotmail.com,"Av. El Sol 418, Chosica",Ultrasonido,Emme,Ultrasonic 1500,EMM-1181,N/A,Falla en placa de potencia (reparable),Reparación de placa de potencia,No,Equipo con uso intensivo diario,Encargado de Servicio Técnico,COT-2025-0259,INF-2025-0259,PEN,379.31
2025,Recepción,2025-05-08,2025-05-09,1,Patricia Gómez Vásquez EIRL,Consultorio independiente,Cercado de Lima,Administración,924942603,patriciagóme0@gmail.com,"Av. La Marina 663, Cercado de Lima",Laser baja potencia,Carsi,Lasermed 100mW,CAR-6120,N/A,Descalibración,Calibración de equipo + Mantenimiento preventivo anual,Sí,Se coordinó con el cliente por retraso de repuesto importado,Encargado de Servicio Técnico,COT-2025-0185,INF-2025-0185,PEN,160.41
2025,Recepción,2025-05-12,2025-05-18,6,Clínica Primavera SAC,Clínica,Miraflores,Administración,989089901,clínicaprima5@hotmail.com,"Av. Los Próceres 1654, Miraflores",Ultrasonido,Carsi,Sonomed IV,CAR-2597,N/A,Falla en placa de potencia (reparable),Reparación de placa de potencia + Mantenimiento preventivo anual,Sí,Se coordinó con el cliente por retraso de repuesto importado,Encargado de Servicio Técnico,COT-2025-0317,INF-2025-0317,PEN,614.44
2025,Recepción,2025-05-15,2025-05-19,4,Alfa y Omega Rehabilitación,Clínica,La Molina,Administración,977827638,alfayomegare3@outlook.com,"Av. Los Próceres 1249, La Molina",Ultrasonido,Emme,Ultrasonic 1500,EMM-3691,N/A,Descalibración,Calibración de equipo,No,Equipo con uso intensivo diario,Encargado de Servicio Técnico,COT-2025-0211,INF-2025-0211,PEN,130.57
2025,Recepción,2025-05-16,2025-05-22,6,Carlos Alberto Santos,Paciente / equipo propio,Chosica,Administración,997226012,carlosalbert4@outlook.com,"Av. Las Flores 959, Chosica",Ultrasonido,Emme,Ultrasonic 1500,EMM-8931,Cable de aplicador US,Falso contacto en cable de aplicador,Cambio de cable de aplicador,No,"Cliente rechazó cambio de placa, se optó por reparación",Encargado de Servicio Técnico,COT-2025-0140,INF-2025-0140,PEN,61.72
2025,Recepción,2025-05-18,2025-05-24,6,Trauma Médika EIRL,Clínica (VIP),Comas,Recepción,948840994,traumamédika12@gmail.com,"Av. Las Torres 1874, Comas",Laser baja potencia,Carsi,Lasermed 60mW,CAR-1381,Cánula láser,Falso contacto en cable de cánula láser,Cambio de cable de cánula láser,No,Se coordinó con el cliente por retraso de repuesto importado,Encargado de Servicio Técnico,COT-2025-0337,INF-2025-0337,USD,648.03
2025,Recepción,2025-05-19,2025-05-29,10,Parroquia Nuestra Señora de Chaclacayo,Institución,San Borja,Recepción,956164955,parroquianue8@outlook.com,"Av. El Sol 1752, San Borja",Laser baja potencia,Carsi,Lasermed 100mW,CAR-7094,N/A,Descalibración,Calibración de equipo,No,"Equipo antiguo, se recomienda mantenimiento anual",Practicante,COT-2025-0430,INF-2025-0430,PEN,150.94
2025,Recepción,2025-05-20,2025-05-30,10,Universidad Nacional del Centro,Institución,San Isidro,Coordinación,947308985,universidadn13@hotmail.com,"Av. La Marina 1808, San Isidro",Magnetoterapia,Meditek,Magnetherp 440,MED-4360,N/A,Descalibración,Calibración de equipo + Mantenimiento preventivo anual,Sí,Se coordinó con el cliente por retraso de repuesto importado,Practicante,COT-2025-0244,INF-2025-0244,PEN,472.9
2025,Recepción,2025-05-22,2025-05-23,1,NoPain Centro de Rehabilitación,Clínica,Comas,Recepción,955176955,nopaincentro7@gmail.com,"Av. Los Próceres 878, Comas",Ultrasonido,Emme,Ultrasonic 1500,EMM-5224,Aplicador US,Desgaste de cristal piezoeléctrico de aplicador,Cambio de piezoeléctrico de aplicador,No,Cliente solicitó revisión urgente,Encargado de Servicio Técnico,COT-2025-0039,INF-2025-0039,PEN,194.4
2025,Recepción,2025-05-22,2025-05-26,4,Federación Peruana de Voleibol,Institución (VIP),San Miguel,Administración,935808537,federaciónpe11@outlook.com,"Av. Los Próceres 193, San Miguel",Dermatoscopios,Dermlitex,Lumio,DER-3553,Lente,Mantenimiento por limpieza de lente,Limpieza y mantenimiento de lente + Mantenimiento preventivo anual,Sí,Se coordinó con el cliente por retraso de repuesto importado,Encargado de Servicio Técnico,COT-2025-0160,INF-2025-0160,PEN,814.24
2025,Recepción,2025-05-23,2025-05-25,2,Fisioterapia San Rafael,Consultorio independiente,Chosica,Administración,996977837,fisioterapia15@gmail.com,"Av. Las Flores 1400, Chosica",Ultrasonido,Carsi,Sonomed V,CAR-6904,N/A,Descalibración,Calibración de equipo,No,,Encargado de Servicio Técnico,COT-2025-0386,INF-2025-0386,PEN,101.55
2025,Recepción,2025-05-26,2025-05-31,5,Lic. Rosa Ibarra Terapia Física,Consultorio independiente,Jesús María,Encargado de compras,924716857,licrosaibarr24@gmail.com,"Av. La Marina 427, Jesús María",Electroterapia,Emme,Therapic 9200,EMM-4313,N/A,Falla en placa de control por caída (equipo portátil),Reparación de placa de control + Mantenimiento preventivo anual,Sí,Cliente solicitó revisión urgente,Encargado de Servicio Técnico,COT-2025-0076,INF-2025-0076,PEN,265.57
2025,Recepción,2025-05-27,2025-05-28,1,Maribel Salud SAC,Clínica,San Miguel,Administración,966629388,maribelsalud2@gmail.com,"Av. Los Próceres 291, San Miguel",Ultrasonido,Emme,Ultrasonic 1300,EMM-3941,Teclado membrana,Falla en teclado membrana,Cambio de teclado membrana + Mantenimiento preventivo anual,Sí,Cliente solicitó revisión urgente,Practicante,COT-2025-0036,INF-2025-0036,PEN,276.63
2025,Recepción,2025-05-30,2025-05-31,1,Maribel Salud SAC,Clínica,San Miguel,Administración,966629388,maribelsalud2@gmail.com,"Av. Los Próceres 291, San Miguel",Electroterapia,Emme,Therapic 9200,EMM-2212,Cable de electrodos,Falso contacto en cable de electrodos,Cambio de cable de electrodos,No,"Equipo antiguo, se recomienda mantenimiento anual",Encargado de Servicio Técnico,COT-2025-0079,INF-2025-0079,PEN,104.02
2025,Recepción,2025-05-30,2025-06-01,2,NoPain Centro de Rehabilitación,Clínica,Comas,Recepción,955176955,nopaincentro7@gmail.com,"Av. Los Próceres 878, Comas",Dermatoscopios,Dermlitex,DL4W,DER-3873,Lente,Mantenimiento por limpieza de lente,Limpieza y mantenimiento de lente + Mantenimiento preventivo anual,Sí,Sin observaciones adicionales,Encargado de Servicio Técnico,COT-2025-0064,INF-2025-0064,PEN,143.34
2025,Recepción,2025-05-31,2025-06-01,1,Federación Peruana de Voleibol,Institución (VIP),San Miguel,Administración,935808537,federaciónpe11@outlook.com,"Av. Los Próceres 193, San Miguel",Ultrasonido,Carsi,Sonomed IV,CAR-2081,Aplicador US,Desgaste de cristal piezoeléctrico de aplicador,Cambio de piezoeléctrico de aplicador,No,,Encargado de Servicio Técnico,COT-2025-0424,INF-2025-0424,PEN,1160.98
2025,Recepción,2025-06-01,2025-06-02,1,Mefyre - Cuerpo de Emergencias,Institución,La Molina,Recepción,928728463,mefyrecuerpo1@outlook.com,"Av. Los Próceres 1485, La Molina",Laser baja potencia,Carsi,Lasermed 60mW,CAR-1855,N/A,Falla en placa de potencia (reparable),Reparación de placa de potencia,No,Cliente solicitó revisión urgente,Practicante,COT-2025-0012,INF-2025-0012,PEN,383.47
2025,Recepción,2025-06-01,2025-06-05,4,Maribel Salud SAC,Clínica,San Miguel,Administración,966629388,maribelsalud2@gmail.com,"Av. Los Próceres 291, San Miguel",Ultrasonido,Emme,Ultrasonic 1500,EMM-8445,Fusible,Fusible quemado,Cambio de fusibles + Mantenimiento preventivo anual,Sí,"Equipo antiguo, se recomienda mantenimiento anual",Encargado de Servicio Técnico,COT-2025-0307,INF-2025-0307,PEN,161.48
2025,Recepción,2025-06-01,2025-06-10,9,Parroquia Nuestra Señora de Chaclacayo,Institución,San Borja,Recepción,956164955,parroquianue8@outlook.com,"Av. El Sol 1752, San Borja",Ultrasonido,Emme,Ultrasonic 1500,EMM-4651,N/A,Descalibración,Calibración de equipo + Mantenimiento preventivo anual,Sí,"Cliente rechazó cambio de placa, se optó por reparación",Encargado de Servicio Técnico,COT-2025-0086,INF-2025-0086,PEN,187.34
2025,Visita,2025-06-02,2025-06-06,4,Universidad Nacional del Centro,Institución,San Isidro,Coordinación,947308985,universidadn13@hotmail.com,"Av. La Marina 1808, San Isidro",Magnetoterapia,Storz Medikal,Magnetolith,STO-6531,Cable de aplicador,Falso contacto en cable de aplicador (bobina),Cambio de cable de aplicador + Mantenimiento preventivo anual,Sí,"Cliente rechazó cambio de placa, se optó por reparación",Encargado de Servicio Técnico,COT-2025-0240,INF-2025-0240,PEN,601.9
2025,Recepción,2025-06-02,2025-06-08,6,Maribel Salud SAC,Clínica,San Miguel,Administración,966629388,maribelsalud2@gmail.com,"Av. Los Próceres 291, San Miguel",Ultrasonido,Emme,Ultrasonic 1500,EMM-7387,Cable de aplicador US,Falso contacto en cable de aplicador,Cambio de cable de aplicador,No,Cliente solicitó revisión urgente,Encargado de Servicio Técnico,COT-2025-0336,INF-2025-0336,PEN,178.78
2025,Recepción,2025-06-04,2025-06-07,3,Federación Peruana de Voleibol,Institución (VIP),San Miguel,Administración,935808537,federaciónpe11@outlook.com,"Av. Los Próceres 193, San Miguel",Compresero Frío,Nacional Perú,Compresero frío 12 unid.,NAC-6588,N/A,Mantenimiento preventivo (sin falla registrada),Mantenimiento preventivo general,No,Se coordinó con el cliente por retraso de repuesto importado,Encargado de Servicio Técnico,COT-2025-0184,INF-2025-0184,PEN,550.1
2025,Recepción,2025-06-04,2025-06-07,3,Patricia Gómez Vásquez EIRL,Consultorio independiente,Cercado de Lima,Administración,924942603,patriciagóme0@gmail.com,"Av. La Marina 663, Cercado de Lima",Ultrasonido,Carsi,Sonomed IV,CAR-7602,Aplicador US,Desgaste de cristal piezoeléctrico de aplicador,Cambio de piezoeléctrico de aplicador,No,Equipo con uso intensivo diario,Encargado de Servicio Técnico,COT-2025-0216,INF-2025-0216,PEN,227.51
2025,Recepción,2025-06-05,2025-06-09,4,Patricia Gómez Vásquez EIRL,Consultorio independiente,Cercado de Lima,Administración,924942603,patriciagóme0@gmail.com,"Av. La Marina 663, Cercado de Lima",Ultrasonido,Carsi,Sonomed V,CAR-6212,Cable de aplicador US,Falso contacto en cable de aplicador,Cambio de cable de aplicador + Mantenimiento preventivo anual,Sí,Equipo con uso intensivo diario,Practicante,COT-2025-0046,INF-2025-0046,PEN,176.57
2025,Visita,2025-06-05,2025-06-07,2,Fisiosalud Andina SAC,Clínica,La Molina,Recepción,928566572,fisiosaludan23@outlook.com,"Av. Central 286, La Molina",Magnetoterapia,Meditek,Magnetherp 330,MED-7760,Teclado membrana,Falla en teclado membrana,Cambio de teclado membrana + Mantenimiento preventivo anual,Sí,Se coordinó con el cliente por retraso de repuesto importado,Encargado de Servicio Técnico,COT-2025-0267,INF-2025-0267,PEN,368.34
2025,Recepción,2025-06-07,2025-06-08,1,Mefyre - Cuerpo de Emergencias,Institución,La Molina,Recepción,928728463,mefyrecuerpo1@outlook.com,"Av. Los Próceres 1485, La Molina",Magnetoterapia,Meditek,Magnetherp 440,MED-4559,N/A,Falla en placa de potencia (reparable),Reparación de placa de potencia,No,"Cliente rechazó cambio de placa, se optó por reparación",Practicante,COT-2025-0408,INF-2025-0408,PEN,343.46
2025,Recepción,2025-06-07,2025-06-10,3,Parroquia Nuestra Señora de Chaclacayo,Institución,San Borja,Recepción,956164955,parroquianue8@outlook.com,"Av. El Sol 1752, San Borja",Magnetoterapia,Meditek,Magnetherp 440,MED-2532,Cable de aplicador,Falso contacto en cable de aplicador (bobina),Cambio de cable de aplicador + Mantenimiento preventivo anual,Sí,,Encargado de Servicio Técnico,COT-2025-0315,INF-2025-0315,PEN,203.97
2025,Recepción,2025-06-07,2025-06-15,8,Carlos Alberto Santos,Paciente / equipo propio,Chosica,Administración,997226012,carlosalbert4@outlook.com,"Av. Las Flores 959, Chosica",Laser baja potencia,Carsi,Lasermed 100mW,CAR-7187,Cánula láser,Falso contacto en cable de cánula láser,Cambio de cable de cánula láser + Mantenimiento preventivo anual,Sí,Cliente solicitó revisión urgente,Encargado de Servicio Técnico,COT-2025-0245,INF-2025-0245,PEN,151.94
2025,Recepción,2025-06-09,2025-06-18,9,Mefyre - Cuerpo de Emergencias,Institución,La Molina,Recepción,928728463,mefyrecuerpo1@outlook.com,"Av. Los Próceres 1485, La Molina",Laser baja potencia,Carsi,Lasermed 100mW,CAR-4713,Cánula láser,Falso contacto en cable de cánula láser,Cambio de cable de cánula láser + Mantenimiento preventivo anual,Sí,"Equipo antiguo, se recomienda mantenimiento anual",Encargado de Servicio Técnico,COT-2025-0133,INF-2025-0133,PEN,236.04
2025,Visita,2025-06-09,2025-06-16,7,Alfa y Omega Rehabilitación,Clínica,La Molina,Administración,977827638,alfayomegare3@outlook.com,"Av. Los Próceres 1249, La Molina",Electroterapia,Biomedikal,Biostim NMS,BIO-3294,Cable de electrodos,Falso contacto en cable de electrodos,Cambio de cable de electrodos,No,Cliente solicitó revisión urgente,Encargado de Servicio Técnico,COT-2025-0061,INF-2025-0061,PEN,127.03
2025,Visita,2025-06-11,2025-06-17,6,Policlínico San Judas,Clínica,Chosica,Coordinación,988461803,policlínicos22@hotmail.com,"Av. Las Flores 917, Chosica",Compreseros Calientes,Nacional Perú,Compresero 6 unid.,NAC-5137,N/A,Descalibración de temperatura,Calibración de temperatura,No,Equipo con uso intensivo diario,Encargado de Servicio Técnico,COT-2025-0237,INF-2025-0237,PEN,81.22
2025,Recepción,2025-06-11,2025-06-16,5,Patricia Gómez Vásquez EIRL,Consultorio independiente,Cercado de Lima,Administración,924942603,patriciagóme0@gmail.com,"Av. La Marina 663, Cercado de Lima",Magnetoterapia,Meditek,Magnetherp 440,MED-1892,Carcasa de bobina,Rotura de carcasa de bobina plana (orejas de correa),Cambio de carcasa de accesorio + Mantenimiento preventivo anual,Sí,Equipo con uso intensivo diario,Encargado de Servicio Técnico,COT-2025-0239,INF-2025-0239,PEN,137.29
2025,Visita,2025-06-11,2025-06-16,5,NoPain Centro de Rehabilitación,Clínica,Comas,Recepción,955176955,nopaincentro7@gmail.com,"Av. Los Próceres 878, Comas",Laser baja potencia,Carsi,Lasermed 60mW,CAR-5271,N/A,Descalibración,Calibración de equipo,No,"Cliente rechazó cambio de placa, se optó por reparación",Practicante,COT-2025-0080,INF-2025-0080,PEN,141.55
2025,Recepción,2025-06-13,2025-06-17,4,Trauma Médika EIRL,Clínica (VIP),Comas,Recepción,948840994,traumamédika12@gmail.com,"Av. Las Torres 1874, Comas",Ondas de Choque Radial,Ztorz Medikal,Masterpuls MP ONE,ZTO-1440,Aplicador,Aplicador superó límite de disparos,Cambio de aplicador por límite de disparos,No,Cliente solicitó revisión urgente,Encargado de Servicio Técnico,COT-2025-0034,INF-2025-0034,USD,10297.39
2025,Recepción,2025-06-13,2025-06-16,3,Universidad Nacional del Centro,Institución,San Isidro,Coordinación,947308985,universidadn13@hotmail.com,"Av. La Marina 1808, San Isidro",Electroterapia,Biomedikal,Biostim NMS,BIO-3180,Cable de electrodos,Falso contacto en cable de electrodos,Cambio de cable de electrodos + Mantenimiento preventivo anual,Sí,Se coordinó con el cliente por retraso de repuesto importado,Encargado de Servicio Técnico,COT-2025-0157,INF-2025-0157,PEN,423.97
2025,Recepción,2025-06-15,2025-06-21,6,Patricia Gómez Vásquez EIRL,Consultorio independiente,Cercado de Lima,Administración,924942603,patriciagóme0@gmail.com,"Av. La Marina 663, Cercado de Lima",Ultrasonido,Carsi,Sonomed V,CAR-4744,N/A,Descalibración,Calibración de equipo + Mantenimiento preventivo anual,Sí,"Equipo antiguo, se recomienda mantenimiento anual",Encargado de Servicio Técnico,COT-2025-0247,INF-2025-0247,PEN,205.03
2025,Recepción,2025-06-16,2025-06-18,2,Patricia Gómez Vásquez EIRL,Consultorio independiente,Cercado de Lima,Administración,924942603,patriciagóme0@gmail.com,"Av. La Marina 663, Cercado de Lima",Ultrasonido,Carsi,Sonomed IV,CAR-2886,N/A,Descalibración,Calibración de equipo + Mantenimiento preventivo anual,Sí,Cliente solicitó revisión urgente,Encargado de Servicio Técnico,COT-2025-0419,INF-2025-0419,PEN,167.58
2025,Recepción,2025-06-17,2025-06-26,9,Instituto Peruano del Deporte - Sede Sur,Institución,La Molina,Encargado de compras,997971488,institutoper20@hotmail.com,"Av. Central 1911, La Molina",Magnetoterapia,Meditek,Magnetherp 330,MED-6355,Cable de aplicador,Falso contacto en cable de aplicador (bobina),Cambio de cable de aplicador + Mantenimiento preventivo anual,Sí,Cliente solicitó revisión urgente,Encargado de Servicio Técnico,COT-2025-0413,INF-2025-0413,PEN,687.29
2025,Recepción,2025-06-18,2025-06-20,2,Corporación de Servicios Médicos del Sur,Clínica,Chosica,Administración,966722344,corporaciónd6@hotmail.com,"Av. El Sol 418, Chosica",Compreseros Calientes,Nacional Perú,Compresero 12 unid.,NAC-3244,Termostato,Termostato dañado,Cambio de termostato + Mantenimiento preventivo anual,Sí,Cliente solicitó revisión urgente,Encargado de Servicio Técnico,COT-2025-0313,INF-2025-0313,PEN,166.22
2025,Recepción,2025-06-19,2025-06-23,4,Clínica Los Álamos SAC,Clínica,Magdalena,Coordinación,995899313,clínicalosál17@outlook.com,"Av. Las Flores 549, Magdalena",Compreseros Calientes,Nacional Perú,Compresero 24 unid.,NAC-8367,N/A,Descalibración de temperatura,Calibración de temperatura + Mantenimiento preventivo anual,Sí,Se coordinó con el cliente por retraso de repuesto importado,Encargado de Servicio Técnico,COT-2025-0154,INF-2025-0154,PEN,202.08
2025,Recepción,2025-06-22,2025-06-27,5,Patricia Gómez Vásquez EIRL,Consultorio independiente,Cercado de Lima,Administración,924942603,patriciagóme0@gmail.com,"Av. La Marina 663, Cercado de Lima",Ultrasonido,Carsi,Sonomed IV,CAR-2774,N/A,Descalibración,Calibración de equipo + Mantenimiento preventivo anual,Sí,Cliente solicitó revisión urgente,Encargado de Servicio Técnico,COT-2025-0373,INF-2025-0373,PEN,152.89
2025,Recepción,2025-06-22,2025-06-27,5,Maribel Salud SAC,Clínica,San Miguel,Administración,966629388,maribelsalud2@gmail.com,"Av. Los Próceres 291, San Miguel",Laser alta potencia,Emme,Vikate 8W,EMM-5833,N/A,Descalibración,Calibración de equipo + Mantenimiento preventivo anual,Sí,Cliente solicitó revisión urgente,Practicante,COT-2025-0235,INF-2025-0235,PEN,194.06
2025,Recepción,2025-06-24,2025-07-02,8,Patricia Gómez Vásquez EIRL,Consultorio independiente,Cercado de Lima,Administración,924942603,patriciagóme0@gmail.com,"Av. La Marina 663, Cercado de Lima",Ultrasonido,Carsi,Sonomed V,CAR-4737,Teclado membrana,Falla en teclado membrana,Cambio de teclado membrana,No,"Cliente rechazó cambio de placa, se optó por reparación",Encargado de Servicio Técnico,COT-2025-0359,INF-2025-0359,PEN,149.36
2025,Visita,2025-06-24,2025-07-01,7,Maribel Salud SAC,Clínica,San Miguel,Administración,966629388,maribelsalud2@gmail.com,"Av. Los Próceres 291, San Miguel",Laser alta potencia,Emme,Lasermed 2200,EMM-6525,N/A,Caso particular de fábrica,Reparación según diagnóstico particular + Mantenimiento preventivo anual,Sí,Cliente solicitó revisión urgente,Practicante,COT-2025-0102,INF-2025-0102,PEN,318.48
2025,Recepción,2025-06-25,2025-07-08,13,Maribel Salud SAC,Clínica,San Miguel,Administración,966629388,maribelsalud2@gmail.com,"Av. Los Próceres 291, San Miguel",Ultrasonido,Emme,Ultrasonic 1300,EMM-6107,Cable de aplicador US,Falso contacto en cable de aplicador,Cambio de cable de aplicador,No,,Encargado de Servicio Técnico,COT-2025-0013,INF-2025-0013,PEN,131.64
2025,Recepción,2025-06-26,2025-06-28,2,Patricia Gómez Vásquez EIRL,Consultorio independiente,Cercado de Lima,Administración,924942603,patriciagóme0@gmail.com,"Av. La Marina 663, Cercado de Lima",Laser baja potencia,Carsi,Lasermed 60mW,CAR-7617,Cánula láser,Falso contacto en cable de cánula láser,Cambio de cable de cánula láser + Mantenimiento preventivo anual,Sí,"Cliente rechazó cambio de placa, se optó por reparación",Encargado de Servicio Técnico,COT-2025-0254,INF-2025-0254,PEN,215.32
2025,Recepción,2025-06-28,2025-07-01,3,Clínica Los Álamos SAC,Clínica,Magdalena,Coordinación,995899313,clínicalosál17@outlook.com,"Av. Las Flores 549, Magdalena",Laser baja potencia,Carsi,Lasermed 60mW,CAR-2383,N/A,Descalibración,Calibración de equipo,No,Se coordinó con el cliente por retraso de repuesto importado,Encargado de Servicio Técnico,COT-2025-0092,INF-2025-0092,PEN,165.2
2025,Visita,2025-06-28,2025-06-29,1,Lic. Mónica Torres Fisioterapia,Consultorio independiente,Los Olivos,Coordinación,942857966,licmónicator16@gmail.com,"Av. Central 877, Los Olivos",Magnetoterapia,Meditek,Magnetherp 330,MED-7983,Cable de aplicador,Falso contacto en cable de aplicador (bobina),Cambio de cable de aplicador,No,Sin observaciones adicionales,Encargado de Servicio Técnico,COT-2025-0394,INF-2025-0394,PEN,149.85
2025,Recepción,2025-06-29,2025-07-06,7,Patricia Gómez Vásquez EIRL,Consultorio independiente,Cercado de Lima,Administración,924942603,patriciagóme0@gmail.com,"Av. La Marina 663, Cercado de Lima",Electroterapia,Emme,Therapic 9200,EMM-5074,Cable de electrodos,Falso contacto en cable de electrodos,Cambio de cable de electrodos + Mantenimiento preventivo anual,Sí,"Equipo antiguo, se recomienda mantenimiento anual",Encargado de Servicio Técnico,COT-2025-0118,INF-2025-0118,PEN,177.53
2025,Recepción,2025-06-29,2025-06-30,1,Mefyre - Cuerpo de Emergencias,Institución,La Molina,Recepción,928728463,mefyrecuerpo1@outlook.com,"Av. Los Próceres 1485, La Molina",Laser baja potencia,Carsi,Lasermed 60mW,CAR-5873,Cánula láser,Falso contacto en cable de cánula láser,Cambio de cable de cánula láser + Mantenimiento preventivo anual,Sí,,Encargado de Servicio Técnico,COT-2025-0204,INF-2025-0204,PEN,227.81
2025,Visita,2025-06-29,2025-07-08,9,Maribel Salud SAC,Clínica,San Miguel,Administración,966629388,maribelsalud2@gmail.com,"Av. Los Próceres 291, San Miguel",Electroterapia,Biomedikal,Quadstar II,BIO-3976,N/A,Falla en placa de control por caída (equipo portátil),Reparación de placa de control + Mantenimiento preventivo anual,Sí,Se coordinó con el cliente por retraso de repuesto importado,Encargado de Servicio Técnico,COT-2025-0085,INF-2025-0085,PEN,555.69
2025,Recepción,2025-06-29,2025-07-03,4,Lic. Mónica Torres Fisioterapia,Consultorio independiente,Los Olivos,Coordinación,942857966,licmónicator16@gmail.com,"Av. Central 877, Los Olivos",Electroterapia,Biomedikal,Quadstar II,BIO-1423,N/A,Falla en placa de control por caída (equipo portátil),Reparación de placa de control + Mantenimiento preventivo anual,Sí,Se coordinó con el cliente por retraso de repuesto importado,Practicante,COT-2025-0327,INF-2025-0327,PEN,345.8
2025,Recepción,2025-07-01,2025-07-05,4,IAFAS Fuerza Aeroespacial del Perú,Institución (VIP),Ate,Coordinación,984093639,iafasfuerzaa10@hotmail.com,"Av. La Marina 1366, Ate",Ultrasonido,Emme,Ultrasonic 1500,EMM-6647,Fusible,Fusible quemado,Cambio de fusibles + Mantenimiento preventivo anual,Sí,Sin observaciones adicionales,Practicante,COT-2025-0360,INF-2025-0360,PEN,947.95
2025,Recepción,2025-07-02,2025-07-05,3,Carlos Alberto Santos,Paciente / equipo propio,Chosica,Administración,997226012,carlosalbert4@outlook.com,"Av. Las Flores 959, Chosica",Electroterapia,Biomedikal,Impulse 3000T,BIO-6358,Cable de electrodos,Falso contacto en cable de electrodos,Cambio de cable de electrodos,No,,Practicante,COT-2025-0083,INF-2025-0083,PEN,105.83
2025,Recepción,2025-07-03,2025-07-10,7,Federación Peruana de Voleibol,Institución (VIP),San Miguel,Administración,935808537,federaciónpe11@outlook.com,"Av. Los Próceres 193, San Miguel",Electroterapia,Biomedikal,Impulse 3000T,BIO-2888,Cable de electrodos,Falso contacto en cable de electrodos,Cambio de cable de electrodos,No,,Encargado de Servicio Técnico,COT-2025-0195,INF-2025-0195,PEN,702.16
2025,Visita,2025-07-03,2025-07-06,3,Patricia Gómez Vásquez EIRL,Consultorio independiente,Cercado de Lima,Administración,924942603,patriciagóme0@gmail.com,"Av. La Marina 663, Cercado de Lima",Ultrasonido,Carsi,Sonomed IV,CAR-3691,Cable de aplicador US,Falso contacto en cable de aplicador,Cambio de cable de aplicador,No,Se coordinó con el cliente por retraso de repuesto importado,Encargado de Servicio Técnico,COT-2025-0370,INF-2025-0370,PEN,124.57
2025,Recepción,2025-07-06,2025-07-07,1,Corporación de Servicios Médicos del Sur,Clínica,Chosica,Administración,966722344,corporaciónd6@hotmail.com,"Av. El Sol 418, Chosica",Ultrasonido,Emme,Ultrasonic 1300,EMM-1528,Cable de aplicador US,Falso contacto en cable de aplicador,Cambio de cable de aplicador,No,Se coordinó con el cliente por retraso de repuesto importado,Encargado de Servicio Técnico,COT-2025-0048,INF-2025-0048,PEN,180.76
2025,Recepción,2025-07-07,2025-07-11,4,Alfa y Omega Rehabilitación,Clínica,La Molina,Administración,977827638,alfayomegare3@outlook.com,"Av. Los Próceres 1249, La Molina",Magnetoterapia,Emme,Magnetomed 7200,EMM-8210,Cable de aplicador,Falso contacto en cable de aplicador (bobina),Cambio de cable de aplicador,No,,Encargado de Servicio Técnico,COT-2025-0077,INF-2025-0077,PEN,176.13
2025,Recepción,2025-07-08,2025-07-12,4,Maribel Salud SAC,Clínica,San Miguel,Administración,966629388,maribelsalud2@gmail.com,"Av. Los Próceres 291, San Miguel",Electroterapia,Emme,Therapic 9200,EMM-5454,Cable de electrodos,Falso contacto en cable de electrodos,Cambio de cable de electrodos + Mantenimiento preventivo anual,Sí,Se coordinó con el cliente por retraso de repuesto importado,Practicante,COT-2025-0363,INF-2025-0363,PEN,224.35
2025,Recepción,2025-07-09,2025-07-11,2,Corporación de Servicios Médicos del Sur,Clínica,Chosica,Administración,966722344,corporaciónd6@hotmail.com,"Av. El Sol 418, Chosica",Ultrasonido,Carsi,Sonomed V,CAR-2007,Cable de aplicador US,Falso contacto en cable de aplicador,Cambio de cable de aplicador,No,Sin observaciones adicionales,Encargado de Servicio Técnico,COT-2025-0427,INF-2025-0427,PEN,107.24
2025,Visita,2025-07-09,2025-07-16,7,Mefyre - Cuerpo de Emergencias,Institución,La Molina,Recepción,928728463,mefyrecuerpo1@outlook.com,"Av. Los Próceres 1485, La Molina",Magnetoterapia,Storz Medikal,Magnetolith,STO-2085,Cable de aplicador,Falso contacto en cable de aplicador (bobina),Cambio de cable de aplicador,No,Cliente solicitó revisión urgente,Encargado de Servicio Técnico,COT-2025-0263,INF-2025-0263,PEN,218.85
2025,Recepción,2025-07-10,2025-07-21,11,Mefyre - Cuerpo de Emergencias,Institución,La Molina,Recepción,928728463,mefyrecuerpo1@outlook.com,"Av. Los Próceres 1485, La Molina",Compreseros Calientes,Nacional Perú,Compresero 12 unid.,NAC-6260,Termostato,Termostato dañado,Cambio de termostato + Mantenimiento preventivo anual,Sí,Equipo con uso intensivo diario,Practicante,COT-2025-0095,INF-2025-0095,PEN,222.76
2025,Visita,2025-07-10,2025-07-11,1,Carlos Alberto Santos,Paciente / equipo propio,Chosica,Administración,997226012,carlosalbert4@outlook.com,"Av. Las Flores 959, Chosica",Magnetoterapia,Emme,Magnetomed 8400,EMM-7798,Cable de aplicador,Falso contacto en cable de aplicador (bobina),Cambio de cable de aplicador,No,"Cliente rechazó cambio de placa, se optó por reparación",Encargado de Servicio Técnico,COT-2025-0197,INF-2025-0197,PEN,95.44
2025,Recepción,2025-07-12,2025-07-17,5,Patricia Gómez Vásquez EIRL,Consultorio independiente,Cercado de Lima,Administración,924942603,patriciagóme0@gmail.com,"Av. La Marina 663, Cercado de Lima",Electroterapia,Emme,Therapic 9400,EMM-7974,Cable de electrodos,Falso contacto en cable de electrodos,Cambio de cable de electrodos + Mantenimiento preventivo anual,Sí,"Equipo antiguo, se recomienda mantenimiento anual",Encargado de Servicio Técnico,COT-2025-0040,INF-2025-0040,PEN,152.37
2025,Recepción,2025-07-12,2025-07-18,6,Fisiosalud Andina SAC,Clínica,La Molina,Recepción,928566572,fisiosaludan23@outlook.com,"Av. Central 286, La Molina",Magnetoterapia,Emme,Magnetomed 7200,EMM-4215,Carcasa de bobina,Rotura de carcasa de bobina plana (orejas de correa),Cambio de carcasa de accesorio,No,Cliente solicitó revisión urgente,Encargado de Servicio Técnico,COT-2025-0312,INF-2025-0312,PEN,88.78
2025,Recepción,2025-07-12,2025-07-22,10,Centro de Rehabilitación Vitalis,Clínica,Jesús María,Coordinación,917507864,centrodereha18@gmail.com,"Av. Los Próceres 1748, Jesús María",Ultrasonido,Carsi,Sonomed V,CAR-1417,N/A,Falla en placa de control (reparable),Reparación de placa de control + Mantenimiento preventivo anual,Sí,Se coordinó con el cliente por retraso de repuesto importado,Encargado de Servicio Técnico,COT-2025-0192,INF-2025-0192,PEN,362.19
2025,Recepción,2025-07-14,2025-07-16,2,Fisiosalud Andina SAC,Clínica,La Molina,Recepción,928566572,fisiosaludan23@outlook.com,"Av. Central 286, La Molina",Compreseros Calientes,Nacional Perú,Compresero 24 unid.,NAC-9540,Fusible,Fusible quemado,Cambio de fusibles + Mantenimiento preventivo anual,Sí,"Equipo antiguo, se recomienda mantenimiento anual",Encargado de Servicio Técnico,COT-2025-0231,INF-2025-0231,PEN,168.87
2025,Recepción,2025-07-15,2025-07-26,11,Patricia Gómez Vásquez EIRL,Consultorio independiente,Cercado de Lima,Administración,924942603,patriciagóme0@gmail.com,"Av. La Marina 663, Cercado de Lima",Magnetoterapia,Storz Medikal,Magnetolith,STO-8356,Cable de aplicador,Falso contacto en cable de aplicador (bobina),Cambio de cable de aplicador + Mantenimiento preventivo anual,Sí,Cliente solicitó revisión urgente,Encargado de Servicio Técnico,COT-2025-0367,INF-2025-0367,PEN,204.24
2025,Recepción,2025-07-15,2025-07-19,4,Maribel Salud SAC,Clínica,San Miguel,Administración,966629388,maribelsalud2@gmail.com,"Av. Los Próceres 291, San Miguel",Magnetoterapia,Meditek,Magnetherp 330 NG,MED-4840,Teclado membrana,Falla en teclado membrana,Cambio de teclado membrana,No,Se coordinó con el cliente por retraso de repuesto importado,Encargado de Servicio Técnico,COT-2025-0308,INF-2025-0308,PEN,273.44
2025,Visita,2025-07-16,2025-07-19,3,Alfa y Omega Rehabilitación,Clínica,La Molina,Administración,977827638,alfayomegare3@outlook.com,"Av. Los Próceres 1249, La Molina",Magnetoterapia,Emme,Magnetomed 7200,EMM-8046,Cable de aplicador,Falso contacto en cable de aplicador (bobina),Cambio de cable de aplicador + Mantenimiento preventivo anual,Sí,,Encargado de Servicio Técnico,COT-2025-0269,INF-2025-0269,PEN,265.61
2025,Recepción,2025-07-16,2025-07-21,5,Carlos Alberto Santos,Paciente / equipo propio,Chosica,Administración,997226012,carlosalbert4@outlook.com,"Av. Las Flores 959, Chosica",Laser baja potencia,Carsi,Lasermed 100mW,CAR-7021,Teclado membrana,Falla en teclado membrana,Cambio de teclado membrana + Mantenimiento preventivo anual,Sí,,Encargado de Servicio Técnico,COT-2025-0255,INF-2025-0255,PEN,140.19
2025,Visita,2025-07-18,2025-07-19,1,Fisiosalud Andina SAC,Clínica,La Molina,Recepción,928566572,fisiosaludan23@outlook.com,"Av. Central 286, La Molina",Magnetoterapia,Storz Medikal,Magnetolith,STO-8044,N/A,Falla en placa de potencia (reparable),Reparación de placa de potencia,No,"Cliente rechazó cambio de placa, se optó por reparación",Encargado de Servicio Técnico,COT-2025-0380,INF-2025-0380,PEN,474.5
2025,Recepción,2025-07-19,2025-07-24,5,Centro Médico El Progreso,Clínica,San Miguel,Encargado de compras,918526544,centromédico25@hotmail.com,"Av. Central 1320, San Miguel",Magnetoterapia,Storz Medikal,Magnetolith,STO-8292,Fusible,Fusible quemado,Cambio de fusibles + Mantenimiento preventivo anual,Sí,"Equipo antiguo, se recomienda mantenimiento anual",Encargado de Servicio Técnico,COT-2025-0321,INF-2025-0321,PEN,147.72
2025,Recepción,2025-07-19,2025-07-23,4,Federación Peruana de Voleibol,Institución (VIP),San Miguel,Administración,935808537,federaciónpe11@outlook.com,"Av. Los Próceres 193, San Miguel",Laser alta potencia,Emme,Bipower Lux,EMM-6019,N/A,Caso particular de fábrica,Reparación según diagnóstico particular + Mantenimiento preventivo anual,Sí,Se coordinó con el cliente por retraso de repuesto importado,Encargado de Servicio Técnico,COT-2025-0311,INF-2025-0311,PEN,1540.75
2025,Visita,2025-07-20,2025-07-23,3,IAFAS Fuerza Aeroespacial del Perú,Institución (VIP),Ate,Coordinación,984093639,iafasfuerzaa10@hotmail.com,"Av. La Marina 1366, Ate",Compreseros Calientes,Nacional Perú,Compresero 12 unid.,NAC-1903,Termostato,Termostato dañado,Cambio de termostato + Mantenimiento preventivo anual,Sí,Equipo con uso intensivo diario,Encargado de Servicio Técnico,COT-2025-0364,INF-2025-0364,PEN,1134.82
2025,Recepción,2025-07-20,2025-07-23,3,Parroquia Nuestra Señora de Chaclacayo,Institución,San Borja,Recepción,956164955,parroquianue8@outlook.com,"Av. El Sol 1752, San Borja",Ultrasonido,Emme,Ultrasonic 1300,EMM-9191,Cable de aplicador US,Falso contacto en cable de aplicador,Cambio de cable de aplicador + Mantenimiento preventivo anual,Sí,"Equipo antiguo, se recomienda mantenimiento anual",Practicante,COT-2025-0217,INF-2025-0217,PEN,244.75
2025,Recepción,2025-07-21,2025-07-24,3,Clínica Primavera SAC,Clínica,Miraflores,Administración,989089901,clínicaprima5@hotmail.com,"Av. Los Próceres 1654, Miraflores",Dermatoscopios,Dermlitex,DL100,DER-3647,Lente,Mantenimiento por limpieza de lente,Limpieza y mantenimiento de lente + Mantenimiento preventivo anual,Sí,,Encargado de Servicio Técnico,COT-2025-0411,INF-2025-0411,PEN,192.4
2025,Recepción,2025-07-22,2025-07-25,3,Alfa y Omega Rehabilitación,Clínica,La Molina,Administración,977827638,alfayomegare3@outlook.com,"Av. Los Próceres 1249, La Molina",Magnetoterapia,Meditek,Magnetherp 330,MED-6879,Carcasa de bobina,Rotura de carcasa de bobina plana (orejas de correa),Cambio de carcasa de accesorio + Mantenimiento preventivo anual,Sí,,Encargado de Servicio Técnico,COT-2025-0027,INF-2025-0027,PEN,184.49
2025,Recepción,2025-07-22,2025-07-28,6,Maribel Salud SAC,Clínica,San Miguel,Administración,966629388,maribelsalud2@gmail.com,"Av. Los Próceres 291, San Miguel",Electroterapia,Biomedikal,Biostim NMS,BIO-9947,Cable de electrodos,Falso contacto en cable de electrodos,Cambio de cable de electrodos,No,"Cliente rechazó cambio de placa, se optó por reparación",Encargado de Servicio Técnico,COT-2025-0371,INF-2025-0371,PEN,106.74
2025,Recepción,2025-07-24,2025-08-01,8,Corporación de Servicios Médicos del Sur,Clínica,Chosica,Administración,966722344,corporaciónd6@hotmail.com,"Av. El Sol 418, Chosica",Compresero Frío,Nacional Perú,Compresero frío 12 unid.,NAC-2721,N/A,Mantenimiento preventivo (sin falla registrada),Mantenimiento preventivo general,No,Sin observaciones adicionales,Encargado de Servicio Técnico,COT-2025-0004,INF-2025-0004,PEN,159.42
2025,Visita,2025-07-24,2025-07-25,1,Carlos Alberto Santos,Paciente / equipo propio,Chosica,Administración,997226012,carlosalbert4@outlook.com,"Av. Las Flores 959, Chosica",Laser baja potencia,Carsi,Lasermed 100mW,CAR-2140,Cánula láser,Falso contacto en cable de cánula láser,Cambio de cable de cánula láser + Mantenimiento preventivo anual,Sí,"Cliente rechazó cambio de placa, se optó por reparación",Encargado de Servicio Técnico,COT-2025-0403,INF-2025-0403,PEN,181.54
2025,Recepción,2025-07-25,2025-07-30,5,Carlos Alberto Santos,Paciente / equipo propio,Chosica,Administración,997226012,carlosalbert4@outlook.com,"Av. Las Flores 959, Chosica",Ultrasonido,Emme,Ultrasonic 1500,EMM-1244,Teclado membrana,Falla en teclado membrana,Cambio de teclado membrana + Mantenimiento preventivo anual,Sí,"Equipo antiguo, se recomienda mantenimiento anual",Encargado de Servicio Técnico,COT-2025-0096,INF-2025-0096,PEN,205.96
2025,Visita,2025-07-25,2025-07-30,5,NoPain Centro de Rehabilitación,Clínica,Comas,Recepción,955176955,nopaincentro7@gmail.com,"Av. Los Próceres 878, Comas",Laser baja potencia,Carsi,Lasermed 60mW,CAR-7373,N/A,Descalibración,Calibración de equipo,No,"Cliente rechazó cambio de placa, se optó por reparación",Encargado de Servicio Técnico,COT-2025-0285,INF-2025-0285,PEN,100.43
2025,Recepción,2025-07-27,2025-07-31,4,Clínica Los Álamos SAC,Clínica,Magdalena,Coordinación,995899313,clínicalosál17@outlook.com,"Av. Las Flores 549, Magdalena",Dermatoscopios,Dermlitex,DL200HR,DER-5129,Lente,Mantenimiento por limpieza de lente,Limpieza y mantenimiento de lente + Mantenimiento preventivo anual,Sí,Sin observaciones adicionales,Practicante,COT-2025-0002,INF-2025-0002,PEN,167.94
2025,Visita,2025-07-28,2025-08-10,13,Corporación de Servicios Médicos del Sur,Clínica,Chosica,Administración,966722344,corporaciónd6@hotmail.com,"Av. El Sol 418, Chosica",Electroterapia,Emme,Therapic 9400,EMM-7931,Electrodos,Electrodos desgastados,Cambio de electrodos,No,Sin observaciones adicionales,Practicante,COT-2025-0402,INF-2025-0402,PEN,108.33
2025,Recepción,2025-07-29,2025-08-07,9,IAFAS Fuerza Aeroespacial del Perú,Institución (VIP),Ate,Coordinación,984093639,iafasfuerzaa10@hotmail.com,"Av. La Marina 1366, Ate",Ultrasonido,Carsi,Sonomed V,CAR-7132,Cable de aplicador US,Falso contacto en cable de aplicador,Cambio de cable de aplicador + Mantenimiento preventivo anual,Sí,"Cliente rechazó cambio de placa, se optó por reparación",Encargado de Servicio Técnico,COT-2025-0353,INF-2025-0353,PEN,1115.46
2025,Recepción,2025-07-29,2025-08-03,5,Patricia Gómez Vásquez EIRL,Consultorio independiente,Cercado de Lima,Administración,924942603,patriciagóme0@gmail.com,"Av. La Marina 663, Cercado de Lima",Magnetoterapia,Meditek,Magnetherp 330 NG,MED-2309,Cable de aplicador,Falso contacto en cable de aplicador (bobina),Cambio de cable de aplicador + Mantenimiento preventivo anual,Sí,Se coordinó con el cliente por retraso de repuesto importado,Practicante,COT-2025-0177,INF-2025-0177,PEN,228.11
2025,Recepción,2025-07-30,2025-08-03,4,Carlos Alberto Santos,Paciente / equipo propio,Chosica,Administración,997226012,carlosalbert4@outlook.com,"Av. Las Flores 959, Chosica",Laser baja potencia,Carsi,Lasermed 100mW,CAR-2766,N/A,Descalibración,Calibración de equipo,No,"Cliente rechazó cambio de placa, se optó por reparación",Encargado de Servicio Técnico,COT-2025-0115,INF-2025-0115,PEN,100.05
2025,Visita,2025-07-30,2025-08-02,3,Maribel Salud SAC,Clínica,San Miguel,Administración,966629388,maribelsalud2@gmail.com,"Av. Los Próceres 291, San Miguel",Compreseros Calientes,Nacional Perú,Compresero 6 unid.,NAC-5539,N/A,Descalibración de temperatura,Calibración de temperatura,No,"Cliente rechazó cambio de placa, se optó por reparación",Encargado de Servicio Técnico,COT-2025-0238,INF-2025-0238,PEN,134.42
2025,Recepción,2025-07-30,2025-08-05,6,Fisiosalud Andina SAC,Clínica,La Molina,Recepción,928566572,fisiosaludan23@outlook.com,"Av. Central 286, La Molina",Ultrasonido,Emme,Ultrasonic 1300,EMM-7035,Fusible,Fusible quemado,Cambio de fusibles + Mantenimiento preventivo anual,Sí,Cliente solicitó revisión urgente,Encargado de Servicio Técnico,COT-2025-0338,INF-2025-0338,PEN,182.0
2025,Visita,2025-07-31,2025-08-03,3,Seguro Social de Salud,Institución (VIP),Chosica,Encargado de compras,971662963,segurosocial9@outlook.com,"Av. Los Próceres 1988, Chosica",Camilla de Tracción,Everyway,ET-800,EVE-6250,N/A,Descalibración de fuerza de tracción,Calibración de fuerza de tracción + Mantenimiento preventivo anual,Sí,,Encargado de Servicio Técnico,COT-2025-0391,INF-2025-0391,PEN,1497.81
2025,Visita,2025-07-31,2025-08-01,1,Clínica Primavera SAC,Clínica,Miraflores,Administración,989089901,clínicaprima5@hotmail.com,"Av. Los Próceres 1654, Miraflores",Magnetoterapia,Meditek,Magnetherp 330 NG,MED-1376,Teclado membrana,Falla en teclado membrana,Cambio de teclado membrana,No,"Cliente rechazó cambio de placa, se optó por reparación",Encargado de Servicio Técnico,COT-2025-0358,INF-2025-0358,PEN,309.38
2025,Recepción,2025-08-04,2025-08-17,13,Mefyre - Cuerpo de Emergencias,Institución,La Molina,Recepción,928728463,mefyrecuerpo1@outlook.com,"Av. Los Próceres 1485, La Molina",Ultrasonido,Emme,Ultrasonic 1300,EMM-5307,N/A,Descalibración,Calibración de equipo,No,"Cliente rechazó cambio de placa, se optó por reparación",Encargado de Servicio Técnico,COT-2025-0010,INF-2025-0010,PEN,173.07
2025,Visita,2025-08-04,2025-08-06,2,Seguro Social de Salud,Institución (VIP),Chosica,Encargado de compras,971662963,segurosocial9@outlook.com,"Av. Los Próceres 1988, Chosica",Magnetoterapia,Storz Medikal,Magnetolith,STO-7504,Teclado membrana,Falla en teclado membrana,Cambio de teclado membrana,No,"Cliente rechazó cambio de placa, se optó por reparación",Encargado de Servicio Técnico,COT-2025-0346,INF-2025-0346,PEN,1450.01
2025,Recepción,2025-08-04,2025-08-09,5,Centro de Rehabilitación Vitalis,Clínica,Jesús María,Coordinación,917507864,centrodereha18@gmail.com,"Av. Los Próceres 1748, Jesús María",Laser alta potencia,Emme,Lasermed 2200,EMM-3670,Cánula láser,Falla en cánula láser,Cambio de cánula láser,No,Cliente solicitó revisión urgente,Encargado de Servicio Técnico,COT-2025-0417,INF-2025-0417,PEN,197.13
2025,Visita,2025-08-06,2025-08-12,6,Federación Peruana de Voleibol,Institución (VIP),San Miguel,Administración,935808537,federaciónpe11@outlook.com,"Av. Los Próceres 193, San Miguel",Laser baja potencia,Carsi,Lasermed 100mW,CAR-6527,N/A,Falla en placa de potencia (reparable),Reparación de placa de potencia + Mantenimiento preventivo anual,Sí,Sin observaciones adicionales,Encargado de Servicio Técnico,COT-2025-0137,INF-2025-0137,PEN,2829.11
2025,Visita,2025-08-06,2025-08-16,10,Parroquia Nuestra Señora de Chaclacayo,Institución,San Borja,Recepción,956164955,parroquianue8@outlook.com,"Av. El Sol 1752, San Borja",Ondas de Choque Radial,Ztorz Medikal,Masterpuls MP ONE,ZTO-9586,Aplicador,Aplicador superó límite de disparos,Cambio de aplicador por límite de disparos + Mantenimiento preventivo anual,Sí,Cliente solicitó revisión urgente,Practicante,COT-2025-0030,INF-2025-0030,PEN,2698.46
2025,Recepción,2025-08-08,2025-08-16,8,Clínica Primavera SAC,Clínica,Miraflores,Administración,989089901,clínicaprima5@hotmail.com,"Av. Los Próceres 1654, Miraflores",Magnetoterapia,Meditek,Magnetherp 330,MED-5525,Cable de aplicador,Falso contacto en cable de aplicador (bobina),Cambio de cable de aplicador + Mantenimiento preventivo anual,Sí,Cliente solicitó revisión urgente,Practicante,COT-2025-0109,INF-2025-0109,PEN,264.35
2025,Recepción,2025-08-10,2025-08-14,4,Trauma Médika EIRL,Clínica (VIP),Comas,Recepción,948840994,traumamédika12@gmail.com,"Av. Las Torres 1874, Comas",Magnetoterapia,Emme,Magnetomed 8400,EMM-3106,N/A,Descalibración,Calibración de equipo + Mantenimiento preventivo anual,Sí,Cliente solicitó revisión urgente,Encargado de Servicio Técnico,COT-2025-0062,INF-2025-0062,USD,818.72
2025,Recepción,2025-08-11,2025-08-15,4,Patricia Gómez Vásquez EIRL,Consultorio independiente,Cercado de Lima,Administración,924942603,patriciagóme0@gmail.com,"Av. La Marina 663, Cercado de Lima",Electroterapia,Biomedikal,Quadstar II,BIO-2144,Fusible,Fusible quemado,Cambio de fusibles + Mantenimiento preventivo anual,Sí,Equipo con uso intensivo diario,Encargado de Servicio Técnico,COT-2025-0057,INF-2025-0057,PEN,166.51
2025,Visita,2025-08-13,2025-08-19,6,Patricia Gómez Vásquez EIRL,Consultorio independiente,Cercado de Lima,Administración,924942603,patriciagóme0@gmail.com,"Av. La Marina 663, Cercado de Lima",Magnetoterapia,Meditek,Magnetherp 330 NG,MED-4079,Cable de aplicador,Falso contacto en cable de aplicador (bobina),Cambio de cable de aplicador + Mantenimiento preventivo anual,Sí,Equipo con uso intensivo diario,Encargado de Servicio Técnico,COT-2025-0035,INF-2025-0035,PEN,246.79
2025,Recepción,2025-08-14,2025-08-17,3,NoPain Centro de Rehabilitación,Clínica,Comas,Recepción,955176955,nopaincentro7@gmail.com,"Av. Los Próceres 878, Comas",Magnetoterapia,Storz Medikal,Magnetolith,STO-7342,Teclado membrana,Falla en teclado membrana,Cambio de teclado membrana + Mantenimiento preventivo anual,Sí,Se coordinó con el cliente por retraso de repuesto importado,Encargado de Servicio Técnico,COT-2025-0125,INF-2025-0125,PEN,245.47
2025,Visita,2025-08-15,2025-08-21,6,Carlos Alberto Santos,Paciente / equipo propio,Chosica,Administración,997226012,carlosalbert4@outlook.com,"Av. Las Flores 959, Chosica",Electroterapia,Biomedikal,Impulse 3000T,BIO-7082,N/A,Falla en placa de control (equipo grande),Reparación de placa de control + Mantenimiento preventivo anual,Sí,Se coordinó con el cliente por retraso de repuesto importado,Encargado de Servicio Técnico,COT-2025-0209,INF-2025-0209,PEN,353.33
2025,Visita,2025-08-16,2025-08-21,5,Trauma Médika EIRL,Clínica (VIP),Comas,Recepción,948840994,traumamédika12@gmail.com,"Av. Las Torres 1874, Comas",Ultrasonido,Emme,Ultrasonic 1300,EMM-4838,N/A,Descalibración,Calibración de equipo + Mantenimiento preventivo anual,Sí,,Practicante,COT-2025-0029,INF-2025-0029,USD,860.53
2025,Recepción,2025-08-16,2025-08-20,4,Carlos Alberto Santos,Paciente / equipo propio,Chosica,Administración,997226012,carlosalbert4@outlook.com,"Av. Las Flores 959, Chosica",Magnetoterapia,Storz Medikal,Magnetolith,STO-3217,Teclado membrana,Falla en teclado membrana,Cambio de teclado membrana,No,Cliente solicitó revisión urgente,Practicante,COT-2025-0007,INF-2025-0007,PEN,137.21
2025,Recepción,2025-08-17,2025-08-21,4,Parroquia Nuestra Señora de Chaclacayo,Institución,San Borja,Recepción,956164955,parroquianue8@outlook.com,"Av. El Sol 1752, San Borja",Magnetoterapia,Emme,Magnetomed 7200,EMM-5111,Cable de aplicador,Falso contacto en cable de aplicador (bobina),Cambio de cable de aplicador,No,,Encargado de Servicio Técnico,COT-2025-0176,INF-2025-0176,PEN,159.18
2025,Visita,2025-08-18,2025-08-19,1,Patricia Gómez Vásquez EIRL,Consultorio independiente,Cercado de Lima,Administración,924942603,patriciagóme0@gmail.com,"Av. La Marina 663, Cercado de Lima",Electroterapia,Emme,Therapic 9400,EMM-9669,N/A,Falla en placa de control por caída (equipo portátil),Reparación de placa de control + Mantenimiento preventivo anual,Sí,Equipo con uso intensivo diario,Encargado de Servicio Técnico,COT-2025-0134,INF-2025-0134,PEN,280.11
2025,Recepción,2025-08-20,2025-08-29,9,Mefyre - Cuerpo de Emergencias,Institución,La Molina,Recepción,928728463,mefyrecuerpo1@outlook.com,"Av. Los Próceres 1485, La Molina",Laser baja potencia,Carsi,Lasermed 60mW,CAR-2567,N/A,Descalibración,Calibración de equipo + Mantenimiento preventivo anual,Sí,Cliente solicitó revisión urgente,Encargado de Servicio Técnico,COT-2025-0242,INF-2025-0242,PEN,274.05
2025,Visita,2025-08-23,2025-08-29,6,Maribel Salud SAC,Clínica,San Miguel,Administración,966629388,maribelsalud2@gmail.com,"Av. Los Próceres 291, San Miguel",Electroterapia,Biomedikal,Impulse 3000T,BIO-7451,Cable de electrodos,Falso contacto en cable de electrodos,Cambio de cable de electrodos,No,Se coordinó con el cliente por retraso de repuesto importado,Encargado de Servicio Técnico,COT-2025-0116,INF-2025-0116,PEN,154.21
2025,Visita,2025-08-24,2025-08-28,4,Mefyre - Cuerpo de Emergencias,Institución,La Molina,Recepción,928728463,mefyrecuerpo1@outlook.com,"Av. Los Próceres 1485, La Molina",Magnetoterapia,Meditek,Magnetherp 330 NG,MED-8525,Cable de aplicador,Falso contacto en cable de aplicador (bobina),Cambio de cable de aplicador + Mantenimiento preventivo anual,Sí,"Cliente rechazó cambio de placa, se optó por reparación",Encargado de Servicio Técnico,COT-2025-0065,INF-2025-0065,PEN,293.71
2025,Recepción,2025-08-25,2025-08-28,3,Hospital Nacional Docente,Institución,San Juan de Lurigancho,Coordinación,959684848,hospitalnaci14@hotmail.com,"Av. Las Torres 1472, San Juan de Lurigancho",Laser baja potencia,Carsi,Lasermed 60mW,CAR-3641,N/A,Falla en placa de control (reparable),Reparación de placa de control + Mantenimiento preventivo anual,Sí,Se coordinó con el cliente por retraso de repuesto importado,Encargado de Servicio Técnico,COT-2025-0131,INF-2025-0131,PEN,1088.06
2025,Recepción,2025-08-26,2025-09-01,6,Seguro Social de Salud,Institución (VIP),Chosica,Encargado de compras,971662963,segurosocial9@outlook.com,"Av. Los Próceres 1988, Chosica",Bicicleta Estacionaria,Ergolines,Ergoselect 200P,ERG-7249,N/A,Armado / instalación inicial,Armado e instalación,No,"Equipo antiguo, se recomienda mantenimiento anual",Encargado de Servicio Técnico,COT-2025-0248,INF-2025-0248,PEN,1134.85
2025,Recepción,2025-08-26,2025-08-28,2,Patricia Gómez Vásquez EIRL,Consultorio independiente,Cercado de Lima,Administración,924942603,patriciagóme0@gmail.com,"Av. La Marina 663, Cercado de Lima",Magnetoterapia,Storz Medikal,Magnetolith,STO-4162,N/A,Descalibración,Calibración de equipo,No,,Encargado de Servicio Técnico,COT-2025-0055,INF-2025-0055,PEN,132.33
2025,Recepción,2025-08-29,2025-09-03,5,Clínica Primavera SAC,Clínica,Miraflores,Administración,989089901,clínicaprima5@hotmail.com,"Av. Los Próceres 1654, Miraflores",Magnetoterapia,Emme,Magnetomed 8400,EMM-9033,N/A,Descalibración,Calibración de equipo,No,Equipo con uso intensivo diario,Practicante,COT-2025-0218,INF-2025-0218,PEN,135.11
2025,Visita,2025-08-29,2025-09-01,3,Seguro Social de Salud,Institución (VIP),Chosica,Encargado de compras,971662963,segurosocial9@outlook.com,"Av. Los Próceres 1988, Chosica",Magnetoterapia,Meditek,Magnetherp 200,MED-2896,Cable de aplicador,Falso contacto en cable de aplicador (bobina),Cambio de cable de aplicador + Mantenimiento preventivo anual,Sí,,Encargado de Servicio Técnico,COT-2025-0400,INF-2025-0400,PEN,1472.15
2025,Recepción,2025-08-29,2025-08-31,2,Mefyre - Cuerpo de Emergencias,Institución,La Molina,Recepción,928728463,mefyrecuerpo1@outlook.com,"Av. Los Próceres 1485, La Molina",Compreseros Calientes,Nacional Perú,Compresero 24 unid.,NAC-5994,N/A,Descalibración de temperatura,Calibración de temperatura,No,"Cliente rechazó cambio de placa, se optó por reparación",Encargado de Servicio Técnico,COT-2025-0404,INF-2025-0404,PEN,138.88
2025,Recepción,2025-08-29,2025-09-05,7,Seguro Social de Salud,Institución (VIP),Chosica,Encargado de compras,971662963,segurosocial9@outlook.com,"Av. Los Próceres 1988, Chosica",Magnetoterapia,Storz Medikal,Magnetolith,STO-1202,Cable de aplicador,Falso contacto en cable de aplicador (bobina),Cambio de cable de aplicador + Mantenimiento preventivo anual,Sí,Cliente solicitó revisión urgente,Encargado de Servicio Técnico,COT-2025-0201,INF-2025-0201,PEN,1645.41
2025,Recepción,2025-08-30,2025-09-03,4,Maribel Salud SAC,Clínica,San Miguel,Administración,966629388,maribelsalud2@gmail.com,"Av. Los Próceres 291, San Miguel",Magnetoterapia,Emme,Magnetomed 8400,EMM-7730,Cable de aplicador,Falso contacto en cable de aplicador (bobina),Cambio de cable de aplicador,No,Sin observaciones adicionales,Encargado de Servicio Técnico,COT-2025-0082,INF-2025-0082,PEN,92.5
2025,Recepción,2025-09-01,2025-09-07,6,Patricia Gómez Vásquez EIRL,Consultorio independiente,Cercado de Lima,Administración,924942603,patriciagóme0@gmail.com,"Av. La Marina 663, Cercado de Lima",Bicicleta Estacionaria,Ergolines,Ergoselect 200P,ERG-3702,N/A,Armado / instalación inicial,Armado e instalación + Mantenimiento preventivo anual,Sí,,Encargado de Servicio Técnico,COT-2025-0326,INF-2025-0326,PEN,340.77
2025,Visita,2025-09-02,2025-09-04,2,IAFAS Fuerza Aeroespacial del Perú,Institución (VIP),Ate,Coordinación,984093639,iafasfuerzaa10@hotmail.com,"Av. La Marina 1366, Ate",Magnetoterapia,Storz Medikal,Magnetolith,STO-2329,N/A,Descalibración,Calibración de equipo + Mantenimiento preventivo anual,Sí,Cliente solicitó revisión urgente,Encargado de Servicio Técnico,COT-2025-0173,INF-2025-0173,PEN,1090.74
2025,Visita,2025-09-04,2025-09-09,5,Mefyre - Cuerpo de Emergencias,Institución,La Molina,Recepción,928728463,mefyrecuerpo1@outlook.com,"Av. Los Próceres 1485, La Molina",Magnetoterapia,Emme,Magnetomed 7200,EMM-6615,Cable de aplicador,Falso contacto en cable de aplicador (bobina),Cambio de cable de aplicador,No,"Cliente rechazó cambio de placa, se optó por reparación",Encargado de Servicio Técnico,COT-2025-0264,INF-2025-0264,PEN,109.6
2025,Recepción,2025-09-06,2025-09-15,9,Clínica Los Álamos SAC,Clínica,Magdalena,Coordinación,995899313,clínicalosál17@outlook.com,"Av. Las Flores 549, Magdalena",Ultrasonido,Emme,Ultrasonic 1300,EMM-9813,Aplicador US,Desgaste de cristal piezoeléctrico de aplicador,Cambio de piezoeléctrico de aplicador + Mantenimiento preventivo anual,Sí,"Cliente rechazó cambio de placa, se optó por reparación",Encargado de Servicio Técnico,COT-2025-0025,INF-2025-0025,PEN,317.43
2025,Recepción,2025-09-06,2025-09-18,12,Mefyre - Cuerpo de Emergencias,Institución,La Molina,Recepción,928728463,mefyrecuerpo1@outlook.com,"Av. Los Próceres 1485, La Molina",Magnetoterapia,Meditek,Magnetherp 330 NG,MED-3608,N/A,Descalibración,Calibración de equipo + Mantenimiento preventivo anual,Sí,Equipo con uso intensivo diario,Encargado de Servicio Técnico,COT-2025-0378,INF-2025-0378,PEN,215.8
2025,Recepción,2025-09-06,2025-09-11,5,Mefyre - Cuerpo de Emergencias,Institución,La Molina,Recepción,928728463,mefyrecuerpo1@outlook.com,"Av. Los Próceres 1485, La Molina",Ultrasonido,Carsi,Sonomed V,CAR-2588,Fusible,Fusible quemado,Cambio de fusibles,No,,Practicante,COT-2025-0135,INF-2025-0135,PEN,76.76
2025,Visita,2025-09-07,2025-09-10,3,NoPain Centro de Rehabilitación,Clínica,Comas,Recepción,955176955,nopaincentro7@gmail.com,"Av. Los Próceres 878, Comas",Laser baja potencia,Carsi,Lasermed 60mW,CAR-1488,Cánula láser,Falso contacto en cable de cánula láser,Cambio de cable de cánula láser + Mantenimiento preventivo anual,Sí,"Equipo antiguo, se recomienda mantenimiento anual",Encargado de Servicio Técnico,COT-2025-0290,INF-2025-0290,PEN,250.32
2025,Recepción,2025-09-07,2025-09-11,4,Alfa y Omega Rehabilitación,Clínica,La Molina,Administración,977827638,alfayomegare3@outlook.com,"Av. Los Próceres 1249, La Molina",Electroterapia,Emme,Therapic 9200,EMM-8799,Electrodos,Electrodos desgastados,Cambio de electrodos,No,Cliente solicitó revisión urgente,Encargado de Servicio Técnico,COT-2025-0069,INF-2025-0069,PEN,84.13
2025,Recepción,2025-09-09,2025-09-16,7,Mefyre - Cuerpo de Emergencias,Institución,La Molina,Recepción,928728463,mefyrecuerpo1@outlook.com,"Av. Los Próceres 1485, La Molina",Laser baja potencia,Carsi,Lasermed 100mW,CAR-5962,Cánula láser,Falso contacto en cable de cánula láser,Cambio de cable de cánula láser,No,Equipo con uso intensivo diario,Encargado de Servicio Técnico,COT-2025-0262,INF-2025-0262,PEN,153.38
2025,Recepción,2025-09-09,2025-09-15,6,NoPain Centro de Rehabilitación,Clínica,Comas,Recepción,955176955,nopaincentro7@gmail.com,"Av. Los Próceres 878, Comas",Magnetoterapia,Storz Medikal,Magnetolith,STO-6082,Cable de aplicador,Falso contacto en cable de aplicador (bobina),Cambio de cable de aplicador,No,Se coordinó con el cliente por retraso de repuesto importado,Encargado de Servicio Técnico,COT-2025-0309,INF-2025-0309,PEN,183.1
2025,Recepción,2025-09-11,2025-09-14,3,Patricia Gómez Vásquez EIRL,Consultorio independiente,Cercado de Lima,Administración,924942603,patriciagóme0@gmail.com,"Av. La Marina 663, Cercado de Lima",Dermatoscopios,Dermlitex,DL4,DER-8918,Lente,Mantenimiento por limpieza de lente,Limpieza y mantenimiento de lente + Mantenimiento preventivo anual,Sí,Cliente solicitó revisión urgente,Encargado de Servicio Técnico,COT-2025-0389,INF-2025-0389,PEN,141.51
2025,Recepción,2025-09-11,2025-09-22,11,IAFAS Fuerza Aeroespacial del Perú,Institución (VIP),Ate,Coordinación,984093639,iafasfuerzaa10@hotmail.com,"Av. La Marina 1366, Ate",Ultrasonido,Carsi,Sonomed V,CAR-7955,Cable de aplicador US,Falso contacto en cable de aplicador,Cambio de cable de aplicador + Mantenimiento preventivo anual,Sí,Sin observaciones adicionales,Practicante,COT-2025-0170,INF-2025-0170,PEN,1056.47
2025,Recepción,2025-09-13,2025-09-18,5,Clínica Primavera SAC,Clínica,Miraflores,Administración,989089901,clínicaprima5@hotmail.com,"Av. Los Próceres 1654, Miraflores",Electroterapia,Emme,Therapic 9200,EMM-7627,Electrodos,Electrodos desgastados,Cambio de electrodos + Mantenimiento preventivo anual,Sí,"Cliente rechazó cambio de placa, se optó por reparación",Encargado de Servicio Técnico,COT-2025-0301,INF-2025-0301,PEN,165.14
2025,Recepción,2025-09-13,2025-09-15,2,Universidad Nacional del Centro,Institución,San Isidro,Coordinación,947308985,universidadn13@hotmail.com,"Av. La Marina 1808, San Isidro",Electroterapia,Biomedikal,Biostim NMS,BIO-9306,N/A,Falla en placa de control (equipo grande),Reparación de placa de control + Mantenimiento preventivo anual,Sí,Sin observaciones adicionales,Encargado de Servicio Técnico,COT-2025-0037,INF-2025-0037,PEN,1103.6
2025,Recepción,2025-09-14,2025-09-20,6,NoPain Centro de Rehabilitación,Clínica,Comas,Recepción,955176955,nopaincentro7@gmail.com,"Av. Los Próceres 878, Comas",Ultrasonido,Carsi,Sonomed IV,CAR-5968,Cable de aplicador US,Falso contacto en cable de aplicador,Cambio de cable de aplicador + Mantenimiento preventivo anual,Sí,"Equipo antiguo, se recomienda mantenimiento anual",Encargado de Servicio Técnico,COT-2025-0401,INF-2025-0401,PEN,213.84
2025,Recepción,2025-09-14,2025-09-15,1,Parroquia Nuestra Señora de Chaclacayo,Institución,San Borja,Recepción,956164955,parroquianue8@outlook.com,"Av. El Sol 1752, San Borja",Ultrasonido,Emme,Ultrasonic 1300,EMM-1645,Fusible,Fusible quemado,Cambio de fusibles,No,Sin observaciones adicionales,Encargado de Servicio Técnico,COT-2025-0281,INF-2025-0281,PEN,79.64
2025,Recepción,2025-09-15,2025-09-16,1,Lic. Mónica Torres Fisioterapia,Consultorio independiente,Los Olivos,Coordinación,942857966,licmónicator16@gmail.com,"Av. Central 877, Los Olivos",Magnetoterapia,Meditek,Magnetherp 330 NG,MED-6723,N/A,Descalibración,Calibración de equipo + Mantenimiento preventivo anual,Sí,Se coordinó con el cliente por retraso de repuesto importado,Encargado de Servicio Técnico,COT-2025-0415,INF-2025-0415,PEN,169.55
2025,Recepción,2025-09-16,2025-09-17,1,Lic. Jorge Injante Terapia Física,Consultorio independiente,San Isidro,Coordinación,945935572,licjorgeinja19@gmail.com,"Av. Las Torres 1970, San Isidro",Magnetoterapia,Storz Medikal,Magnetolith,STO-3253,Cable de aplicador,Falso contacto en cable de aplicador (bobina),Cambio de cable de aplicador + Mantenimiento preventivo anual,Sí,Equipo con uso intensivo diario,Practicante,COT-2025-0225,INF-2025-0225,PEN,184.32
2025,Recepción,2025-09-18,2025-09-24,6,Corporación de Servicios Médicos del Sur,Clínica,Chosica,Administración,966722344,corporaciónd6@hotmail.com,"Av. El Sol 418, Chosica",Laser baja potencia,Carsi,Lasermed 100mW,CAR-3512,Teclado membrana,Falla en teclado membrana,Cambio de teclado membrana + Mantenimiento preventivo anual,Sí,,Encargado de Servicio Técnico,COT-2025-0261,INF-2025-0261,PEN,367.85
2025,Recepción,2025-09-19,2025-09-24,5,Clínica Primavera SAC,Clínica,Miraflores,Administración,989089901,clínicaprima5@hotmail.com,"Av. Los Próceres 1654, Miraflores",Ultrasonido,Emme,Ultrasonic 1300,EMM-7308,Teclado membrana,Falla en teclado membrana,Cambio de teclado membrana + Mantenimiento preventivo anual,Sí,Se coordinó con el cliente por retraso de repuesto importado,Encargado de Servicio Técnico,COT-2025-0100,INF-2025-0100,PEN,386.23
2025,Recepción,2025-09-19,2025-09-20,1,Maribel Salud SAC,Clínica,San Miguel,Administración,966629388,maribelsalud2@gmail.com,"Av. Los Próceres 291, San Miguel",Laser baja potencia,Carsi,Lasermed 100mW,CAR-8713,Cánula láser,Falso contacto en cable de cánula láser,Cambio de cable de cánula láser,No,"Cliente rechazó cambio de placa, se optó por reparación",Practicante,COT-2025-0017,INF-2025-0017,PEN,180.51
2025,Recepción,2025-09-20,2025-09-23,3,Clínica Bienestar Total EIRL,Clínica,San Juan de Lurigancho,Coordinación,945551614,clínicabiene21@gmail.com,"Av. Las Torres 1625, San Juan de Lurigancho",Laser baja potencia,Carsi,Lasermed 60mW,CAR-5299,Cánula láser,Falso contacto en cable de cánula láser,Cambio de cable de cánula láser,No,Se coordinó con el cliente por retraso de repuesto importado,Encargado de Servicio Técnico,COT-2025-0178,INF-2025-0178,PEN,184.6
2025,Recepción,2025-09-21,2025-09-27,6,Fisioterapia San Rafael,Consultorio independiente,Chosica,Administración,996977837,fisioterapia15@gmail.com,"Av. Las Flores 1400, Chosica",Magnetoterapia,Emme,Magnetomed 7200,EMM-6351,Cable de aplicador,Falso contacto en cable de aplicador (bobina),Cambio de cable de aplicador + Mantenimiento preventivo anual,Sí,Cliente solicitó revisión urgente,Practicante,COT-2025-0423,INF-2025-0423,PEN,222.63
2025,Recepción,2025-09-22,2025-09-30,8,Clínica Primavera SAC,Clínica,Miraflores,Administración,989089901,clínicaprima5@hotmail.com,"Av. Los Próceres 1654, Miraflores",Magnetoterapia,Storz Medikal,Magnetolith,STO-3390,Fusible,Fusible quemado,Cambio de fusibles + Mantenimiento preventivo anual,Sí,Cliente solicitó revisión urgente,Practicante,COT-2025-0305,INF-2025-0305,PEN,163.54
2025,Recepción,2025-09-24,2025-09-28,4,Corporación de Servicios Médicos del Sur,Clínica,Chosica,Administración,966722344,corporaciónd6@hotmail.com,"Av. El Sol 418, Chosica",Dermatoscopios,Dermlitex,DL4W,DER-4129,Lente,Mantenimiento por limpieza de lente,Limpieza y mantenimiento de lente + Mantenimiento preventivo anual,Sí,Sin observaciones adicionales,Practicante,COT-2025-0015,INF-2025-0015,PEN,182.46
2025,Recepción,2025-09-24,2025-10-01,7,IAFAS Fuerza Aeroespacial del Perú,Institución (VIP),Ate,Coordinación,984093639,iafasfuerzaa10@hotmail.com,"Av. La Marina 1366, Ate",Magnetoterapia,Emme,Magnetomed 8400,EMM-4436,Cable de aplicador,Falso contacto en cable de aplicador (bobina),Cambio de cable de aplicador,No,Sin observaciones adicionales,Practicante,COT-2025-0276,INF-2025-0276,PEN,767.34
2025,Recepción,2025-09-24,2025-09-26,2,Centro de Rehabilitación Vitalis,Clínica,Jesús María,Coordinación,917507864,centrodereha18@gmail.com,"Av. Los Próceres 1748, Jesús María",Laser baja potencia,Carsi,Lasermed 60mW,CAR-6185,Fusible,Fusible quemado,Cambio de fusibles + Mantenimiento preventivo anual,Sí,Se coordinó con el cliente por retraso de repuesto importado,Practicante,COT-2025-0019,INF-2025-0019,PEN,144.96
2025,Recepción,2025-09-25,2025-09-27,2,Fisiosalud Andina SAC,Clínica,La Molina,Recepción,928566572,fisiosaludan23@outlook.com,"Av. Central 286, La Molina",Electroterapia,Emme,Therapic 9200,EMM-8137,Cable de electrodos,Falso contacto en cable de electrodos,Cambio de cable de electrodos,No,Sin observaciones adicionales,Practicante,COT-2025-0268,INF-2025-0268,PEN,106.43
2025,Recepción,2025-09-25,2025-10-03,8,Universidad Nacional del Centro,Institución,San Isidro,Coordinación,947308985,universidadn13@hotmail.com,"Av. La Marina 1808, San Isidro",Compreseros Calientes,Nacional Perú,Compresero 24 unid.,NAC-9555,Resistencia,Resistencia dañada,Cambio de resistencia,No,"Equipo antiguo, se recomienda mantenimiento anual",Encargado de Servicio Técnico,COT-2025-0356,INF-2025-0356,PEN,356.62
2025,Visita,2025-09-26,2025-09-30,4,Carlos Alberto Santos,Paciente / equipo propio,Chosica,Administración,997226012,carlosalbert4@outlook.com,"Av. Las Flores 959, Chosica",Electroterapia,Emme,Therapic 9400,EMM-8594,Cable de electrodos,Falso contacto en cable de electrodos,Cambio de cable de electrodos + Mantenimiento preventivo anual,Sí,"Cliente rechazó cambio de placa, se optó por reparación",Encargado de Servicio Técnico,COT-2025-0282,INF-2025-0282,PEN,123.26
2025,Recepción,2025-09-26,2025-10-01,5,Mefyre - Cuerpo de Emergencias,Institución,La Molina,Recepción,928728463,mefyrecuerpo1@outlook.com,"Av. Los Próceres 1485, La Molina",Ultrasonido,Emme,Ultrasonic 1500,EMM-8132,Teclado membrana,Falla en teclado membrana,Cambio de teclado membrana,No,"Cliente rechazó cambio de placa, se optó por reparación",Encargado de Servicio Técnico,COT-2025-0208,INF-2025-0208,PEN,150.33
2025,Visita,2025-09-28,2025-10-08,10,Centro de Rehabilitación Vitalis,Clínica,Jesús María,Coordinación,917507864,centrodereha18@gmail.com,"Av. Los Próceres 1748, Jesús María",Compreseros Calientes,Nacional Perú,Compresero 6 unid.,NAC-1000,Resistencia,Resistencia dañada,Cambio de resistencia,No,"Equipo antiguo, se recomienda mantenimiento anual",Encargado de Servicio Técnico,COT-2025-0203,INF-2025-0203,PEN,81.91
2025,Visita,2025-09-29,2025-10-03,4,Clínica Los Álamos SAC,Clínica,Magdalena,Coordinación,995899313,clínicalosál17@outlook.com,"Av. Las Flores 549, Magdalena",Laser baja potencia,Carsi,Lasermed 60mW,CAR-3988,N/A,Falla en placa de potencia (reparable),Reparación de placa de potencia + Mantenimiento preventivo anual,Sí,Equipo con uso intensivo diario,Encargado de Servicio Técnico,COT-2025-0374,INF-2025-0374,PEN,546.54
2025,Recepción,2025-09-29,2025-10-04,5,Alfa y Omega Rehabilitación,Clínica,La Molina,Administración,977827638,alfayomegare3@outlook.com,"Av. Los Próceres 1249, La Molina",Electroterapia,Emme,Therapic 9200,EMM-3174,N/A,Descalibración,Calibración de equipo,No,"Equipo antiguo, se recomienda mantenimiento anual",Encargado de Servicio Técnico,COT-2025-0023,INF-2025-0023,PEN,167.81
2025,Recepción,2025-09-30,2025-10-01,1,Maribel Salud SAC,Clínica,San Miguel,Administración,966629388,maribelsalud2@gmail.com,"Av. Los Próceres 291, San Miguel",Electroterapia,Biomedikal,Quadstar II,BIO-7982,Cable de electrodos,Falso contacto en cable de electrodos,Cambio de cable de electrodos,No,"Cliente rechazó cambio de placa, se optó por reparación",Encargado de Servicio Técnico,COT-2025-0009,INF-2025-0009,PEN,96.6
2025,Recepción,2025-10-02,2025-10-06,4,Clínica Primavera SAC,Clínica,Miraflores,Administración,989089901,clínicaprima5@hotmail.com,"Av. Los Próceres 1654, Miraflores",Magnetoterapia,Emme,Magnetomed 7200,EMM-7988,Carcasa de bobina,Rotura de carcasa de bobina plana (orejas de correa),Cambio de carcasa de accesorio + Mantenimiento preventivo anual,Sí,,Encargado de Servicio Técnico,COT-2025-0349,INF-2025-0349,PEN,202.5
2025,Recepción,2025-10-03,2025-10-06,3,Mefyre - Cuerpo de Emergencias,Institución,La Molina,Recepción,928728463,mefyrecuerpo1@outlook.com,"Av. Los Próceres 1485, La Molina",Magnetoterapia,Meditek,Magnetherp 200,MED-7760,Cable de aplicador,Falso contacto en cable de aplicador (bobina),Cambio de cable de aplicador + Mantenimiento preventivo anual,Sí,"Equipo antiguo, se recomienda mantenimiento anual",Encargado de Servicio Técnico,COT-2025-0194,INF-2025-0194,PEN,308.9
2025,Recepción,2025-10-04,2025-10-11,7,Parroquia Nuestra Señora de Chaclacayo,Institución,San Borja,Recepción,956164955,parroquianue8@outlook.com,"Av. El Sol 1752, San Borja",Laser baja potencia,Carsi,Lasermed 100mW,CAR-4240,Teclado membrana,Falla en teclado membrana,Cambio de teclado membrana,No,Se coordinó con el cliente por retraso de repuesto importado,Encargado de Servicio Técnico,COT-2025-0191,INF-2025-0191,PEN,278.35
2025,Recepción,2025-10-04,2025-10-15,11,Carlos Alberto Santos,Paciente / equipo propio,Chosica,Administración,997226012,carlosalbert4@outlook.com,"Av. Las Flores 959, Chosica",Laser baja potencia,Carsi,Lasermed 100mW,CAR-4085,Cánula láser,Falso contacto en cable de cánula láser,Cambio de cable de cánula láser + Mantenimiento preventivo anual,Sí,Se coordinó con el cliente por retraso de repuesto importado,Encargado de Servicio Técnico,COT-2025-0214,INF-2025-0214,PEN,140.08
2025,Recepción,2025-10-04,2025-10-11,7,Clínica Primavera SAC,Clínica,Miraflores,Administración,989089901,clínicaprima5@hotmail.com,"Av. Los Próceres 1654, Miraflores",Magnetoterapia,Storz Medikal,Magnetolith,STO-7108,Cable de aplicador,Falso contacto en cable de aplicador (bobina),Cambio de cable de aplicador + Mantenimiento preventivo anual,Sí,,Encargado de Servicio Técnico,COT-2025-0038,INF-2025-0038,PEN,280.58
2025,Recepción,2025-10-05,2025-10-06,1,Patricia Gómez Vásquez EIRL,Consultorio independiente,Cercado de Lima,Administración,924942603,patriciagóme0@gmail.com,"Av. La Marina 663, Cercado de Lima",Electroterapia,Biomedikal,Impulse 3000T,BIO-4850,Electrodos,Electrodos desgastados,Cambio de electrodos + Mantenimiento preventivo anual,Sí,,Encargado de Servicio Técnico,COT-2025-0396,INF-2025-0396,PEN,138.76
2025,Recepción,2025-10-05,2025-10-08,3,Mefyre - Cuerpo de Emergencias,Institución,La Molina,Recepción,928728463,mefyrecuerpo1@outlook.com,"Av. Los Próceres 1485, La Molina",Dermatoscopios,Dermlitex,DL100,DER-7493,Lente,Mantenimiento por limpieza de lente,Limpieza y mantenimiento de lente,No,Equipo con uso intensivo diario,Practicante,COT-2025-0212,INF-2025-0212,PEN,118.63
2025,Recepción,2025-10-05,2025-10-06,1,Parroquia Nuestra Señora de Chaclacayo,Institución,San Borja,Recepción,956164955,parroquianue8@outlook.com,"Av. El Sol 1752, San Borja",Electroterapia,Biomedikal,Impulse 3000T,BIO-4797,Electrodos,Electrodos desgastados,Cambio de electrodos,No,,Encargado de Servicio Técnico,COT-2025-0323,INF-2025-0323,PEN,57.33
2025,Recepción,2025-10-06,2025-10-10,4,Mefyre - Cuerpo de Emergencias,Institución,La Molina,Recepción,928728463,mefyrecuerpo1@outlook.com,"Av. Los Próceres 1485, La Molina",Magnetoterapia,Storz Medikal,Magnetolith,STO-4909,N/A,Descalibración,Calibración de equipo + Mantenimiento preventivo anual,Sí,Sin observaciones adicionales,Encargado de Servicio Técnico,COT-2025-0300,INF-2025-0300,PEN,283.12
2025,Recepción,2025-10-07,2025-10-13,6,Mefyre - Cuerpo de Emergencias,Institución,La Molina,Recepción,928728463,mefyrecuerpo1@outlook.com,"Av. Los Próceres 1485, La Molina",Electroterapia,Emme,Therapic 9400,EMM-3537,N/A,Descalibración,Calibración de equipo + Mantenimiento preventivo anual,Sí,Se coordinó con el cliente por retraso de repuesto importado,Encargado de Servicio Técnico,COT-2025-0334,INF-2025-0334,PEN,216.68
2025,Recepción,2025-10-07,2025-10-08,1,Patricia Gómez Vásquez EIRL,Consultorio independiente,Cercado de Lima,Administración,924942603,patriciagóme0@gmail.com,"Av. La Marina 663, Cercado de Lima",Magnetoterapia,Meditek,Magnetherp 330,MED-8120,N/A,Descalibración,Calibración de equipo,No,Cliente solicitó revisión urgente,Encargado de Servicio Técnico,COT-2025-0320,INF-2025-0320,PEN,85.86
2025,Recepción,2025-10-09,2025-10-10,1,Centro de Rehabilitación Vitalis,Clínica,Jesús María,Coordinación,917507864,centrodereha18@gmail.com,"Av. Los Próceres 1748, Jesús María",Compreseros Calientes,Nacional Perú,Compresero 24 unid.,NAC-9901,N/A,Descalibración de temperatura,Calibración de temperatura + Mantenimiento preventivo anual,Sí,Cliente solicitó revisión urgente,Encargado de Servicio Técnico,COT-2025-0103,INF-2025-0103,PEN,149.71
2025,Recepción,2025-10-10,2025-10-14,4,Corporación de Servicios Médicos del Sur,Clínica,Chosica,Administración,966722344,corporaciónd6@hotmail.com,"Av. El Sol 418, Chosica",Magnetoterapia,Storz Medikal,Magnetolith,STO-3618,Carcasa de bobina,Rotura de carcasa de bobina plana (orejas de correa),Cambio de carcasa de accesorio,No,Cliente solicitó revisión urgente,Practicante,COT-2025-0163,INF-2025-0163,PEN,117.29
2025,Recepción,2025-10-11,2025-10-14,3,Corporación de Servicios Médicos del Sur,Clínica,Chosica,Administración,966722344,corporaciónd6@hotmail.com,"Av. El Sol 418, Chosica",Electroterapia,Biomedikal,Quadstar II,BIO-8121,Cable de electrodos,Falso contacto en cable de electrodos,Cambio de cable de electrodos,No,Sin observaciones adicionales,Encargado de Servicio Técnico,COT-2025-0329,INF-2025-0329,PEN,124.15
2025,Recepción,2025-10-11,2025-10-20,9,Fisioterapia San Rafael,Consultorio independiente,Chosica,Administración,996977837,fisioterapia15@gmail.com,"Av. Las Flores 1400, Chosica",Ultrasonido,Carsi,Sonomed IV,CAR-4519,Aplicador US,Desgaste de cristal piezoeléctrico de aplicador,Cambio de piezoeléctrico de aplicador + Mantenimiento preventivo anual,Sí,Cliente solicitó revisión urgente,Practicante,COT-2025-0081,INF-2025-0081,PEN,378.49
2025,Recepción,2025-10-12,2025-10-14,2,Trauma Médika EIRL,Clínica (VIP),Comas,Recepción,948840994,traumamédika12@gmail.com,"Av. Las Torres 1874, Comas",Magnetoterapia,Storz Medikal,Magnetolith,STO-7688,Carcasa de bobina,Rotura de carcasa de bobina plana (orejas de correa),Cambio de carcasa de accesorio,No,"Equipo antiguo, se recomienda mantenimiento anual",Encargado de Servicio Técnico,COT-2025-0158,INF-2025-0158,USD,598.61
2025,Recepción,2025-10-13,2025-10-17,4,Clínica Primavera SAC,Clínica,Miraflores,Administración,989089901,clínicaprima5@hotmail.com,"Av. Los Próceres 1654, Miraflores",Electroterapia,Emme,Therapic 9400,EMM-7636,N/A,Falla en placa de control por caída (equipo portátil),Reparación de placa de control,No,"Cliente rechazó cambio de placa, se optó por reparación",Encargado de Servicio Técnico,COT-2025-0377,INF-2025-0377,PEN,508.27
2025,Recepción,2025-10-13,2025-10-21,8,Mefyre - Cuerpo de Emergencias,Institución,La Molina,Recepción,928728463,mefyrecuerpo1@outlook.com,"Av. Los Próceres 1485, La Molina",Ultrasonido,Emme,Ultrasonic 1300,EMM-6189,Fusible,Fusible quemado,Cambio de fusibles + Mantenimiento preventivo anual,Sí,Sin observaciones adicionales,Encargado de Servicio Técnico,COT-2025-0180,INF-2025-0180,PEN,132.45
2025,Recepción,2025-10-14,2025-10-18,4,Corporación de Servicios Médicos del Sur,Clínica,Chosica,Administración,966722344,corporaciónd6@hotmail.com,"Av. El Sol 418, Chosica",Electroterapia,Biomedikal,Impulse 3000T,BIO-9217,N/A,Falla en placa de control (equipo grande),Reparación de placa de control + Mantenimiento preventivo anual,Sí,Se coordinó con el cliente por retraso de repuesto importado,Encargado de Servicio Técnico,COT-2025-0045,INF-2025-0045,PEN,433.77
2025,Recepción,2025-10-15,2025-10-19,4,Federación Peruana de Voleibol,Institución (VIP),San Miguel,Administración,935808537,federaciónpe11@outlook.com,"Av. Los Próceres 193, San Miguel",Electroterapia,Biomedikal,Quadstar II,BIO-2886,Cable de electrodos,Falso contacto en cable de electrodos,Cambio de cable de electrodos + Mantenimiento preventivo anual,Sí,"Cliente rechazó cambio de placa, se optó por reparación",Encargado de Servicio Técnico,COT-2025-0420,INF-2025-0420,PEN,997.9
2025,Recepción,2025-10-16,2025-10-24,8,Mefyre - Cuerpo de Emergencias,Institución,La Molina,Recepción,928728463,mefyrecuerpo1@outlook.com,"Av. Los Próceres 1485, La Molina",Electroterapia,Biomedikal,Quadstar II,BIO-3698,N/A,Falla en placa de control por caída (equipo portátil),Reparación de placa de control,No,Cliente solicitó revisión urgente,Practicante,COT-2025-0229,INF-2025-0229,PEN,404.02
2025,Recepción,2025-10-16,2025-10-17,1,Parroquia Nuestra Señora de Chaclacayo,Institución,San Borja,Recepción,956164955,parroquianue8@outlook.com,"Av. El Sol 1752, San Borja",Dermatoscopios,Dermlitex,DL100,DER-3061,Botonera,Botones dañados,Cambio de botones + Mantenimiento preventivo anual,Sí,Cliente solicitó revisión urgente,Encargado de Servicio Técnico,COT-2025-0098,INF-2025-0098,PEN,197.36
2025,Visita,2025-10-18,2025-10-21,3,Patricia Gómez Vásquez EIRL,Consultorio independiente,Cercado de Lima,Administración,924942603,patriciagóme0@gmail.com,"Av. La Marina 663, Cercado de Lima",Magnetoterapia,Meditek,Magnetherp 200,MED-8551,Carcasa de bobina,Rotura de carcasa de bobina plana (orejas de correa),Cambio de carcasa de accesorio,No,Cliente solicitó revisión urgente,Practicante,COT-2025-0325,INF-2025-0325,PEN,77.77
2025,Recepción,2025-10-18,2025-10-22,4,Lic. Rosa Ibarra Terapia Física,Consultorio independiente,Jesús María,Encargado de compras,924716857,licrosaibarr24@gmail.com,"Av. La Marina 427, Jesús María",Ultrasonido,Emme,Ultrasonic 1500,EMM-2437,Teclado membrana,Falla en teclado membrana,Cambio de teclado membrana,No,"Cliente rechazó cambio de placa, se optó por reparación",Encargado de Servicio Técnico,COT-2025-0084,INF-2025-0084,PEN,123.83
2025,Recepción,2025-10-20,2025-11-02,13,Lic. Jorge Injante Terapia Física,Consultorio independiente,San Isidro,Coordinación,945935572,licjorgeinja19@gmail.com,"Av. Las Torres 1970, San Isidro",Magnetoterapia,Emme,Magnetomed 7200,EMM-4683,Teclado membrana,Falla en teclado membrana,Cambio de teclado membrana,No,Sin observaciones adicionales,Encargado de Servicio Técnico,COT-2025-0123,INF-2025-0123,PEN,172.84
2025,Recepción,2025-10-20,2025-10-24,4,Lic. Mónica Torres Fisioterapia,Consultorio independiente,Los Olivos,Coordinación,942857966,licmónicator16@gmail.com,"Av. Central 877, Los Olivos",Magnetoterapia,Meditek,Magnetherp 330 NG,MED-8189,Cable de aplicador,Falso contacto en cable de aplicador (bobina),Cambio de cable de aplicador + Mantenimiento preventivo anual,Sí,Equipo con uso intensivo diario,Practicante,COT-2025-0412,INF-2025-0412,PEN,176.99
2025,Visita,2025-10-20,2025-10-24,4,Fisiosalud Andina SAC,Clínica,La Molina,Recepción,928566572,fisiosaludan23@outlook.com,"Av. Central 286, La Molina",Magnetoterapia,Storz Medikal,Magnetolith,STO-4545,Cable de aplicador,Falso contacto en cable de aplicador (bobina),Cambio de cable de aplicador + Mantenimiento preventivo anual,Sí,Sin observaciones adicionales,Practicante,COT-2025-0183,INF-2025-0183,PEN,187.94
2025,Recepción,2025-10-21,2025-10-29,8,Instituto Peruano del Deporte - Sede Sur,Institución,La Molina,Encargado de compras,997971488,institutoper20@hotmail.com,"Av. Central 1911, La Molina",Ultrasonido,Emme,Ultrasonic 1300,EMM-9520,N/A,Descalibración,Calibración de equipo + Mantenimiento preventivo anual,Sí,Se coordinó con el cliente por retraso de repuesto importado,Encargado de Servicio Técnico,COT-2025-0265,INF-2025-0265,PEN,567.81
2025,Recepción,2025-10-22,2025-10-24,2,Clínica Los Álamos SAC,Clínica,Magdalena,Coordinación,995899313,clínicalosál17@outlook.com,"Av. Las Flores 549, Magdalena",Magnetoterapia,Emme,Magnetomed 7200,EMM-4795,Carcasa de bobina,Rotura de carcasa de bobina plana (orejas de correa),Cambio de carcasa de accesorio + Mantenimiento preventivo anual,Sí,,Encargado de Servicio Técnico,COT-2025-0375,INF-2025-0375,PEN,218.62
2025,Recepción,2025-10-22,2025-10-29,7,Corporación de Servicios Médicos del Sur,Clínica,Chosica,Administración,966722344,corporaciónd6@hotmail.com,"Av. El Sol 418, Chosica",Magnetoterapia,Storz Medikal,Magnetolith,STO-4950,Cable de aplicador,Falso contacto en cable de aplicador (bobina),Cambio de cable de aplicador,No,Se coordinó con el cliente por retraso de repuesto importado,Encargado de Servicio Técnico,COT-2025-0407,INF-2025-0407,PEN,189.03
2025,Recepción,2025-10-24,2025-10-25,1,Lic. Rosa Ibarra Terapia Física,Consultorio independiente,Jesús María,Encargado de compras,924716857,licrosaibarr24@gmail.com,"Av. La Marina 427, Jesús María",Laser baja potencia,Carsi,Lasermed 60mW,CAR-6592,Teclado membrana,Falla en teclado membrana,Cambio de teclado membrana + Mantenimiento preventivo anual,Sí,,Practicante,COT-2025-0150,INF-2025-0150,PEN,208.72
2025,Recepción,2025-10-24,2025-11-03,10,Mefyre - Cuerpo de Emergencias,Institución,La Molina,Recepción,928728463,mefyrecuerpo1@outlook.com,"Av. Los Próceres 1485, La Molina",Electroterapia,Biomedikal,Quadstar II,BIO-4544,Electrodos,Electrodos desgastados,Cambio de electrodos + Mantenimiento preventivo anual,Sí,,Practicante,COT-2025-0316,INF-2025-0316,PEN,170.97
2025,Recepción,2025-10-24,2025-10-28,4,Centro de Rehabilitación Vitalis,Clínica,Jesús María,Coordinación,917507864,centrodereha18@gmail.com,"Av. Los Próceres 1748, Jesús María",Electroterapia,Emme,Therapic 9400,EMM-1174,Cable de electrodos,Falso contacto en cable de electrodos,Cambio de cable de electrodos,No,Cliente solicitó revisión urgente,Practicante,COT-2025-0343,INF-2025-0343,PEN,150.99
2025,Visita,2025-10-25,2025-11-02,8,Federación Peruana de Voleibol,Institución (VIP),San Miguel,Administración,935808537,federaciónpe11@outlook.com,"Av. Los Próceres 193, San Miguel",Magnetoterapia,Emme,Magnetomed 8400,EMM-2451,Carcasa de bobina,Rotura de carcasa de bobina plana (orejas de correa),Cambio de carcasa de accesorio,No,Se coordinó con el cliente por retraso de repuesto importado,Encargado de Servicio Técnico,COT-2025-0112,INF-2025-0112,PEN,499.66
2025,Recepción,2025-10-25,2025-10-28,3,Federación Peruana de Voleibol,Institución (VIP),San Miguel,Administración,935808537,federaciónpe11@outlook.com,"Av. Los Próceres 193, San Miguel",Magnetoterapia,Storz Medikal,Magnetolith,STO-7443,Cable de aplicador,Falso contacto en cable de aplicador (bobina),Cambio de cable de aplicador,No,"Equipo antiguo, se recomienda mantenimiento anual",Encargado de Servicio Técnico,COT-2025-0232,INF-2025-0232,PEN,760.96
2025,Recepción,2025-10-25,2025-10-28,3,Mefyre - Cuerpo de Emergencias,Institución,La Molina,Recepción,928728463,mefyrecuerpo1@outlook.com,"Av. Los Próceres 1485, La Molina",Ultrasonido,Emme,Ultrasonic 1300,EMM-9690,N/A,Descalibración,Calibración de equipo + Mantenimiento preventivo anual,Sí,Sin observaciones adicionales,Encargado de Servicio Técnico,COT-2025-0073,INF-2025-0073,PEN,201.61
2025,Recepción,2025-10-26,2025-10-30,4,NoPain Centro de Rehabilitación,Clínica,Comas,Recepción,955176955,nopaincentro7@gmail.com,"Av. Los Próceres 878, Comas",Compreseros Calientes,Nacional Perú,Compresero 6 unid.,NAC-4254,N/A,Descalibración de temperatura,Calibración de temperatura,No,Cliente solicitó revisión urgente,Encargado de Servicio Técnico,COT-2025-0341,INF-2025-0341,PEN,79.8
2025,Recepción,2025-10-26,2025-10-28,2,Corporación de Servicios Médicos del Sur,Clínica,Chosica,Administración,966722344,corporaciónd6@hotmail.com,"Av. El Sol 418, Chosica",Ultrasonido,Carsi,Sonomed V,CAR-2663,Fusible,Fusible quemado,Cambio de fusibles,No,Cliente solicitó revisión urgente,Practicante,COT-2025-0223,INF-2025-0223,PEN,85.04
2025,Recepción,2025-10-27,2025-10-30,3,IAFAS Fuerza Aeroespacial del Perú,Institución (VIP),Ate,Coordinación,984093639,iafasfuerzaa10@hotmail.com,"Av. La Marina 1366, Ate",Ultrasonido,Carsi,Sonomed V,CAR-6592,N/A,Falla en placa de control (reparable),Reparación de placa de control,No,Cliente solicitó revisión urgente,Encargado de Servicio Técnico,COT-2025-0304,INF-2025-0304,PEN,2064.9
2025,Recepción,2025-10-28,2025-10-29,1,Clínica Primavera SAC,Clínica,Miraflores,Administración,989089901,clínicaprima5@hotmail.com,"Av. Los Próceres 1654, Miraflores",Magnetoterapia,Emme,Magnetomed 7200,EMM-8263,Teclado membrana,Falla en teclado membrana,Cambio de teclado membrana + Mantenimiento preventivo anual,Sí,Se coordinó con el cliente por retraso de repuesto importado,Encargado de Servicio Técnico,COT-2025-0366,INF-2025-0366,PEN,328.78
2025,Recepción,2025-10-29,2025-11-01,3,Mefyre - Cuerpo de Emergencias,Institución,La Molina,Recepción,928728463,mefyrecuerpo1@outlook.com,"Av. Los Próceres 1485, La Molina",Ultrasonido,Emme,Ultrasonic 1500,EMM-6527,Aplicador US,Desgaste de cristal piezoeléctrico de aplicador,Cambio de piezoeléctrico de aplicador,No,Cliente solicitó revisión urgente,Encargado de Servicio Técnico,COT-2025-0236,INF-2025-0236,PEN,258.29
2025,Recepción,2025-10-29,2025-10-31,2,Clínica Primavera SAC,Clínica,Miraflores,Administración,989089901,clínicaprima5@hotmail.com,"Av. Los Próceres 1654, Miraflores",Laser baja potencia,Carsi,Lasermed 100mW,CAR-2742,N/A,Descalibración,Calibración de equipo,No,Sin observaciones adicionales,Encargado de Servicio Técnico,COT-2025-0224,INF-2025-0224,PEN,169.38
2025,Recepción,2025-10-29,2025-11-11,13,Hospital Nacional Docente,Institución,San Juan de Lurigancho,Coordinación,959684848,hospitalnaci14@hotmail.com,"Av. Las Torres 1472, San Juan de Lurigancho",Ultrasonido,Carsi,Sonomed V,CAR-7250,Cable de aplicador US,Falso contacto en cable de aplicador,Cambio de cable de aplicador,No,,Practicante,COT-2025-0111,INF-2025-0111,PEN,225.51
2025,Recepción,2025-10-29,2025-10-31,2,Maribel Salud SAC,Clínica,San Miguel,Administración,966629388,maribelsalud2@gmail.com,"Av. Los Próceres 291, San Miguel",Laser baja potencia,Carsi,Lasermed 60mW,CAR-4185,Cánula láser,Falso contacto en cable de cánula láser,Cambio de cable de cánula láser,No,Cliente solicitó revisión urgente,Encargado de Servicio Técnico,COT-2025-0357,INF-2025-0357,PEN,129.65
2025,Recepción,2025-10-29,2025-11-01,3,Centro Médico El Progreso,Clínica,San Miguel,Encargado de compras,918526544,centromédico25@hotmail.com,"Av. Central 1320, San Miguel",Dermatoscopios,Dermlitex,Lumio,DER-7088,Lente,Mantenimiento por limpieza de lente,Limpieza y mantenimiento de lente + Mantenimiento preventivo anual,Sí,"Cliente rechazó cambio de placa, se optó por reparación",Encargado de Servicio Técnico,COT-2025-0006,INF-2025-0006,PEN,191.95
2025,Recepción,2025-10-30,2025-11-04,5,Patricia Gómez Vásquez EIRL,Consultorio independiente,Cercado de Lima,Administración,924942603,patriciagóme0@gmail.com,"Av. La Marina 663, Cercado de Lima",Electroterapia,Biomedikal,Biostim NMS,BIO-6573,Electrodos,Electrodos desgastados,Cambio de electrodos + Mantenimiento preventivo anual,Sí,"Cliente rechazó cambio de placa, se optó por reparación",Encargado de Servicio Técnico,COT-2025-0122,INF-2025-0122,PEN,164.53
2025,Recepción,2025-10-31,2025-11-05,5,Centro de Rehabilitación Vitalis,Clínica,Jesús María,Coordinación,917507864,centrodereha18@gmail.com,"Av. Los Próceres 1748, Jesús María",Ultrasonido,Carsi,Sonomed IV,CAR-9884,Cable de aplicador US,Falso contacto en cable de aplicador,Cambio de cable de aplicador,No,Sin observaciones adicionales,Encargado de Servicio Técnico,COT-2025-0381,INF-2025-0381,PEN,155.36
2025,Recepción,2025-11-02,2025-11-06,4,Corporación de Servicios Médicos del Sur,Clínica,Chosica,Administración,966722344,corporaciónd6@hotmail.com,"Av. El Sol 418, Chosica",Electroterapia,Biomedikal,Biostim NMS,BIO-5746,Cable de electrodos,Falso contacto en cable de electrodos,Cambio de cable de electrodos,No,Se coordinó con el cliente por retraso de repuesto importado,Encargado de Servicio Técnico,COT-2025-0339,INF-2025-0339,PEN,150.63
2025,Recepción,2025-11-05,2025-11-06,1,Patricia Gómez Vásquez EIRL,Consultorio independiente,Cercado de Lima,Administración,924942603,patriciagóme0@gmail.com,"Av. La Marina 663, Cercado de Lima",Magnetoterapia,Emme,Magnetomed 8400,EMM-4718,Fusible,Fusible quemado,Cambio de fusibles + Mantenimiento preventivo anual,Sí,Sin observaciones adicionales,Practicante,COT-2025-0156,INF-2025-0156,PEN,109.4
2025,Visita,2025-11-06,2025-11-08,2,Maribel Salud SAC,Clínica,San Miguel,Administración,966629388,maribelsalud2@gmail.com,"Av. Los Próceres 291, San Miguel",Magnetoterapia,Storz Medikal,Magnetolith,STO-8142,Carcasa de bobina,Rotura de carcasa de bobina plana (orejas de correa),Cambio de carcasa de accesorio + Mantenimiento preventivo anual,Sí,"Cliente rechazó cambio de placa, se optó por reparación",Encargado de Servicio Técnico,COT-2025-0149,INF-2025-0149,PEN,179.23
2025,Recepción,2025-11-07,2025-11-18,11,Lic. Rosa Ibarra Terapia Física,Consultorio independiente,Jesús María,Encargado de compras,924716857,licrosaibarr24@gmail.com,"Av. La Marina 427, Jesús María",Bicicleta Estacionaria,Ergolines,Ergoselect 200P,ERG-3001,N/A,Armado / instalación inicial,Armado e instalación + Mantenimiento preventivo anual,Sí,Sin observaciones adicionales,Encargado de Servicio Técnico,COT-2025-0340,INF-2025-0340,PEN,273.82
2025,Recepción,2025-11-07,2025-11-16,9,Patricia Gómez Vásquez EIRL,Consultorio independiente,Cercado de Lima,Administración,924942603,patriciagóme0@gmail.com,"Av. La Marina 663, Cercado de Lima",Magnetoterapia,Meditek,Magnetherp 330 NG,MED-2761,Carcasa de bobina,Rotura de carcasa de bobina plana (orejas de correa),Cambio de carcasa de accesorio + Mantenimiento preventivo anual,Sí,"Equipo antiguo, se recomienda mantenimiento anual",Encargado de Servicio Técnico,COT-2025-0393,INF-2025-0393,PEN,152.64
2025,Visita,2025-11-08,2025-11-17,9,Patricia Gómez Vásquez EIRL,Consultorio independiente,Cercado de Lima,Administración,924942603,patriciagóme0@gmail.com,"Av. La Marina 663, Cercado de Lima",Magnetoterapia,Meditek,Magnetherp 200,MED-4811,N/A,Descalibración,Calibración de equipo,No,Cliente solicitó revisión urgente,Encargado de Servicio Técnico,COT-2025-0196,INF-2025-0196,PEN,118.3
2025,Recepción,2025-11-09,2025-11-11,2,Fisiosalud Andina SAC,Clínica,La Molina,Recepción,928566572,fisiosaludan23@outlook.com,"Av. Central 286, La Molina",Magnetoterapia,Emme,Magnetomed 7200,EMM-1267,Cable de aplicador,Falso contacto en cable de aplicador (bobina),Cambio de cable de aplicador + Mantenimiento preventivo anual,Sí,"Cliente rechazó cambio de placa, se optó por reparación",Practicante,COT-2025-0284,INF-2025-0284,PEN,250.38
2025,Visita,2025-11-10,2025-11-18,8,Centro de Rehabilitación Vitalis,Clínica,Jesús María,Coordinación,917507864,centrodereha18@gmail.com,"Av. Los Próceres 1748, Jesús María",Magnetoterapia,Storz Medikal,Magnetolith,STO-6797,N/A,Falla en placa de potencia (reparable),Reparación de placa de potencia + Mantenimiento preventivo anual,Sí,Cliente solicitó revisión urgente,Encargado de Servicio Técnico,COT-2025-0395,INF-2025-0395,PEN,622.5
2025,Recepción,2025-11-11,2025-11-17,6,Mefyre - Cuerpo de Emergencias,Institución,La Molina,Recepción,928728463,mefyrecuerpo1@outlook.com,"Av. Los Próceres 1485, La Molina",Magnetoterapia,Storz Medikal,Magnetolith,STO-1625,Carcasa de bobina,Rotura de carcasa de bobina plana (orejas de correa),Cambio de carcasa de accesorio,No,,Encargado de Servicio Técnico,COT-2025-0385,INF-2025-0385,PEN,136.45
2025,Visita,2025-11-12,2025-11-22,10,Trauma Médika EIRL,Clínica (VIP),Comas,Recepción,948840994,traumamédika12@gmail.com,"Av. Las Torres 1874, Comas",Laser baja potencia,Carsi,Lasermed 60mW,CAR-9209,Teclado membrana,Falla en teclado membrana,Cambio de teclado membrana,No,Cliente solicitó revisión urgente,Encargado de Servicio Técnico,COT-2025-0280,INF-2025-0280,USD,725.62
2025,Recepción,2025-11-13,2025-11-16,3,Clínica Los Álamos SAC,Clínica,Magdalena,Coordinación,995899313,clínicalosál17@outlook.com,"Av. Las Flores 549, Magdalena",Ultrasonido,Emme,Ultrasonic 1500,EMM-7512,Cable de aplicador US,Falso contacto en cable de aplicador,Cambio de cable de aplicador + Mantenimiento preventivo anual,Sí,,Encargado de Servicio Técnico,COT-2025-0277,INF-2025-0277,PEN,212.24
2025,Recepción,2025-11-13,2025-11-18,5,Patricia Gómez Vásquez EIRL,Consultorio independiente,Cercado de Lima,Administración,924942603,patriciagóme0@gmail.com,"Av. La Marina 663, Cercado de Lima",Camilla de Tracción,Everyway,ET-800,EVE-5056,N/A,Mantenimiento general,Mantenimiento preventivo general,No,Equipo con uso intensivo diario,Encargado de Servicio Técnico,COT-2025-0299,INF-2025-0299,PEN,98.69
2025,Recepción,2025-11-14,2025-11-20,6,Hospital Nacional Docente,Institución,San Juan de Lurigancho,Coordinación,959684848,hospitalnaci14@hotmail.com,"Av. Las Torres 1472, San Juan de Lurigancho",Magnetoterapia,Storz Medikal,Magnetolith,STO-3606,Cable de aplicador,Falso contacto en cable de aplicador (bobina),Cambio de cable de aplicador,No,Sin observaciones adicionales,Encargado de Servicio Técnico,COT-2025-0319,INF-2025-0319,PEN,201.4
2025,Recepción,2025-11-17,2025-11-22,5,NoPain Centro de Rehabilitación,Clínica,Comas,Recepción,955176955,nopaincentro7@gmail.com,"Av. Los Próceres 878, Comas",Magnetoterapia,Meditek,Magnetherp 200,MED-8737,Cable de aplicador,Falso contacto en cable de aplicador (bobina),Cambio de cable de aplicador + Mantenimiento preventivo anual,Sí,Se coordinó con el cliente por retraso de repuesto importado,Encargado de Servicio Técnico,COT-2025-0344,INF-2025-0344,PEN,257.02
2025,Recepción,2025-11-18,2025-11-29,11,Trauma Médika EIRL,Clínica (VIP),Comas,Recepción,948840994,traumamédika12@gmail.com,"Av. Las Torres 1874, Comas",Electroterapia,Biomedikal,Quadstar II,BIO-5104,Teclado,Falla en teclado / perillas,Cambio de teclado o perillas,No,Se coordinó con el cliente por retraso de repuesto importado,Encargado de Servicio Técnico,COT-2025-0014,INF-2025-0014,USD,535.49
2025,Recepción,2025-11-19,2025-11-22,3,Trauma Médika EIRL,Clínica (VIP),Comas,Recepción,948840994,traumamédika12@gmail.com,"Av. Las Torres 1874, Comas",Magnetoterapia,Emme,Magnetomed 7200,EMM-8792,Cable de aplicador,Falso contacto en cable de aplicador (bobina),Cambio de cable de aplicador + Mantenimiento preventivo anual,Sí,"Cliente rechazó cambio de placa, se optó por reparación",Encargado de Servicio Técnico,COT-2025-0047,INF-2025-0047,USD,861.72
2025,Visita,2025-11-20,2025-11-23,3,Patricia Gómez Vásquez EIRL,Consultorio independiente,Cercado de Lima,Administración,924942603,patriciagóme0@gmail.com,"Av. La Marina 663, Cercado de Lima",Laser baja potencia,Carsi,Lasermed 60mW,CAR-3224,N/A,Falla en placa de control (reparable),Reparación de placa de control,No,Sin observaciones adicionales,Practicante,COT-2025-0293,INF-2025-0293,PEN,324.92
2025,Recepción,2025-11-21,2025-11-24,3,Policlínico San Judas,Clínica,Chosica,Coordinación,988461803,policlínicos22@hotmail.com,"Av. Las Flores 917, Chosica",Ultrasonido,Emme,Ultrasonic 1300,EMM-4539,N/A,Descalibración,Calibración de equipo + Mantenimiento preventivo anual,Sí,"Cliente rechazó cambio de placa, se optó por reparación",Practicante,COT-2025-0117,INF-2025-0117,PEN,234.31
2025,Recepción,2025-11-21,2025-11-22,1,Maribel Salud SAC,Clínica,San Miguel,Administración,966629388,maribelsalud2@gmail.com,"Av. Los Próceres 291, San Miguel",Masoterapia,Genérico,Equipo de masoterapia,GEN-4954,N/A,Caso particular / falla no recurrente,Reparación según diagnóstico particular + Mantenimiento preventivo anual,Sí,"Cliente rechazó cambio de placa, se optó por reparación",Encargado de Servicio Técnico,COT-2025-0219,INF-2025-0219,PEN,504.08
2025,Recepción,2025-11-21,2025-11-26,5,NoPain Centro de Rehabilitación,Clínica,Comas,Recepción,955176955,nopaincentro7@gmail.com,"Av. Los Próceres 878, Comas",Magnetoterapia,Emme,Magnetomed 8400,EMM-2972,N/A,Falla en placa de control (reparable),Reparación de placa de control,No,"Equipo antiguo, se recomienda mantenimiento anual",Practicante,COT-2025-0189,INF-2025-0189,PEN,275.81
2025,Recepción,2025-11-22,2025-11-26,4,Carlos Alberto Santos,Paciente / equipo propio,Chosica,Administración,997226012,carlosalbert4@outlook.com,"Av. Las Flores 959, Chosica",Lampara Infrarroja,Genérico,Lámpara infrarroja,GEN-9216,N/A,Mantenimiento preventivo (sin falla registrada),Mantenimiento preventivo general,No,Cliente solicitó revisión urgente,Encargado de Servicio Técnico,COT-2025-0020,INF-2025-0020,PEN,50.95
2025,Recepción,2025-11-22,2025-11-26,4,Centro de Rehabilitación Vitalis,Clínica,Jesús María,Coordinación,917507864,centrodereha18@gmail.com,"Av. Los Próceres 1748, Jesús María",Ondas de Choque Radial,Ztorz Medikal,Masterpuls MP ONE,ZTO-5347,Aplicador,Aplicador superó límite de disparos,Cambio de aplicador por límite de disparos,No,Equipo con uso intensivo diario,Encargado de Servicio Técnico,COT-2025-0283,INF-2025-0283,PEN,3547.64
2025,Recepción,2025-11-23,2025-11-30,7,IAFAS Fuerza Aeroespacial del Perú,Institución (VIP),Ate,Coordinación,984093639,iafasfuerzaa10@hotmail.com,"Av. La Marina 1366, Ate",Ultrasonido,Emme,Ultrasonic 1300,EMM-7350,Teclado membrana,Falla en teclado membrana,Cambio de teclado membrana,No,Cliente solicitó revisión urgente,Practicante,COT-2025-0033,INF-2025-0033,PEN,860.7
2025,Recepción,2025-11-25,2025-11-26,1,Mefyre - Cuerpo de Emergencias,Institución,La Molina,Recepción,928728463,mefyrecuerpo1@outlook.com,"Av. Los Próceres 1485, La Molina",Magnetoterapia,Meditek,Magnetherp 330,MED-6589,Cable de aplicador,Falso contacto en cable de aplicador (bobina),Cambio de cable de aplicador + Mantenimiento preventivo anual,Sí,,Encargado de Servicio Técnico,COT-2025-0172,INF-2025-0172,PEN,175.01
2025,Recepción,2025-11-25,2025-11-29,4,Maribel Salud SAC,Clínica,San Miguel,Administración,966629388,maribelsalud2@gmail.com,"Av. Los Próceres 291, San Miguel",Magnetoterapia,Meditek,Magnetherp 440,MED-4267,Cable de aplicador,Falso contacto en cable de aplicador (bobina),Cambio de cable de aplicador,No,Cliente solicitó revisión urgente,Encargado de Servicio Técnico,COT-2025-0159,INF-2025-0159,PEN,183.97
2025,Recepción,2025-11-26,2025-11-29,3,Corporación de Servicios Médicos del Sur,Clínica,Chosica,Administración,966722344,corporaciónd6@hotmail.com,"Av. El Sol 418, Chosica",Laser baja potencia,Carsi,Lasermed 100mW,CAR-4452,Cánula láser,Falso contacto en cable de cánula láser,Cambio de cable de cánula láser,No,"Equipo antiguo, se recomienda mantenimiento anual",Encargado de Servicio Técnico,COT-2025-0026,INF-2025-0026,PEN,139.58
2025,Recepción,2025-11-26,2025-12-03,7,Alfa y Omega Rehabilitación,Clínica,La Molina,Administración,977827638,alfayomegare3@outlook.com,"Av. Los Próceres 1249, La Molina",Electroterapia,Emme,Therapic 9400,EMM-9297,Cable de electrodos,Falso contacto en cable de electrodos,Cambio de cable de electrodos + Mantenimiento preventivo anual,Sí,Sin observaciones adicionales,Practicante,COT-2025-0397,INF-2025-0397,PEN,220.31
2025,Visita,2025-11-27,2025-11-30,3,Parroquia Nuestra Señora de Chaclacayo,Institución,San Borja,Recepción,956164955,parroquianue8@outlook.com,"Av. El Sol 1752, San Borja",Laser baja potencia,Carsi,Lasermed 60mW,CAR-9647,Cánula láser,Falso contacto en cable de cánula láser,Cambio de cable de cánula láser + Mantenimiento preventivo anual,Sí,Equipo con uso intensivo diario,Encargado de Servicio Técnico,COT-2025-0365,INF-2025-0365,PEN,240.18
2025,Visita,2025-11-27,2025-12-01,4,Maribel Salud SAC,Clínica,San Miguel,Administración,966629388,maribelsalud2@gmail.com,"Av. Los Próceres 291, San Miguel",Magnetoterapia,Storz Medikal,Magnetolith,STO-4741,Cable de poder,Falla en cable de poder,Cambio de cable de poder + Mantenimiento preventivo anual,Sí,"Equipo antiguo, se recomienda mantenimiento anual",Encargado de Servicio Técnico,COT-2025-0144,INF-2025-0144,PEN,156.4
2025,Recepción,2025-11-28,2025-12-09,11,Patricia Gómez Vásquez EIRL,Consultorio independiente,Cercado de Lima,Administración,924942603,patriciagóme0@gmail.com,"Av. La Marina 663, Cercado de Lima",Magnetoterapia,Emme,Magnetomed 8400,EMM-3921,Cable de aplicador,Falso contacto en cable de aplicador (bobina),Cambio de cable de aplicador,No,"Cliente rechazó cambio de placa, se optó por reparación",Encargado de Servicio Técnico,COT-2025-0142,INF-2025-0142,PEN,121.65
2025,Recepción,2025-12-01,2025-12-09,8,Patricia Gómez Vásquez EIRL,Consultorio independiente,Cercado de Lima,Administración,924942603,patriciagóme0@gmail.com,"Av. La Marina 663, Cercado de Lima",Compreseros Calientes,Nacional Perú,Compresero 24 unid.,NAC-1942,N/A,Descalibración de temperatura,Calibración de temperatura,No,"Equipo antiguo, se recomienda mantenimiento anual",Encargado de Servicio Técnico,COT-2025-0128,INF-2025-0128,PEN,95.36
2025,Recepción,2025-12-03,2025-12-09,6,Trauma Médika EIRL,Clínica (VIP),Comas,Recepción,948840994,traumamédika12@gmail.com,"Av. Las Torres 1874, Comas",Magnetoterapia,Storz Medikal,Magnetolith,STO-7844,N/A,Falla en placa de potencia (reparable),Reparación de placa de potencia + Mantenimiento preventivo anual,Sí,Cliente solicitó revisión urgente,Encargado de Servicio Técnico,COT-2025-0167,INF-2025-0167,USD,1793.83
2025,Visita,2025-12-03,2025-12-08,5,Carlos Alberto Santos,Paciente / equipo propio,Chosica,Administración,997226012,carlosalbert4@outlook.com,"Av. Las Flores 959, Chosica",Camilla de Tracción,Everyway,ET-800,EVE-8465,N/A,Descalibración de fuerza de tracción,Calibración de fuerza de tracción + Mantenimiento preventivo anual,Sí,Equipo con uso intensivo diario,Encargado de Servicio Técnico,COT-2025-0350,INF-2025-0350,PEN,172.55
2025,Visita,2025-12-03,2025-12-10,7,Maribel Salud SAC,Clínica,San Miguel,Administración,966629388,maribelsalud2@gmail.com,"Av. Los Próceres 291, San Miguel",Laser baja potencia,Carsi,Lasermed 100mW,CAR-9163,Cable de poder,Falla en cable de poder,Cambio de cable de poder,No,"Equipo antiguo, se recomienda mantenimiento anual",Encargado de Servicio Técnico,COT-2025-0295,INF-2025-0295,PEN,133.43
2025,Recepción,2025-12-04,2025-12-05,1,Mefyre - Cuerpo de Emergencias,Institución,La Molina,Recepción,928728463,mefyrecuerpo1@outlook.com,"Av. Los Próceres 1485, La Molina",Ultrasonido,Carsi,Sonomed IV,CAR-9594,N/A,Descalibración,Calibración de equipo + Mantenimiento preventivo anual,Sí,Sin observaciones adicionales,Encargado de Servicio Técnico,COT-2025-0005,INF-2025-0005,PEN,189.36
2025,Recepción,2025-12-04,2025-12-06,2,Centro Médico El Progreso,Clínica,San Miguel,Encargado de compras,918526544,centromédico25@hotmail.com,"Av. Central 1320, San Miguel",Magnetoterapia,Meditek,Magnetherp 330 NG,MED-1497,Carcasa de bobina,Rotura de carcasa de bobina plana (orejas de correa),Cambio de carcasa de accesorio,No,Sin observaciones adicionales,Encargado de Servicio Técnico,COT-2025-0205,INF-2025-0205,PEN,172.75
2025,Visita,2025-12-04,2025-12-06,2,Maribel Salud SAC,Clínica,San Miguel,Administración,966629388,maribelsalud2@gmail.com,"Av. Los Próceres 291, San Miguel",Ultrasonido,Carsi,Sonomed IV,CAR-1081,Cable de poder,Falla en cable de poder,Cambio de cable de poder,No,,Practicante,COT-2025-0352,INF-2025-0352,PEN,87.25
2025,Recepción,2025-12-05,2025-12-13,8,Clínica Bienestar Total EIRL,Clínica,San Juan de Lurigancho,Coordinación,945551614,clínicabiene21@gmail.com,"Av. Las Torres 1625, San Juan de Lurigancho",Electroterapia,Emme,Therapic 9200,EMM-4728,N/A,Falla en placa de control por caída (equipo portátil),Reparación de placa de control,No,Cliente solicitó revisión urgente,Encargado de Servicio Técnico,COT-2025-0068,INF-2025-0068,PEN,406.77
2025,Recepción,2025-12-07,2025-12-11,4,Fisiosalud Andina SAC,Clínica,La Molina,Recepción,928566572,fisiosaludan23@outlook.com,"Av. Central 286, La Molina",Masoterapia,Genérico,Equipo de masoterapia,GEN-7997,N/A,Caso particular / falla no recurrente,Reparación según diagnóstico particular + Mantenimiento preventivo anual,Sí,,Practicante,COT-2025-0409,INF-2025-0409,PEN,470.02
2025,Visita,2025-12-07,2025-12-11,4,Alfa y Omega Rehabilitación,Clínica,La Molina,Administración,977827638,alfayomegare3@outlook.com,"Av. Los Próceres 1249, La Molina",Ultrasonido,Emme,Ultrasonic 1300,EMM-6781,N/A,Descalibración,Calibración de equipo,No,Sin observaciones adicionales,Encargado de Servicio Técnico,COT-2025-0179,INF-2025-0179,PEN,110.53
2025,Recepción,2025-12-09,2025-12-11,2,Mefyre - Cuerpo de Emergencias,Institución,La Molina,Recepción,928728463,mefyrecuerpo1@outlook.com,"Av. Los Próceres 1485, La Molina",Ondas de Choque Radial,Ztorz Medikal,Masterpuls MP ONE,ZTO-3558,Aplicador,Aplicador superó límite de disparos,Cambio de aplicador por límite de disparos,No,Equipo con uso intensivo diario,Practicante,COT-2025-0426,INF-2025-0426,PEN,4042.08
2025,Recepción,2025-12-09,2025-12-10,1,Clínica Los Álamos SAC,Clínica,Magdalena,Coordinación,995899313,clínicalosál17@outlook.com,"Av. Las Flores 549, Magdalena",Magnetoterapia,Meditek,Magnetherp 200,MED-8091,Carcasa de bobina,Rotura de carcasa de bobina plana (orejas de correa),Cambio de carcasa de accesorio + Mantenimiento preventivo anual,Sí,Sin observaciones adicionales,Encargado de Servicio Técnico,COT-2025-0182,INF-2025-0182,PEN,199.69
2025,Recepción,2025-12-09,2025-12-16,7,Instituto Peruano del Deporte - Sede Sur,Institución,La Molina,Encargado de compras,997971488,institutoper20@hotmail.com,"Av. Central 1911, La Molina",Laser baja potencia,Carsi,Lasermed 100mW,CAR-4353,N/A,Descalibración,Calibración de equipo + Mantenimiento preventivo anual,Sí,Sin observaciones adicionales,Encargado de Servicio Técnico,COT-2025-0257,INF-2025-0257,PEN,520.65
2025,Recepción,2025-12-10,2025-12-13,3,Patricia Gómez Vásquez EIRL,Consultorio independiente,Cercado de Lima,Administración,924942603,patriciagóme0@gmail.com,"Av. La Marina 663, Cercado de Lima",Compreseros Calientes,Nacional Perú,Compresero 12 unid.,NAC-8513,N/A,Descalibración de temperatura,Calibración de temperatura + Mantenimiento preventivo anual,Sí,"Equipo antiguo, se recomienda mantenimiento anual",Encargado de Servicio Técnico,COT-2025-0008,INF-2025-0008,PEN,160.85
2025,Recepción,2025-12-10,2025-12-13,3,Maribel Salud SAC,Clínica,San Miguel,Administración,966629388,maribelsalud2@gmail.com,"Av. Los Próceres 291, San Miguel",Electroterapia,Biomedikal,Quadstar II,BIO-5920,N/A,Falla en placa de control (equipo grande),Reparación de placa de control + Mantenimiento preventivo anual,Sí,,Encargado de Servicio Técnico,COT-2025-0266,INF-2025-0266,PEN,452.81
2025,Recepción,2025-12-10,2025-12-11,1,Federación Peruana de Voleibol,Institución (VIP),San Miguel,Administración,935808537,federaciónpe11@outlook.com,"Av. Los Próceres 193, San Miguel",Laser baja potencia,Carsi,Lasermed 100mW,CAR-7904,Cánula láser,Falso contacto en cable de cánula láser,Cambio de cable de cánula láser + Mantenimiento preventivo anual,Sí,Equipo con uso intensivo diario,Encargado de Servicio Técnico,COT-2025-0190,INF-2025-0190,PEN,891.61
2025,Recepción,2025-12-11,2025-12-19,8,Hospital Nacional Docente,Institución,San Juan de Lurigancho,Coordinación,959684848,hospitalnaci14@hotmail.com,"Av. Las Torres 1472, San Juan de Lurigancho",Laser baja potencia,Carsi,Lasermed 100mW,CAR-6087,Cable de poder,Falla en cable de poder,Cambio de cable de poder,No,"Cliente rechazó cambio de placa, se optó por reparación",Encargado de Servicio Técnico,COT-2025-0121,INF-2025-0121,PEN,137.9
2025,Recepción,2025-12-11,2025-12-18,7,Mefyre - Cuerpo de Emergencias,Institución,La Molina,Recepción,928728463,mefyrecuerpo1@outlook.com,"Av. Los Próceres 1485, La Molina",Compreseros Calientes,Nacional Perú,Compresero 24 unid.,NAC-5006,N/A,Descalibración de temperatura,Calibración de temperatura,No,,Encargado de Servicio Técnico,COT-2025-0410,INF-2025-0410,PEN,125.73
2025,Visita,2025-12-12,2025-12-16,4,Mefyre - Cuerpo de Emergencias,Institución,La Molina,Recepción,928728463,mefyrecuerpo1@outlook.com,"Av. Los Próceres 1485, La Molina",Ondas de Choque Radial,Ztorz Medikal,Masterpuls MP200,ZTO-2433,Aplicador,Aplicador superó límite de disparos,Cambio de aplicador por límite de disparos + Mantenimiento preventivo anual,Sí,Equipo con uso intensivo diario,Encargado de Servicio Técnico,COT-2025-0271,INF-2025-0271,PEN,3447.68
2025,Recepción,2025-12-12,2025-12-13,1,Hospital Nacional Docente,Institución,San Juan de Lurigancho,Coordinación,959684848,hospitalnaci14@hotmail.com,"Av. Las Torres 1472, San Juan de Lurigancho",Ultrasonido,Carsi,Sonomed IV,CAR-6189,Cable de aplicador US,Falso contacto en cable de aplicador,Cambio de cable de aplicador,No,,Encargado de Servicio Técnico,COT-2025-0241,INF-2025-0241,PEN,341.52
2025,Recepción,2025-12-12,2025-12-14,2,Corporación de Servicios Médicos del Sur,Clínica,Chosica,Administración,966722344,corporaciónd6@hotmail.com,"Av. El Sol 418, Chosica",Magnetoterapia,Storz Medikal,Magnetolith,STO-9577,Cable de aplicador,Falso contacto en cable de aplicador (bobina),Cambio de cable de aplicador + Mantenimiento preventivo anual,Sí,"Cliente rechazó cambio de placa, se optó por reparación",Encargado de Servicio Técnico,COT-2025-0042,INF-2025-0042,PEN,317.96
2025,Recepción,2025-12-13,2025-12-15,2,Seguro Social de Salud,Institución (VIP),Chosica,Encargado de compras,971662963,segurosocial9@outlook.com,"Av. Los Próceres 1988, Chosica",Magnetoterapia,Emme,Magnetomed 7200,EMM-6534,Cable de aplicador,Falso contacto en cable de aplicador (bobina),Cambio de cable de aplicador,No,Se coordinó con el cliente por retraso de repuesto importado,Encargado de Servicio Técnico,COT-2025-0043,INF-2025-0043,PEN,969.1
2025,Recepción,2025-12-14,2025-12-17,3,Clínica Los Álamos SAC,Clínica,Magdalena,Coordinación,995899313,clínicalosál17@outlook.com,"Av. Las Flores 549, Magdalena",Electroterapia,Emme,Therapic 9200,EMM-5590,N/A,Descalibración,Calibración de equipo,No,,Encargado de Servicio Técnico,COT-2025-0113,INF-2025-0113,PEN,105.67
2025,Recepción,2025-12-15,2025-12-19,4,Corporación de Servicios Médicos del Sur,Clínica,Chosica,Administración,966722344,corporaciónd6@hotmail.com,"Av. El Sol 418, Chosica",Electroterapia,Emme,Therapic 9400,EMM-3365,Fusible,Fusible quemado,Cambio de fusibles,No,"Equipo antiguo, se recomienda mantenimiento anual",Encargado de Servicio Técnico,COT-2025-0155,INF-2025-0155,PEN,76.82
2025,Visita,2025-12-15,2025-12-19,4,Clínica Primavera SAC,Clínica,Miraflores,Administración,989089901,clínicaprima5@hotmail.com,"Av. Los Próceres 1654, Miraflores",Magnetoterapia,Meditek,Magnetherp 200,MED-6102,N/A,Falla en placa de potencia (reparable),Reparación de placa de potencia + Mantenimiento preventivo anual,Sí,Sin observaciones adicionales,Encargado de Servicio Técnico,COT-2025-0097,INF-2025-0097,PEN,419.21
2025,Recepción,2025-12-16,2025-12-21,5,Clínica Bienestar Total EIRL,Clínica,San Juan de Lurigancho,Coordinación,945551614,clínicabiene21@gmail.com,"Av. Las Torres 1625, San Juan de Lurigancho",Compreseros Calientes,Nacional Perú,Compresero 12 unid.,NAC-3248,Termostato,Termostato dañado,Cambio de termostato,No,Sin observaciones adicionales,Encargado de Servicio Técnico,COT-2025-0233,INF-2025-0233,PEN,151.14
2025,Recepción,2025-12-17,2025-12-24,7,Patricia Gómez Vásquez EIRL,Consultorio independiente,Cercado de Lima,Administración,924942603,patriciagóme0@gmail.com,"Av. La Marina 663, Cercado de Lima",Ultrasonido,Carsi,Sonomed IV,CAR-2993,Aplicador US,Desgaste de cristal piezoeléctrico de aplicador,Cambio de piezoeléctrico de aplicador,No,Cliente solicitó revisión urgente,Encargado de Servicio Técnico,COT-2025-0090,INF-2025-0090,PEN,306.13
2025,Visita,2025-12-17,2025-12-18,1,Seguro Social de Salud,Institución (VIP),Chosica,Encargado de compras,971662963,segurosocial9@outlook.com,"Av. Los Próceres 1988, Chosica",Dermatoscopios,Dermlitex,DL200HR,DER-9810,Lente,Mantenimiento por limpieza de lente,Limpieza y mantenimiento de lente + Mantenimiento preventivo anual,Sí,,Encargado de Servicio Técnico,COT-2025-0066,INF-2025-0066,PEN,943.37
2025,Recepción,2025-12-18,2025-12-19,1,Patricia Gómez Vásquez EIRL,Consultorio independiente,Cercado de Lima,Administración,924942603,patriciagóme0@gmail.com,"Av. La Marina 663, Cercado de Lima",Magnetoterapia,Emme,Magnetomed 8400,EMM-4514,Carcasa de bobina,Rotura de carcasa de bobina plana (orejas de correa),Cambio de carcasa de accesorio,No,Cliente solicitó revisión urgente,Encargado de Servicio Técnico,COT-2025-0314,INF-2025-0314,PEN,103.77
2025,Recepción,2025-12-19,2025-12-21,2,Clínica Primavera SAC,Clínica,Miraflores,Administración,989089901,clínicaprima5@hotmail.com,"Av. Los Próceres 1654, Miraflores",Laser baja potencia,Carsi,Lasermed 60mW,CAR-5601,N/A,Descalibración,Calibración de equipo,No,Se coordinó con el cliente por retraso de repuesto importado,Encargado de Servicio Técnico,COT-2025-0207,INF-2025-0207,PEN,189.74
2025,Recepción,2025-12-19,2025-12-25,6,IAFAS Fuerza Aeroespacial del Perú,Institución (VIP),Ate,Coordinación,984093639,iafasfuerzaa10@hotmail.com,"Av. La Marina 1366, Ate",Ultrasonido,Emme,Ultrasonic 1500,EMM-9951,Aplicador US,Desgaste de cristal piezoeléctrico de aplicador,Cambio de piezoeléctrico de aplicador + Mantenimiento preventivo anual,Sí,Se coordinó con el cliente por retraso de repuesto importado,Encargado de Servicio Técnico,COT-2025-0139,INF-2025-0139,PEN,1831.2
2025,Visita,2025-12-20,2025-12-23,3,Parroquia Nuestra Señora de Chaclacayo,Institución,San Borja,Recepción,956164955,parroquianue8@outlook.com,"Av. El Sol 1752, San Borja",Electroterapia,Emme,Therapic 9400,EMM-5645,Electrodos,Electrodos desgastados,Cambio de electrodos + Mantenimiento preventivo anual,Sí,"Equipo antiguo, se recomienda mantenimiento anual",Encargado de Servicio Técnico,COT-2025-0382,INF-2025-0382,PEN,174.26
2025,Visita,2025-12-20,2025-12-29,9,Alfa y Omega Rehabilitación,Clínica,La Molina,Administración,977827638,alfayomegare3@outlook.com,"Av. Los Próceres 1249, La Molina",Compreseros Calientes,Nacional Perú,Compresero 12 unid.,NAC-5675,Fusible,Fusible quemado,Cambio de fusibles + Mantenimiento preventivo anual,Sí,,Encargado de Servicio Técnico,COT-2025-0202,INF-2025-0202,PEN,182.65
2025,Recepción,2025-12-20,2025-12-22,2,Centro de Rehabilitación Vitalis,Clínica,Jesús María,Coordinación,917507864,centrodereha18@gmail.com,"Av. Los Próceres 1748, Jesús María",Ultrasonido,Carsi,Sonomed V,CAR-2857,Cable de aplicador US,Falso contacto en cable de aplicador,Cambio de cable de aplicador,No,Equipo con uso intensivo diario,Encargado de Servicio Técnico,COT-2025-0296,INF-2025-0296,PEN,154.75
2025,Recepción,2025-12-20,2025-12-23,3,Patricia Gómez Vásquez EIRL,Consultorio independiente,Cercado de Lima,Administración,924942603,patriciagóme0@gmail.com,"Av. La Marina 663, Cercado de Lima",Dermatoscopios,Dermlitex,DL200HR,DER-3882,Lente,Mantenimiento por limpieza de lente,Limpieza y mantenimiento de lente + Mantenimiento preventivo anual,Sí,"Equipo antiguo, se recomienda mantenimiento anual",Practicante,COT-2025-0250,INF-2025-0250,PEN,129.92
2025,Recepción,2025-12-21,2025-12-27,6,NoPain Centro de Rehabilitación,Clínica,Comas,Recepción,955176955,nopaincentro7@gmail.com,"Av. Los Próceres 878, Comas",Magnetoterapia,Emme,Magnetomed 8400,EMM-3818,N/A,Descalibración,Calibración de equipo + Mantenimiento preventivo anual,Sí,,Encargado de Servicio Técnico,COT-2025-0119,INF-2025-0119,PEN,194.64
2025,Visita,2025-12-22,2025-12-23,1,Maribel Salud SAC,Clínica,San Miguel,Administración,966629388,maribelsalud2@gmail.com,"Av. Los Próceres 291, San Miguel",Ultrasonido,Carsi,Sonomed IV,CAR-6074,N/A,Descalibración,Calibración de equipo,No,Cliente solicitó revisión urgente,Practicante,COT-2025-0145,INF-2025-0145,PEN,141.35
2025,Recepción,2025-12-22,2025-12-23,1,Clínica Bienestar Total EIRL,Clínica,San Juan de Lurigancho,Coordinación,945551614,clínicabiene21@gmail.com,"Av. Las Torres 1625, San Juan de Lurigancho",Magnetoterapia,Emme,Magnetomed 7200,EMM-6665,N/A,Falla en placa de potencia (reparable),Reparación de placa de potencia,No,Cliente solicitó revisión urgente,Encargado de Servicio Técnico,COT-2025-0345,INF-2025-0345,PEN,348.38
2025,Recepción,2025-12-22,2025-12-23,1,Patricia Gómez Vásquez EIRL,Consultorio independiente,Cercado de Lima,Administración,924942603,patriciagóme0@gmail.com,"Av. La Marina 663, Cercado de Lima",Magnetoterapia,Storz Medikal,Magnetolith,STO-7349,N/A,Descalibración,Calibración de equipo + Mantenimiento preventivo anual,Sí,,Encargado de Servicio Técnico,COT-2025-0153,INF-2025-0153,PEN,164.99
2025,Recepción,2025-12-23,2025-12-25,2,Corporación de Servicios Médicos del Sur,Clínica,Chosica,Administración,966722344,corporaciónd6@hotmail.com,"Av. El Sol 418, Chosica",Magnetoterapia,Storz Medikal,Magnetolith,STO-2857,Cable de aplicador,Falso contacto en cable de aplicador (bobina),Cambio de cable de aplicador,No,Se coordinó con el cliente por retraso de repuesto importado,Encargado de Servicio Técnico,COT-2025-0164,INF-2025-0164,PEN,201.76
2025,Recepción,2025-12-24,2025-12-27,3,Parroquia Nuestra Señora de Chaclacayo,Institución,San Borja,Recepción,956164955,parroquianue8@outlook.com,"Av. El Sol 1752, San Borja",Laser baja potencia,Carsi,Lasermed 100mW,CAR-8756,N/A,Descalibración,Calibración de equipo,No,Cliente solicitó revisión urgente,Encargado de Servicio Técnico,COT-2025-0011,INF-2025-0011,PEN,168.42
2025,Recepción,2025-12-24,2026-01-05,12,NoPain Centro de Rehabilitación,Clínica,Comas,Recepción,955176955,nopaincentro7@gmail.com,"Av. Los Próceres 878, Comas",Laser baja potencia,Carsi,Lasermed 100mW,CAR-8058,Cánula láser,Falso contacto en cable de cánula láser,Cambio de cable de cánula láser,No,Se coordinó con el cliente por retraso de repuesto importado,Encargado de Servicio Técnico,COT-2025-0129,INF-2025-0129,PEN,101.73
2025,Visita,2025-12-24,2025-12-27,3,NoPain Centro de Rehabilitación,Clínica,Comas,Recepción,955176955,nopaincentro7@gmail.com,"Av. Los Próceres 878, Comas",Dermatoscopios,Dermlitex,DL4,DER-2915,Lente,Mantenimiento por limpieza de lente,Limpieza y mantenimiento de lente + Mantenimiento preventivo anual,Sí,"Equipo antiguo, se recomienda mantenimiento anual",Encargado de Servicio Técnico,COT-2025-0213,INF-2025-0213,PEN,158.57
2025,Recepción,2025-12-25,2025-12-29,4,Carlos Alberto Santos,Paciente / equipo propio,Chosica,Administración,997226012,carlosalbert4@outlook.com,"Av. Las Flores 959, Chosica",Magnetoterapia,Storz Medikal,Magnetolith,STO-9102,Cable de aplicador,Falso contacto en cable de aplicador (bobina),Cambio de cable de aplicador,No,Se coordinó con el cliente por retraso de repuesto importado,Practicante,COT-2025-0210,INF-2025-0210,PEN,81.06
2025,Recepción,2025-12-25,2025-12-31,6,IAFAS Fuerza Aeroespacial del Perú,Institución (VIP),Ate,Coordinación,984093639,iafasfuerzaa10@hotmail.com,"Av. La Marina 1366, Ate",Ultrasonido,Carsi,Sonomed V,CAR-1121,Teclado membrana,Falla en teclado membrana,Cambio de teclado membrana,No,,Encargado de Servicio Técnico,COT-2025-0278,INF-2025-0278,PEN,1108.43
2025,Recepción,2025-12-26,2026-01-01,6,Mefyre - Cuerpo de Emergencias,Institución,La Molina,Recepción,928728463,mefyrecuerpo1@outlook.com,"Av. Los Próceres 1485, La Molina",Magnetoterapia,Emme,Magnetomed 8400,EMM-8486,N/A,Descalibración,Calibración de equipo + Mantenimiento preventivo anual,Sí,Equipo con uso intensivo diario,Encargado de Servicio Técnico,COT-2025-0091,INF-2025-0091,PEN,239.37
2025,Recepción,2025-12-27,2025-12-28,1,IAFAS Fuerza Aeroespacial del Perú,Institución (VIP),Ate,Coordinación,984093639,iafasfuerzaa10@hotmail.com,"Av. La Marina 1366, Ate",Ultrasonido,Carsi,Sonomed IV,CAR-5275,N/A,Falla en placa de control (reparable),Reparación de placa de control + Mantenimiento preventivo anual,Sí,"Equipo antiguo, se recomienda mantenimiento anual",Practicante,COT-2025-0044,INF-2025-0044,PEN,2887.26
2025,Recepción,2025-12-27,2025-12-30,3,Mefyre - Cuerpo de Emergencias,Institución,La Molina,Recepción,928728463,mefyrecuerpo1@outlook.com,"Av. Los Próceres 1485, La Molina",Magnetoterapia,Meditek,Magnetherp 330,MED-8453,Cable de aplicador,Falso contacto en cable de aplicador (bobina),Cambio de cable de aplicador + Mantenimiento preventivo anual,Sí,Cliente solicitó revisión urgente,Encargado de Servicio Técnico,COT-2025-0253,INF-2025-0253,PEN,251.05
2025,Recepción,2025-12-28,2026-01-10,13,Mefyre - Cuerpo de Emergencias,Institución,La Molina,Recepción,928728463,mefyrecuerpo1@outlook.com,"Av. Los Próceres 1485, La Molina",Laser baja potencia,Carsi,Lasermed 60mW,CAR-8472,Cánula láser,Falso contacto en cable de cánula láser,Cambio de cable de cánula láser,No,Cliente solicitó revisión urgente,Encargado de Servicio Técnico,COT-2025-0067,INF-2025-0067,PEN,136.96
2025,Recepción,2025-12-28,2025-12-31,3,Alfa y Omega Rehabilitación,Clínica,La Molina,Administración,977827638,alfayomegare3@outlook.com,"Av. Los Próceres 1249, La Molina",Ultrasonido,Emme,Ultrasonic 1500,EMM-3429,Teclado membrana,Falla en teclado membrana,Cambio de teclado membrana,No,Cliente solicitó revisión urgente,Encargado de Servicio Técnico,COT-2025-0087,INF-2025-0087,PEN,223.26
2025,Recepción,2025-12-28,2025-12-30,2,NoPain Centro de Rehabilitación,Clínica,Comas,Recepción,955176955,nopaincentro7@gmail.com,"Av. Los Próceres 878, Comas",Electroterapia,Biomedikal,Quadstar II,BIO-1881,Cable de electrodos,Falso contacto en cable de electrodos,Cambio de cable de electrodos + Mantenimiento preventivo anual,Sí,Cliente solicitó revisión urgente,Encargado de Servicio Técnico,COT-2025-0322,INF-2025-0322,PEN,225.11
2025,Recepción,2025-12-29,2025-12-31,2,Parroquia Nuestra Señora de Chaclacayo,Institución,San Borja,Recepción,956164955,parroquianue8@outlook.com,"Av. El Sol 1752, San Borja",Laser baja potencia,Carsi,Lasermed 60mW,CAR-2854,Cánula láser,Falso contacto en cable de cánula láser,Cambio de cable de cánula láser + Mantenimiento preventivo anual,Sí,Sin observaciones adicionales,Practicante,COT-2025-0392,INF-2025-0392,PEN,234.87
2025,Recepción,2025-12-29,2026-01-03,5,Lic. Jorge Injante Terapia Física,Consultorio independiente,San Isidro,Coordinación,945935572,licjorgeinja19@gmail.com,"Av. Las Torres 1970, San Isidro",Ultrasonido,Carsi,Sonomed V,CAR-5916,N/A,Falla en placa de control (reparable),Reparación de placa de control,No,Se coordinó con el cliente por retraso de repuesto importado,Encargado de Servicio Técnico,COT-2025-0166,INF-2025-0166,PEN,252.69
2025,Recepción,2025-12-30,2026-01-03,4,NoPain Centro de Rehabilitación,Clínica,Comas,Recepción,955176955,nopaincentro7@gmail.com,"Av. Los Próceres 878, Comas",Magnetoterapia,Meditek,Magnetherp 200,MED-5237,Fusible,Fusible quemado,Cambio de fusibles + Mantenimiento preventivo anual,Sí,,Encargado de Servicio Técnico,COT-2025-0333,INF-2025-0333,PEN,123.09
2025,Recepción,2025-12-30,2026-01-08,9,Maribel Salud SAC,Clínica,San Miguel,Administración,966629388,maribelsalud2@gmail.com,"Av. Los Próceres 291, San Miguel",Magnetoterapia,Meditek,Magnetherp 330,MED-9682,Fusible,Fusible quemado,Cambio de fusibles + Mantenimiento preventivo anual,Sí,Cliente solicitó revisión urgente,Practicante,COT-2025-0310,INF-2025-0310,PEN,157.15
2025,Recepción,2025-12-30,2026-01-06,7,Maribel Salud SAC,Clínica,San Miguel,Administración,966629388,maribelsalud2@gmail.com,"Av. Los Próceres 291, San Miguel",Magnetoterapia,Emme,Magnetomed 8400,EMM-9336,Carcasa de bobina,Rotura de carcasa de bobina plana (orejas de correa),Cambio de carcasa de accesorio + Mantenimiento preventivo anual,Sí,Equipo con uso intensivo diario,Practicante,COT-2025-0171,INF-2025-0171,PEN,232.91
2025,Visita,2025-12-31,2026-01-02,2,Mefyre - Cuerpo de Emergencias,Institución,La Molina,Recepción,928728463,mefyrecuerpo1@outlook.com,"Av. Los Próceres 1485, La Molina",Electroterapia,Biomedikal,Quadstar II,BIO-1393,N/A,Falla en placa de control (equipo grande),Reparación de placa de control,No,Equipo con uso intensivo diario,Encargado de Servicio Técnico,COT-2025-0418,INF-2025-0418,PEN,426.06
2025,Recepción,2025-12-31,2026-01-14,14,Patricia Gómez Vásquez EIRL,Consultorio independiente,Cercado de Lima,Administración,924942603,patriciagóme0@gmail.com,"Av. La Marina 663, Cercado de Lima",Laser baja potencia,Carsi,Lasermed 100mW,CAR-9724,Cánula láser,Falso contacto en cable de cánula láser,Cambio de cable de cánula láser + Mantenimiento preventivo anual,Sí,Sin observaciones adicionales,Encargado de Servicio Técnico,COT-2025-0052,INF-2025-0052,PEN,222.25
2025,Recepción,2025-12-31,2026-01-10,10,Parroquia Nuestra Señora de Chaclacayo,Institución,San Borja,Recepción,956164955,parroquianue8@outlook.com,"Av. El Sol 1752, San Borja",Magnetoterapia,Meditek,Magnetherp 330 NG,MED-8979,N/A,Descalibración,Calibración de equipo,No,Cliente solicitó revisión urgente,Encargado de Servicio Técnico,COT-2025-0078,INF-2025-0078,PEN,94.14
2025,Recepción,2025-12-31,2026-01-01,1,Fisiosalud Andina SAC,Clínica,La Molina,Recepción,928566572,fisiosaludan23@outlook.com,"Av. Central 286, La Molina",Masoterapia,Genérico,Equipo de masoterapia,GEN-1416,N/A,Caso particular / falla no recurrente,Reparación según diagnóstico particular + Mantenimiento preventivo anual,Sí,Cliente solicitó revisión urgente,Practicante,COT-2025-0399,INF-2025-0399,PEN,252.57
